# WaveFront New Project.obj file generated with Prisma3D
v -1.697717 1.547982 -0.949489
v -1.872119 1.506366 -0.958048
v -1.872551 1.506593 -1.438601
v -1.698696 1.548497 -1.429917
v -2.035500 1.458950 -0.969139
v -2.035874 1.459147 -1.449706
v -1.871947 1.506275 -0.477435
v -2.034858 1.458613 -0.488634
v -1.696649 1.547420 -0.469082
v -2.192828 1.408351 -1.462274
v -2.192828 1.408351 -0.981622
v -2.345618 1.355363 -0.995147
v -2.345618 1.355363 -1.475800
v -2.192828 1.408351 -0.500969
v -2.345618 1.355363 -0.514494
v -2.345618 1.355363 -0.033841
v -2.192828 1.408351 -0.020316
v -2.192828 1.408351 0.460337
v -2.345618 1.355363 0.446812
v -2.035500 1.458950 -0.007834
v -2.035874 1.459147 0.472905
v -1.872552 1.506593 0.484010
v -1.872119 1.506366 0.003258
v -1.697717 1.547982 0.011817
v -1.698697 1.548497 0.492694
v -0.919741 1.602506 -0.936744
v -1.122093 1.616569 -0.937103
v -1.122047 1.617364 -1.417731
v -0.919636 1.604309 -1.417340
v -1.321084 1.607967 -0.939140
v -1.321418 1.608853 -1.419685
v -1.122111 1.616251 -0.456460
v -1.320510 1.606448 -0.458672
v -0.919855 1.600542 -0.456152
v -1.515101 1.585276 -1.423471
v -1.514669 1.585049 -0.942917
v -1.514496 1.584958 -0.462304
v -1.514669 1.585049 0.018388
v -1.515101 1.585276 0.499141
v -1.321084 1.607967 0.022166
v -1.321418 1.608853 0.502926
v -1.122047 1.617364 0.504881
v -1.122093 1.616569 0.024203
v -0.919741 1.602506 0.024562
v -0.919636 1.604309 0.505272
v -0.139570 1.375683 -0.939441
v -0.326787 1.454534 -0.938483
v -0.326549 1.454716 -1.419145
v -0.139030 1.376096 -1.420113
v -0.520559 1.520381 -0.937569
v -0.520313 1.521228 -1.418208
v -0.326882 1.454461 -0.457827
v -0.520981 1.518929 -0.456940
v -0.140158 1.375232 -0.458767
v -0.718265 1.573335 -1.417511
v -0.718311 1.572540 -0.936884
v -0.718330 1.572222 -0.456241
v -0.718312 1.572540 0.024423
v -0.718265 1.573335 0.505100
v -0.520559 1.520381 0.023737
v -0.520313 1.521228 0.504404
v -0.326549 1.454716 0.503467
v -0.326787 1.454534 0.022823
v -0.139570 1.375683 0.021865
v -0.139030 1.376096 0.502499
v 0.562753 0.974529 -0.943728
v 0.392272 1.095662 -0.942118
v 0.392273 1.096252 -1.422746
v 0.562756 0.975866 -1.424324
v 0.219255 1.199830 -0.941057
v 0.219463 1.200500 -1.421696
v 0.392271 1.095426 -0.461476
v 0.218899 1.198683 -0.460429
v 0.562750 0.973071 -0.463136
v 0.043124 1.293364 -1.420889
v 0.042885 1.293182 -0.940227
v 0.042790 1.293109 -0.459571
v 0.042885 1.293182 0.021079
v 0.043123 1.293364 0.501723
v 0.219255 1.199830 0.020249
v 0.219462 1.200500 0.500916
v 0.392273 1.096252 0.499866
v 0.392272 1.095662 0.019188
v 0.562753 0.974529 0.017578
v 0.562756 0.975866 0.498288
v 0.733207 0.841593 0.015469
v 0.733208 0.842183 0.496147
v 0.903625 0.693610 0.012721
v 0.903626 0.694121 0.493396
v 0.733206 0.841357 -0.465194
v 0.903623 0.692733 -0.467969
v 1.074024 0.537365 0.490276
v 1.074024 0.537365 0.009623
v 1.244409 0.374923 0.006262
v 1.244408 0.374923 0.486915
v 1.074024 0.537365 -0.471030
v 1.244409 0.374923 -0.474391
v 1.244409 0.374923 -0.955044
v 1.074024 0.537365 -0.951683
v 1.074024 0.537365 -1.432336
v 1.244409 0.374923 -1.435697
v 0.903625 0.693610 -0.948585
v 0.903626 0.694121 -1.429216
v 0.733208 0.842183 -1.426465
v 0.733207 0.841593 -0.945837
v 1.467635 1.121185 -3.354260
v 1.454117 1.068014 -3.513252
v 1.892564 0.969198 -3.540554
v 1.905989 1.022614 -3.382098
v 1.442571 1.009891 -3.661594
v 1.881031 0.911049 -3.688848
v 1.015613 1.166952 -3.486193
v 1.004152 1.108614 -3.634088
v 1.029292 1.219719 -3.326336
v 1.870639 0.850040 -3.830987
v 1.432108 0.949053 -3.804093
v 1.422454 0.886171 -3.942204
v 1.860987 0.787159 -3.969099
v 0.993576 1.048062 -3.777205
v 0.983924 0.985184 -3.915314
v 0.545396 1.084197 -3.888429
v 0.555046 1.147076 -3.750315
v 0.116515 1.246088 -3.723429
v 0.106864 1.183207 -3.861534
v 0.565508 1.207916 -3.607819
v 0.126910 1.307096 -3.581290
v 0.138445 1.365245 -3.433002
v 0.577054 1.266038 -3.459470
v 0.590571 1.319210 -3.300478
v 0.151866 1.418664 -3.274538
v 1.524916 1.233719 -2.634402
v 1.512969 1.230785 -2.824064
v 1.951635 1.132506 -2.850983
v 1.963758 1.136371 -2.661355
v 1.498270 1.207120 -3.008610
v 1.936860 1.108914 -3.035886
v 1.074382 1.329502 -2.797165
v 1.059647 1.304754 -2.981057
v 1.086039 1.330923 -2.607442
v 1.921153 1.071662 -3.214220
v 1.482701 1.170479 -3.186908
v 1.044201 1.269411 -3.159855
v 0.605640 1.368501 -3.133132
v 0.167030 1.467706 -3.106658
v 0.621210 1.405147 -2.954832
v 0.182734 1.504961 -2.928332
v 0.197517 1.528555 -2.743426
v 0.635909 1.428809 -2.770288
v 0.647856 1.431745 -2.580623
v 0.209642 1.532416 -2.553799
v 1.540182 1.086995 -1.887537
v 1.541118 1.144510 -2.068986
v 1.979710 1.045682 -2.095671
v 1.978849 0.988397 -1.913965
v 1.539005 1.189666 -2.255345
v 1.977711 1.091449 -2.282084
v 1.102563 1.243448 -2.042178
v 1.100176 1.287317 -2.228718
v 1.101497 1.185555 -1.861152
v 1.972735 1.123719 -2.471086
v 1.534067 1.221996 -2.444165
v 1.095482 1.320717 -2.417266
v 0.657009 1.420023 -2.390387
v 0.218617 1.519767 -2.363527
v 0.661945 1.387690 -2.201568
v 0.223589 1.487496 -2.174526
v 0.225589 1.441728 -1.988113
v 0.664056 1.342534 -2.015206
v 0.663118 1.285018 -1.833758
v 0.224728 1.384443 -1.806405
v 1.516218 0.775133 -1.197220
v 1.526271 0.872589 -1.366937
v 1.964896 0.774119 -1.393877
v 1.954966 0.677350 -1.224226
v 1.533235 0.954284 -1.537485
v 1.971906 0.855902 -1.564244
v 1.087699 0.971384 -1.340026
v 1.094472 1.052219 -1.510823
v 1.077453 0.872803 -1.170203
v 1.976589 0.926993 -1.736861
v 1.538000 1.025823 -1.710175
v 1.099444 1.124757 -1.683368
v 0.660940 1.223843 -1.656397
v 0.222469 1.323039 -1.629303
v 0.656176 1.152307 -1.483707
v 0.217781 1.251947 -1.456685
v 0.210773 1.170167 -1.286318
v 0.649208 1.070612 -1.313158
v 0.639160 0.973156 -1.143441
v 0.200846 1.073396 -1.116668
v 0.627203 0.864846 -0.972696
v 0.188770 0.964401 -0.945857
v 0.612821 0.742695 -0.800636
v 0.174371 0.842177 -0.773792
v 1.065697 0.765617 -0.999563
v 1.051210 0.642877 -0.827449
v 0.158571 0.711959 -0.600967
v 0.597099 0.612947 -0.627859
v 0.580383 0.477499 -0.454539
v 0.141851 0.576511 -0.427651
v 1.035632 0.513935 -0.654747
v 1.018911 0.378487 -0.481430
v 1.457436 0.279475 -0.508318
v 1.474162 0.414923 -0.681636
v 1.912691 0.315911 -0.708526
v 1.895971 0.180464 -0.535205
v 1.489880 0.544672 -0.854415
v 1.928490 0.446130 -0.881350
v 1.942889 0.568354 -1.053414
v 1.504265 0.666822 -1.026475
v 0.705588 1.290839 2.175883
v 0.694528 1.236912 2.334969
v 0.246480 1.284779 2.343149
v 0.257690 1.338913 2.184597
v 0.680455 1.178874 2.483282
v 0.232391 1.226723 2.491403
v 1.142647 1.189141 2.327043
v 1.128446 1.130927 2.474894
v 1.153462 1.242734 2.167084
v 0.216560 1.166288 2.633431
v 0.664727 1.118580 2.625674
v 0.647759 1.056595 2.763631
v 0.199592 1.104304 2.771389
v 1.112895 1.070873 2.617919
v 1.095927 1.008887 2.755874
v 1.544094 0.961179 2.748116
v 1.561065 1.023164 2.610161
v 2.009231 0.975455 2.602404
v 1.992260 0.913471 2.740359
v 1.576791 1.083458 2.467767
v 2.025057 1.035889 2.460378
v 2.039150 1.093949 2.312119
v 1.590864 1.141496 2.319459
v 1.601922 1.195424 2.160372
v 2.050358 1.148082 2.153572
v 0.718052 1.412262 1.454651
v 0.720402 1.406595 1.644778
v 0.272338 1.455045 1.652565
v 0.270119 1.461645 1.462476
v 0.718890 1.380376 1.829725
v 0.270915 1.428861 1.837873
v 1.168528 1.358591 1.637013
v 1.166729 1.331330 1.821295
v 1.165967 1.362727 1.446823
v 0.266236 1.389413 2.016527
v 0.714285 1.341545 2.008345
v 1.162405 1.293773 2.000423
v 1.610621 1.246130 1.992833
v 2.058907 1.198581 1.985499
v 1.615225 1.284962 1.814213
v 2.063587 1.238032 1.806846
v 2.065010 1.264210 1.621537
v 1.616739 1.311178 1.629268
v 1.614389 1.316845 1.439139
v 2.062790 1.270814 1.431446
v 0.687869 1.274345 0.705886
v 0.697853 1.330070 0.887795
v 0.249694 1.377970 0.895347
v 0.239722 1.322490 0.713177
v 0.706532 1.373123 1.074633
v 0.258462 1.421641 1.082238
v 1.146016 1.282285 0.880121
v 1.154534 1.324033 1.067139
v 1.136013 1.226162 0.698636
v 0.265585 1.451581 1.271723
v 0.713649 1.403133 1.263937
v 1.161775 1.355129 1.256169
v 1.609985 1.307718 1.248424
v 2.058253 1.260749 1.240696
v 1.602866 1.277708 1.059120
v 2.051132 1.230809 1.051210
v 2.042364 1.187138 0.864320
v 1.594190 1.234654 0.872282
v 1.584206 1.178929 0.690372
v 2.032391 1.131655 0.682150
v 0.639196 0.967603 0.013848
v 0.653924 1.064052 0.183996
v 0.205840 1.112305 0.191806
v 0.191216 1.016547 0.021724
v 0.666456 1.144575 0.354968
v 0.218368 1.192923 0.362592
v 1.102060 1.016125 0.176218
v 1.114486 1.095772 0.347439
v 1.087158 0.918549 0.005962
v 0.229550 1.262675 0.535635
v 0.677707 1.214774 0.528083
v 1.125872 1.166989 0.520409
v 1.574042 1.119358 0.512570
v 2.022221 1.071842 0.504608
v 1.562792 1.049160 0.339455
v 2.011038 1.002090 0.331566
v 1.998510 0.921471 0.160779
v 1.550260 0.968634 0.168483
v 1.535531 0.872188 -0.001665
v 1.983885 0.825715 -0.009302
v 1.519151 0.764836 -0.172859
v 1.967398 0.717673 -0.180562
v 1.500662 0.643581 -0.345386
v 1.948903 0.596346 -0.353099
v 1.070947 0.812326 -0.165124
v 1.052373 0.690479 -0.337707
v 1.929190 0.466985 -0.526403
v 1.481024 0.514693 -0.518645
v 1.460515 0.380080 -0.692453
v 1.908683 0.332372 -0.700212
v 1.032853 0.562401 -0.510888
v 1.012347 0.427787 -0.684697
v 0.564179 0.475496 -0.676939
v 0.584687 0.610109 -0.503132
v 0.136521 0.657817 -0.495373
v 0.116013 0.523205 -0.669183
v 0.604329 0.738998 -0.329874
v 0.156234 0.787178 -0.322071
v 0.174730 0.908505 -0.149537
v 0.622814 0.860252 -0.157346
v 4.386360 1.398190 -0.158442
v 4.571146 1.338000 -0.142127
v 4.571873 1.398824 0.376416
v 4.387710 1.459257 0.359933
v 4.743448 1.272941 -0.122469
v 4.744104 1.333739 0.396095
v 4.570718 1.277294 -0.660748
v 4.742487 1.212024 -0.640948
v 4.384913 1.337087 -0.676793
v 4.909131 1.265837 0.417706
v 4.908897 1.205205 -0.100971
v 5.069203 1.135466 -0.078097
v 5.069448 1.196099 0.440578
v 4.908661 1.144573 -0.619647
v 5.068967 1.074833 -0.596772
v 5.068735 1.014200 -1.115449
v 4.908429 1.083939 -1.138325
v 4.908191 1.023306 -1.657000
v 5.068497 0.953567 -1.634121
v 4.742980 1.151673 -1.159821
v 4.743166 1.091206 -1.678605
v 4.570927 1.156294 -1.698288
v 4.570678 1.216735 -1.179480
v 4.385899 1.276929 -1.195793
v 4.386765 1.216727 -1.714767
v 3.549590 1.528961 -0.187291
v 3.769928 1.524937 -0.186528
v 3.770191 1.586426 0.332020
v 3.549888 1.591531 0.331096
v 3.984469 1.497077 -0.181141
v 3.985153 1.558613 0.337311
v 3.769688 1.463959 -0.705152
v 3.983467 1.434890 -0.699430
v 3.549291 1.466214 -0.705655
v 4.192512 1.515386 0.346413
v 4.191788 1.454561 -0.172132
v 4.191365 1.393855 -0.690754
v 4.191319 1.333300 -1.209485
v 4.191573 1.272852 -1.728290
v 3.983997 1.375814 -1.218493
v 3.984210 1.316087 -1.737397
v 3.769247 1.343892 -1.742687
v 3.769460 1.403669 -1.223884
v 3.549122 1.407694 -1.224646
v 3.548940 1.349002 -1.743608
v 2.683604 1.359454 -0.164134
v 2.893743 1.426340 -0.173095
v 2.893739 1.487195 0.345563
v 2.683293 1.420587 0.354505
v 3.109741 1.478630 -0.180304
v 3.109791 1.540199 0.338243
v 2.893603 1.365621 -0.691765
v 3.109824 1.416402 -0.698770
v 2.683962 1.298277 -0.682769
v 3.328995 1.577353 0.333040
v 3.328732 1.515865 -0.185507
v 3.328487 1.454888 -0.704133
v 3.328262 1.394599 -1.222861
v 3.328055 1.334822 -1.741661
v 3.109271 1.357367 -1.217659
v 3.108849 1.297665 -1.736459
v 2.892799 1.244660 -1.729140
v 2.893275 1.305074 -1.210452
v 2.683132 1.238188 -1.201488
v 2.682355 1.178053 -1.720200
v 1.885239 0.995371 -0.116525
v 2.081298 1.109215 -0.131680
v 2.081590 1.170479 0.386892
v 1.885600 1.057434 0.401923
v 2.278487 1.204651 -0.144086
v 2.278562 1.266022 0.374489
v 2.081041 1.048329 -0.650317
v 2.278526 1.142753 -0.662585
v 1.884869 0.933179 -0.634948
v 2.478267 1.349023 0.363811
v 2.478270 1.288169 -0.154847
v 2.478132 1.227448 -0.673516
v 2.477800 1.166903 -1.192199
v 2.477324 1.106491 -1.710892
v 2.278017 1.083383 -1.181440
v 2.277620 1.023490 -1.700214
v 2.080650 0.927946 -1.687811
v 2.080830 0.987947 -1.169034
v 1.884769 0.874106 -1.153875
v 1.884660 0.814903 -1.672779
v 1.687610 0.747637 -1.136693
v 1.687434 0.687635 -1.655469
v 1.489061 0.605069 -1.116932
v 1.488871 0.544985 -1.635695
v 1.687825 0.808018 -0.617975
v 1.489212 0.664765 -0.598104
v 1.289501 0.393033 -1.614430
v 1.289737 0.453664 -1.095755
v 1.089842 0.295631 -1.073515
v 1.089606 0.234998 -1.592191
v 1.289973 0.514297 -0.577076
v 1.090077 0.356263 -0.554837
v 1.090314 0.416896 -0.036160
v 1.290209 0.574930 -0.058403
v 1.290447 0.635563 0.460269
v 1.090548 0.477530 0.482512
v 1.489527 0.726336 -0.079580
v 1.489811 0.787515 0.439006
v 1.688370 0.930166 0.419231
v 1.688084 0.868902 -0.099340
v 1.798482 2.150945 1.307505
v 1.854512 2.155874 1.450096
v 1.480411 2.150306 1.618661
v 1.424634 2.145742 1.476374
v 1.905480 2.153512 1.586445
v 1.531349 2.147904 1.754977
v 2.228725 2.161614 1.281681
v 2.279479 2.158938 1.417765
v 2.172286 2.156094 1.138578
v 1.579362 2.141289 1.887687
v 1.953663 2.147141 1.719368
v 1.999759 2.137771 1.849712
v 1.625464 2.131925 2.018041
v 2.327964 2.152998 1.551046
v 2.374059 2.143628 1.681394
v 2.748358 2.149481 1.513077
v 2.702265 2.158853 1.382728
v 3.076557 2.164703 1.214409
v 3.122657 2.155333 1.344758
v 2.654078 2.165221 1.249809
v 3.028550 2.171320 1.081705
v 2.977602 2.173720 0.945382
v 2.603114 2.167583 1.113463
v 2.547080 2.162656 0.970873
v 2.921828 2.169152 0.803103
v 1.542258 2.020669 0.706665
v 1.608291 2.077855 0.856240
v 1.233914 2.072645 1.024354
v 1.167786 2.016281 0.874528
v 1.674231 2.115589 1.008422
v 1.300035 2.110543 1.176779
v 1.982625 2.083447 0.688004
v 2.048344 2.120059 0.840040
v 1.916751 2.024932 0.538847
v 1.364377 2.134730 1.328579
v 1.738478 2.140301 1.160017
v 2.112697 2.146038 0.991605
v 2.487077 2.152006 0.823378
v 2.861577 2.158144 0.655308
v 2.422825 2.127301 0.671783
v 2.797243 2.133961 0.503502
v 2.731114 2.096058 0.351077
v 2.356893 2.089560 0.519602
v 2.290860 2.032379 0.370028
v 2.664984 2.039691 0.201247
v 1.302299 1.658007 0.166060
v 1.357606 1.765150 0.290778
v 0.983200 1.759393 0.458883
v 0.927762 1.652374 0.333895
v 1.416414 1.863060 0.423059
v 1.041959 1.857850 0.591014
v 1.731944 1.770965 0.122543
v 1.790984 1.867817 0.255355
v 1.676859 1.663619 -0.001733
v 1.103412 1.945385 0.729271
v 1.477788 1.950593 0.561153
v 1.852120 1.956188 0.392916
v 2.226388 1.962298 0.224515
v 2.600608 1.968796 0.055995
v 2.165011 1.874766 0.086418
v 2.539151 1.881262 -0.082262
v 2.480396 1.782803 -0.214393
v 2.106208 1.776855 -0.045860
v 2.050897 1.669711 -0.170580
v 2.424958 1.675783 -0.339380
v 1.105153 1.169290 -0.280411
v 1.151000 1.307494 -0.177005
v 0.776661 1.302129 -0.008814
v 0.730760 1.164541 -0.112382
v 1.199019 1.432291 -0.068090
v 0.824592 1.426944 0.099933
v 1.525317 1.313152 -0.345272
v 1.573535 1.437277 -0.235902
v 1.479555 1.173944 -0.448413
v 0.874697 1.543176 0.213705
v 1.249099 1.548931 0.045600
v 1.623438 1.554745 -0.122634
v 1.997697 1.560636 -0.291039
v 2.371892 1.566585 -0.459572
v 1.947618 1.443996 -0.404728
v 2.321788 1.450354 -0.573343
v 2.273856 1.325537 -0.682090
v 1.899601 1.319200 -0.513643
v 1.853754 1.180997 -0.617049
v 2.227952 1.187954 -0.785656
v 1.808742 1.033075 -0.717893
v 2.182999 1.039414 -0.886337
v 1.764800 0.872759 -0.815461
v 2.139059 0.879035 -0.983891
v 1.434458 1.027028 -0.549521
v 1.390562 0.866185 -0.646953
v 2.095739 0.711494 -1.079558
v 1.721440 0.705641 -0.911240
v 1.678526 0.533421 -1.005667
v 2.052822 0.539272 -1.173986
v 1.347139 0.699787 -0.742919
v 1.304225 0.527565 -0.837347
v 0.929922 0.521714 -0.669028
v 0.972842 0.693936 -0.574600
v 0.598547 0.688084 -0.406281
v 0.555627 0.515861 -0.500710
v 1.016199 0.861055 -0.478825
v 0.641867 0.855622 -0.310617
v 0.685802 1.016001 -0.213064
v 1.060142 1.021369 -0.381252
v 3.097027 2.441938 -1.840538
v 3.231379 2.464638 -1.947119
v 3.536287 2.467625 -1.598555
v 3.402137 2.445384 -1.492321
v 3.361403 2.478329 -2.046618
v 3.666276 2.481272 -1.698007
v 2.926582 2.461851 -2.295847
v 3.056420 2.475154 -2.395043
v 2.791871 2.438420 -2.188690
v 3.793791 2.489708 -1.793375
v 3.489055 2.487066 -2.142214
v 3.614912 2.492102 -2.234897
v 3.919667 2.494755 -1.886058
v 3.184323 2.484420 -2.491065
v 3.310188 2.489460 -2.583741
v 3.005439 2.486820 -2.932587
v 2.879591 2.481784 -2.839917
v 2.574850 2.479135 -3.188754
v 2.700717 2.484175 -3.281430
v 2.751931 2.473043 -2.744307
v 2.447349 2.470701 -3.093392
v 2.317341 2.457058 -2.993934
v 2.621913 2.459349 -2.644815
v 2.487565 2.436661 -2.538227
v 2.183206 2.434813 -2.887707
v 2.548312 2.222844 -1.375852
v 2.681733 2.305244 -1.492568
v 2.986212 2.308578 -1.143537
v 2.852468 2.227087 -1.026586
v 2.819905 2.366078 -1.611125
v 3.124567 2.369639 -1.262357
v 2.377103 2.302318 -1.841490
v 2.515300 2.361871 -1.959827
v 2.244211 2.218479 -1.725158
v 3.264193 2.415177 -1.379828
v 2.959285 2.412186 -1.728395
v 2.654488 2.409404 -2.077131
v 2.349810 2.406897 -2.426084
v 2.045251 2.404608 -2.775211
v 2.210435 2.360797 -2.308808
v 1.905619 2.359068 -2.657749
v 1.767273 2.298007 -2.538915
v 2.072262 2.299951 -2.190259
v 1.938843 2.217564 -2.073544
v 1.633518 2.216505 -2.421970
v 2.081870 1.749881 -0.961352
v 2.187183 1.885354 -1.055602
v 2.491715 1.888080 -0.706567
v 2.386143 1.752715 -0.612079
v 2.300387 2.011385 -1.156611
v 2.604718 2.014704 -0.807446
v 1.882530 1.882681 -1.404519
v 1.996331 2.007583 -1.506009
v 1.777633 1.747032 -1.310662
v 2.724493 2.129811 -0.913833
v 2.420009 2.126469 -1.262864
v 2.115379 2.123543 -1.611784
v 1.810539 2.121179 -1.960554
v 1.505552 2.119236 -2.309210
v 1.690910 2.006097 -1.854299
v 1.385779 2.004130 -2.202817
v 1.272776 1.877501 -2.101947
v 1.577710 1.880066 -1.753296
v 1.472395 1.744592 -1.659038
v 1.167199 1.742135 -2.007455
v 1.714926 1.146850 -0.630751
v 1.797392 1.314608 -0.706120
v 2.101953 1.317785 -0.357162
v 2.019274 1.150699 -0.281649
v 1.886377 1.467977 -0.786374
v 2.190792 1.471150 -0.437266
v 1.492723 1.311752 -1.055009
v 1.582197 1.464419 -1.135664
v 1.410619 1.142897 -0.979882
v 2.285158 1.615488 -0.521834
v 1.980626 1.612762 -0.870868
v 1.675971 1.610087 -1.219782
v 1.371158 1.607475 -1.568555
v 1.066216 1.604910 -1.917209
v 1.276906 1.462688 -1.484066
v 0.971847 1.460577 -1.832643
v 0.883010 1.307206 -1.752537
v 1.187917 1.309321 -1.403810
v 1.105456 1.141566 -1.328444
v 0.800335 1.140127 -1.677024
v 1.026428 0.963200 -1.255357
v 0.721527 0.961087 -1.604088
v 0.951795 0.771308 -1.185188
v 0.646910 0.769124 -1.533927
v 1.331236 0.965633 -0.906557
v 1.256780 0.773163 -0.836510
v 0.574820 0.569345 -1.465451
v 0.879554 0.571989 -1.116610
v 0.809128 0.367101 -1.049239
v 0.504396 0.364456 -1.398081
v 1.184293 0.574631 -0.767763
v 1.113864 0.369741 -0.700391
v 1.418603 0.372387 -0.351540
v 1.489032 0.577277 -0.418920
v 1.793764 0.579921 -0.070079
v 1.723337 0.375030 -0.002699
v 1.561264 0.776595 -0.487495
v 1.865850 0.779697 -0.138554
v 1.940464 0.971659 -0.208708
v 1.635906 0.968486 -0.557668
v -0.116325 2.601803 -2.611939
v -0.228874 2.623891 -2.746786
v 0.119614 2.622839 -3.067969
v 0.231803 2.601214 -2.933324
v -0.334082 2.636785 -2.877297
v 0.014455 2.635682 -3.198444
v -0.577531 2.625153 -2.425715
v -0.682424 2.637654 -2.556041
v -0.464387 2.602323 -2.290507
v -0.086472 2.643218 -3.326449
v -0.435246 2.644630 -3.005437
v -0.533392 2.648695 -3.131775
v -0.184618 2.647289 -3.452803
v -0.784030 2.646032 -2.684431
v -0.882169 2.650107 -2.810778
v -1.230949 2.651516 -2.489752
v -1.132816 2.647454 -2.363420
v -1.481586 2.648854 -2.042403
v -1.579723 2.652918 -2.168752
v -1.031640 2.639605 -2.235275
v -1.380663 2.641324 -1.914417
v -1.275499 2.628474 -1.783922
v -0.926437 2.626711 -2.104768
v -0.813882 2.604634 -1.969927
v -1.163318 2.606860 -1.649294
v 0.373114 2.382203 -2.060642
v 0.250360 2.465412 -2.194901
v 0.599337 2.464713 -2.515664
v 0.722342 2.382434 -2.381087
v 0.125548 2.526511 -2.333744
v 0.474252 2.526042 -2.654687
v -0.098500 2.466534 -1.873993
v -0.223092 2.526317 -2.012851
v 0.023844 2.381848 -1.740249
v 0.350477 2.571469 -2.794880
v 0.001986 2.572524 -2.473697
v -0.346679 2.573789 -2.152625
v -0.695570 2.575343 -1.831674
v -1.044640 2.577115 -1.510838
v -0.572003 2.529335 -1.691723
v -0.920873 2.531675 -1.370636
v -0.795776 2.470352 -1.231620
v -0.447198 2.468226 -1.552879
v -0.324445 2.385026 -1.418623
v -0.672776 2.388063 -1.097036
v 0.808442 1.902083 -1.589477
v 0.709541 2.039840 -1.696144
v 1.058518 2.038517 -2.016950
v 1.157673 1.900872 -1.910029
v 0.603492 2.167872 -1.810601
v 0.952612 2.167160 -2.131215
v 0.360686 2.041220 -1.375215
v 0.254128 2.168091 -1.490259
v 0.459176 1.903276 -1.268964
v 0.840862 2.283956 -2.252135
v 0.491885 2.284647 -1.931373
v 0.143026 2.285765 -1.610463
v -0.205672 2.287461 -1.289351
v -0.554250 2.289591 -0.968094
v -0.094062 2.170693 -1.168575
v -0.442494 2.172793 -0.847173
v -0.336595 2.044151 -0.732912
v 0.011979 2.042659 -1.054120
v 0.110890 1.904898 -0.947452
v -0.237438 1.906502 -0.625983
v 1.154999 1.288028 -1.216488
v 1.076096 1.459019 -1.300627
v 1.424996 1.458157 -1.621469
v 1.504054 1.287856 -1.537121
v 0.991988 1.615225 -1.391153
v 1.341043 1.614360 -1.711845
v 0.727269 1.460209 -0.979681
v 0.642736 1.615694 -1.070688
v 0.805915 1.288095 -0.895895
v 1.252361 1.761282 -1.807666
v 0.903382 1.762606 -1.486859
v 0.554530 1.763980 -1.165926
v 0.205826 1.765423 -0.844839
v -0.142752 1.766914 -0.523621
v 0.294428 1.618041 -0.749130
v -0.054067 1.619999 -0.427802
v 0.029887 1.463787 -0.337423
v 0.378539 1.461835 -0.658601
v 0.457443 1.290850 -0.574469
v 0.108947 1.293494 -0.253082
v 0.533896 1.108976 -0.493674
v 0.185240 1.110929 -0.172502
v 0.607220 0.913222 -0.417152
v 0.258553 0.915104 -0.095998
v 0.882627 1.107350 -0.814754
v 0.955819 0.911005 -0.738408
v 0.330058 0.711257 -0.021950
v 0.678835 0.709848 -0.342960
v 0.749152 0.500758 -0.270533
v 0.400376 0.502165 0.050475
v 1.027616 0.708437 -0.663975
v 1.097933 0.499346 -0.591542
v 1.446719 0.497940 -0.912558
v 1.376390 0.707031 -0.984989
v 1.725164 0.705623 -1.305997
v 1.795494 0.496531 -1.233567
v 1.304780 0.910406 -1.059173
v 1.653660 0.909465 -1.380038
v 1.580354 1.105291 -1.456541
v 1.231454 1.106157 -1.135702
v -0.706178 2.729333 0.300476
v -0.857324 2.761671 0.377606
v -1.076473 2.818770 -0.025593
v -0.925555 2.786894 -0.102393
v -1.003644 2.784962 0.448057
v -1.222753 2.842011 0.044817
v -0.638295 2.704779 0.780955
v -0.784409 2.727679 0.851120
v -0.486750 2.671712 0.703284
v -1.366278 2.860030 0.111368
v -1.147321 2.803282 0.514826
v -1.288998 2.817884 0.578857
v -1.507973 2.874641 0.175394
v -0.928369 2.746528 0.918294
v -1.070051 2.761138 0.982315
v -0.851079 2.704386 1.385782
v -0.709413 2.689784 1.321766
v -0.490447 2.633025 1.725219
v -0.632132 2.647629 1.789240
v -0.565727 2.671460 1.254985
v -0.346937 2.615010 1.658666
v -0.200637 2.591767 1.588256
v -0.419412 2.648168 1.184536
v -0.268269 2.615848 1.107400
v -0.049735 2.559897 1.511462
v -0.095319 2.473709 -0.052934
v -0.241702 2.564512 0.038885
v -0.460302 2.621928 -0.364652
v -0.313460 2.531999 -0.456560
v -0.395284 2.634408 0.129817
v -0.614093 2.692054 -0.273484
v -0.022890 2.507488 0.442376
v -0.176578 2.576129 0.532993
v 0.122750 2.415304 0.350709
v -0.770401 2.747029 -0.185100
v -0.551251 2.689928 0.218102
v -0.332224 2.633036 0.621462
v -0.113333 2.576425 1.025028
v 0.105430 2.520032 1.428753
v 0.042633 2.520912 0.936737
v 0.261742 2.465047 1.340379
v 0.415531 2.394923 1.249197
v 0.196214 2.451003 0.845810
v 0.342595 2.360213 0.753992
v 0.562377 2.304987 1.157296
v 0.399049 1.973510 -0.394559
v 0.290201 2.114820 -0.314555
v 0.071493 2.171640 -0.718152
v 0.180651 2.030419 -0.798328
v 0.171275 2.247326 -0.230370
v -0.047152 2.304724 -0.634009
v 0.509061 2.058045 0.088958
v 0.389335 2.189483 0.173396
v 0.617398 1.916588 0.009233
v -0.174731 2.426886 -0.546824
v 0.043869 2.369466 -0.143289
v 0.262680 2.312442 0.260203
v 0.481782 2.255953 0.663636
v 0.701098 2.199881 1.067023
v 0.609197 2.133832 0.576554
v 0.828680 2.077714 0.979834
v 0.947319 1.944630 0.895695
v 0.728118 2.001314 0.492374
v 0.836969 1.860005 0.412362
v 1.056485 1.803408 0.815521
v 0.765458 1.351526 -0.685626
v 0.686154 1.523176 -0.616671
v 0.467445 1.580442 -1.020167
v 0.547054 1.409439 -1.089164
v 0.598006 1.681066 -0.545455
v 0.379473 1.738317 -0.949063
v 0.905018 1.466217 -0.213196
v 0.816237 1.623450 -0.141746
v 0.983804 1.293512 -0.282078
v 0.284249 1.887659 -0.875486
v 0.502958 1.830839 -0.471887
v 0.721821 1.774060 -0.068376
v 0.940871 1.717336 0.335037
v 1.160082 1.660648 0.738362
v 1.035922 1.567560 0.261473
v 1.255306 1.511314 0.664787
v 1.343278 1.353429 0.593679
v 1.124076 1.409670 0.190254
v 1.203370 1.238026 0.121299
v 1.422884 1.182435 0.524680
v 1.277764 1.056149 0.053017
v 1.496965 0.999907 0.456445
v 1.345890 0.861227 -0.014406
v 1.565061 0.804921 0.389025
v 1.058706 1.112698 -0.350434
v 1.126569 0.917221 -0.417819
v 1.629548 0.602394 0.322102
v 1.410590 0.659145 -0.081360
v 1.472702 0.451693 -0.147953
v 1.691658 0.394940 0.255506
v 1.191629 0.715896 -0.484826
v 1.253746 0.508441 -0.551419
v 1.034785 0.565197 -0.954889
v 0.972668 0.772651 -0.888284
v 0.753711 0.829402 -1.291744
v 0.815828 0.621948 -1.358348
v 0.907977 0.974732 -0.821333
v 0.689230 1.031925 -1.224820
v 0.621136 1.226914 -1.157405
v 0.839843 1.169652 -0.753911
v 2.405610 3.180825 -0.100778
v 2.544845 3.258448 -0.067120
v 2.444898 3.298860 0.355499
v 2.305876 3.221774 0.321726
v 2.679490 3.325712 -0.031210
v 2.579499 3.366070 0.391419
v 2.644913 3.218259 -0.489788
v 2.779355 3.285081 -0.453779
v 2.505293 3.139807 -0.523266
v 2.711459 3.427320 0.428661
v 2.811603 3.387302 0.005956
v 2.941809 3.444633 0.044035
v 2.841682 3.484665 0.466749
v 2.911746 3.347280 -0.416755
v 3.041950 3.404616 -0.378667
v 3.142074 3.364587 -0.801390
v 3.011887 3.307265 -0.839469
v 3.112014 3.267226 -1.262178
v 3.242226 3.324564 -1.224089
v 2.879761 3.245669 -0.876632
v 2.980061 3.205992 -1.299412
v 2.845446 3.138773 -1.335339
v 2.745129 3.178400 -0.912545
v 2.605886 3.100804 -0.946196
v 2.706434 3.061699 -1.369111
v 1.854401 2.748379 -0.202348
v 1.982178 2.879675 -0.184173
v 1.881561 2.920200 0.238354
v 1.753168 2.789568 0.219941
v 2.120359 2.993785 -0.160335
v 2.019957 3.034605 0.262140
v 2.082513 2.839453 -0.606807
v 2.220942 2.952404 -0.582631
v 1.955729 2.707124 -0.624597
v 2.162795 3.135558 0.289964
v 2.262755 3.095140 -0.132659
v 2.362831 3.054949 -0.555330
v 2.463030 3.015094 -0.978081
v 2.563351 2.975475 -1.400876
v 2.320633 2.913742 -1.005751
v 2.420519 2.874505 -1.428709
v 2.282115 2.760102 -1.452486
v 2.182456 2.799627 -1.029593
v 2.054677 2.668343 -1.047768
v 2.153718 2.629470 -1.470909
v 1.459911 2.126183 -0.234361
v 1.540631 2.291935 -0.231832
v 1.440221 2.331944 0.190823
v 1.359163 2.166169 0.188228
v 1.633211 2.452870 -0.225988
v 1.532418 2.493318 0.196505
v 1.640872 2.251926 -0.654515
v 1.734451 2.412136 -0.648345
v 1.560708 2.086210 -0.656941
v 1.635638 2.647519 0.205710
v 1.736253 2.606989 -0.216815
v 1.836589 2.566761 -0.639446
v 1.936536 2.526933 -1.062232
v 2.036192 2.487421 -1.485128
v 1.833481 2.372826 -1.071415
v 1.932966 2.333216 -1.494328
v 1.840779 2.171844 -1.500010
v 1.740907 2.211887 -1.077256
v 1.660181 2.046132 -1.079784
v 1.759716 2.006067 -1.502615
v 1.217396 1.433392 -0.222203
v 1.262752 1.617536 -0.230400
v 1.162278 1.657956 0.192168
v 1.116503 1.474316 0.200188
v 1.319422 1.791805 -0.234467
v 1.218772 1.832154 0.188076
v 1.363021 1.577350 -0.653055
v 1.420457 1.751222 -0.656890
v 1.318368 1.392397 -0.644566
v 1.284115 2.000825 0.186829
v 1.384521 1.960823 -0.235830
v 1.484762 1.920804 -0.658514
v 1.584801 1.880775 -1.081247
v 1.684664 1.840727 -1.504010
v 1.519705 1.711758 -1.079889
v 1.619319 1.672062 -1.502763
v 1.562830 1.497856 -1.498671
v 1.463027 1.537488 -1.075823
v 1.417675 1.353351 -1.067620
v 1.517050 1.314224 -1.490644
v 1.379001 1.161310 -1.056626
v 1.478807 1.121682 -1.479473
v 1.348862 0.959199 -1.042056
v 1.448707 0.919520 -1.464883
v 1.278999 1.201177 -0.633855
v 1.249213 0.998637 -0.619138
v 1.423523 0.711533 -1.448236
v 1.323389 0.751559 -1.025530
v 1.301434 0.539769 -1.007531
v 1.401571 0.499747 -1.430235
v 1.223249 0.791580 -0.602814
v 1.201294 0.579788 -0.584818
v 1.101155 0.619819 -0.162101
v 1.123116 0.831606 -0.180104
v 1.022977 0.871631 0.242602
v 1.001019 0.659838 0.260606
v 1.148578 1.039246 -0.196634
v 1.048156 1.079612 0.225950
v 1.078252 1.281774 0.211363
v 1.178727 1.241359 -0.211201
# 945 vertices

vt 0.331138 0.862575
vt 0.332900 0.892007
vt 0.417129 0.892083
vt 0.415350 0.862727
vt 0.334661 0.921439
vt 0.418908 0.921439
vt 0.248670 0.891932
vt 0.250414 0.921439
vt 0.246927 0.862424
vt 0.421278 0.948220
vt 0.337032 0.948220
vt 0.339402 0.975000
vt 0.423649 0.975000
vt 0.252785 0.948220
vt 0.255155 0.975000
vt 0.170909 0.975000
vt 0.168538 0.948220
vt 0.084292 0.948220
vt 0.086662 0.975000
vt 0.166168 0.921439
vt 0.081921 0.921439
vt 0.080142 0.892083
vt 0.164406 0.892007
vt 0.162645 0.862575
vt 0.078364 0.862727
vt 0.329100 0.724957
vt 0.329228 0.760546
vt 0.413471 0.760538
vt 0.413338 0.724941
vt 0.329357 0.796135
vt 0.413604 0.796135
vt 0.244986 0.760554
vt 0.245110 0.796135
vt 0.244862 0.724974
vt 0.414477 0.829431
vt 0.330248 0.829355
vt 0.246018 0.829279
vt 0.161754 0.829355
vt 0.077490 0.829431
vt 0.160864 0.796135
vt 0.076617 0.796135
vt 0.076484 0.760538
vt 0.160735 0.760546
vt 0.160607 0.724957
vt 0.076351 0.724941
vt 0.329661 0.587708
vt 0.329470 0.621148
vt 0.413719 0.621107
vt 0.413911 0.587624
vt 0.329280 0.654589
vt 0.413527 0.654589
vt 0.245222 0.621190
vt 0.245033 0.654589
vt 0.245411 0.587791
vt 0.413432 0.689765
vt 0.329190 0.689773
vt 0.244948 0.689781
vt 0.160697 0.689773
vt 0.076446 0.689765
vt 0.160787 0.654589
vt 0.076540 0.654589
vt 0.076732 0.621107
vt 0.160977 0.621148
vt 0.161167 0.587708
vt 0.076924 0.587624
vt 0.360606 0.294598
vt 0.360319 0.320686
vt 0.471991 0.320823
vt 0.472272 0.294872
vt 0.360033 0.346774
vt 0.471710 0.346774
vt 0.248648 0.320549
vt 0.245645 0.525000
vt 0.248940 0.294324
vt 0.414024 0.556312
vt 0.329776 0.556354
vt 0.245528 0.556396
vt 0.161283 0.556354
vt 0.077038 0.556312
vt 0.161398 0.525000
vt 0.077151 0.525000
vt 0.025281 0.320823
vt 0.136964 0.320686
vt 0.137251 0.294598
vt 0.025562 0.294872
vt 0.137828 0.261654
vt 0.026145 0.261792
vt 0.138406 0.228711
vt 0.026728 0.228711
vt 0.249512 0.261517
vt 0.250083 0.228711
vt 0.027509 0.190968
vt 0.139187 0.190968
vt 0.139967 0.153226
vt 0.028290 0.153226
vt 0.250864 0.190968
vt 0.251645 0.153226
vt 0.363323 0.153226
vt 0.362542 0.190968
vt 0.474219 0.190968
vt 0.475000 0.153226
vt 0.361761 0.228711
vt 0.473438 0.228711
vt 0.472855 0.261792
vt 0.361183 0.261654
vt 0.331138 0.862575
vt 0.332900 0.892007
vt 0.417129 0.892083
vt 0.415350 0.862727
vt 0.334661 0.921439
vt 0.418908 0.921439
vt 0.248670 0.891932
vt 0.250414 0.921439
vt 0.246927 0.862424
vt 0.421278 0.948220
vt 0.337032 0.948220
vt 0.339402 0.975000
vt 0.423649 0.975000
vt 0.252785 0.948220
vt 0.255155 0.975000
vt 0.170909 0.975000
vt 0.168538 0.948220
vt 0.084292 0.948220
vt 0.086662 0.975000
vt 0.166168 0.921439
vt 0.081921 0.921439
vt 0.080142 0.892083
vt 0.164406 0.892007
vt 0.162645 0.862575
vt 0.078364 0.862727
vt 0.329100 0.724957
vt 0.329228 0.760546
vt 0.413471 0.760538
vt 0.413338 0.724941
vt 0.329357 0.796135
vt 0.413604 0.796135
vt 0.244986 0.760554
vt 0.245110 0.796135
vt 0.244862 0.724974
vt 0.414477 0.829431
vt 0.330248 0.829355
vt 0.246018 0.829279
vt 0.161754 0.829355
vt 0.077490 0.829431
vt 0.160864 0.796135
vt 0.076617 0.796135
vt 0.076484 0.760538
vt 0.160735 0.760546
vt 0.160607 0.724957
vt 0.076351 0.724941
vt 0.329661 0.587708
vt 0.329470 0.621148
vt 0.413719 0.621107
vt 0.413911 0.587624
vt 0.329280 0.654589
vt 0.413527 0.654589
vt 0.245222 0.621190
vt 0.245033 0.654589
vt 0.245411 0.587791
vt 0.413432 0.689765
vt 0.329190 0.689773
vt 0.244948 0.689781
vt 0.160697 0.689773
vt 0.076446 0.689765
vt 0.160787 0.654589
vt 0.076540 0.654589
vt 0.076732 0.621107
vt 0.160977 0.621148
vt 0.161167 0.587708
vt 0.076924 0.587624
vt 0.360606 0.294598
vt 0.360319 0.320686
vt 0.471991 0.320823
vt 0.472272 0.294872
vt 0.360033 0.346774
vt 0.471710 0.346774
vt 0.248648 0.320549
vt 0.245645 0.525000
vt 0.248940 0.294324
vt 0.414024 0.556312
vt 0.329776 0.556354
vt 0.245528 0.556396
vt 0.161283 0.556354
vt 0.077038 0.556312
vt 0.161398 0.525000
vt 0.077151 0.525000
vt 0.025281 0.320823
vt 0.136964 0.320686
vt 0.137251 0.294598
vt 0.025562 0.294872
vt 0.137828 0.261654
vt 0.026145 0.261792
vt 0.138406 0.228711
vt 0.026728 0.228711
vt 0.249512 0.261517
vt 0.250083 0.228711
vt 0.027509 0.190968
vt 0.139187 0.190968
vt 0.139967 0.153226
vt 0.028290 0.153226
vt 0.250864 0.190968
vt 0.251645 0.153226
vt 0.363323 0.153226
vt 0.362542 0.190968
vt 0.474219 0.190968
vt 0.475000 0.153226
vt 0.361761 0.228711
vt 0.473438 0.228711
vt 0.472855 0.261792
vt 0.361183 0.261654
vt 0.331138 0.862575
vt 0.332900 0.892007
vt 0.417129 0.892083
vt 0.415350 0.862727
vt 0.334661 0.921439
vt 0.418908 0.921439
vt 0.248670 0.891932
vt 0.250414 0.921439
vt 0.246927 0.862424
vt 0.421278 0.948220
vt 0.337032 0.948220
vt 0.339402 0.975000
vt 0.423649 0.975000
vt 0.252785 0.948220
vt 0.255155 0.975000
vt 0.170909 0.975000
vt 0.168538 0.948220
vt 0.084292 0.948220
vt 0.086662 0.975000
vt 0.166168 0.921439
vt 0.081921 0.921439
vt 0.080142 0.892083
vt 0.164406 0.892007
vt 0.162645 0.862575
vt 0.078364 0.862727
vt 0.329100 0.724957
vt 0.329228 0.760546
vt 0.413471 0.760538
vt 0.413338 0.724941
vt 0.329357 0.796135
vt 0.413604 0.796135
vt 0.244986 0.760554
vt 0.245110 0.796135
vt 0.244862 0.724974
vt 0.414477 0.829431
vt 0.330248 0.829355
vt 0.246018 0.829279
vt 0.161754 0.829355
vt 0.077490 0.829431
vt 0.160864 0.796135
vt 0.076617 0.796135
vt 0.076484 0.760538
vt 0.160735 0.760546
vt 0.160607 0.724957
vt 0.076351 0.724941
vt 0.329661 0.587708
vt 0.329470 0.621148
vt 0.413719 0.621107
vt 0.413911 0.587624
vt 0.329280 0.654589
vt 0.413527 0.654589
vt 0.245222 0.621190
vt 0.245033 0.654589
vt 0.245411 0.587791
vt 0.413432 0.689765
vt 0.329190 0.689773
vt 0.244948 0.689781
vt 0.160697 0.689773
vt 0.076446 0.689765
vt 0.160787 0.654589
vt 0.076540 0.654589
vt 0.076732 0.621107
vt 0.160977 0.621148
vt 0.161167 0.587708
vt 0.076924 0.587624
vt 0.360606 0.294598
vt 0.360319 0.320686
vt 0.471991 0.320823
vt 0.472272 0.294872
vt 0.360033 0.346774
vt 0.471710 0.346774
vt 0.248648 0.320549
vt 0.245645 0.525000
vt 0.248940 0.294324
vt 0.414024 0.556312
vt 0.329776 0.556354
vt 0.245528 0.556396
vt 0.161283 0.556354
vt 0.077038 0.556312
vt 0.161398 0.525000
vt 0.077151 0.525000
vt 0.025281 0.320823
vt 0.136964 0.320686
vt 0.137251 0.294598
vt 0.025562 0.294872
vt 0.137828 0.261654
vt 0.026145 0.261792
vt 0.138406 0.228711
vt 0.026728 0.228711
vt 0.249512 0.261517
vt 0.250083 0.228711
vt 0.027509 0.190968
vt 0.139187 0.190968
vt 0.139967 0.153226
vt 0.028290 0.153226
vt 0.250864 0.190968
vt 0.251645 0.153226
vt 0.363323 0.153226
vt 0.362542 0.190968
vt 0.474219 0.190968
vt 0.475000 0.153226
vt 0.361761 0.228711
vt 0.473438 0.228711
vt 0.472855 0.261792
vt 0.361183 0.261654
vt 0.331138 0.862575
vt 0.332900 0.892007
vt 0.417129 0.892083
vt 0.415350 0.862727
vt 0.334661 0.921439
vt 0.418908 0.921439
vt 0.248670 0.891932
vt 0.250414 0.921439
vt 0.246927 0.862424
vt 0.421278 0.948220
vt 0.337032 0.948220
vt 0.339402 0.975000
vt 0.423649 0.975000
vt 0.252785 0.948220
vt 0.255155 0.975000
vt 0.170909 0.975000
vt 0.168538 0.948220
vt 0.084292 0.948220
vt 0.086662 0.975000
vt 0.166168 0.921439
vt 0.081921 0.921439
vt 0.080142 0.892083
vt 0.164406 0.892007
vt 0.162645 0.862575
vt 0.078364 0.862727
vt 0.329100 0.724957
vt 0.329228 0.760546
vt 0.413471 0.760538
vt 0.413338 0.724941
vt 0.329357 0.796135
vt 0.413604 0.796135
vt 0.244986 0.760554
vt 0.245110 0.796135
vt 0.244862 0.724974
vt 0.414477 0.829431
vt 0.330248 0.829355
vt 0.246018 0.829279
vt 0.161754 0.829355
vt 0.077490 0.829431
vt 0.160864 0.796135
vt 0.076617 0.796135
vt 0.076484 0.760538
vt 0.160735 0.760546
vt 0.160607 0.724957
vt 0.076351 0.724941
vt 0.329661 0.587708
vt 0.329470 0.621148
vt 0.413719 0.621107
vt 0.413911 0.587624
vt 0.329280 0.654589
vt 0.413527 0.654589
vt 0.245222 0.621190
vt 0.245033 0.654589
vt 0.245411 0.587791
vt 0.413432 0.689765
vt 0.329190 0.689773
vt 0.244948 0.689781
vt 0.160697 0.689773
vt 0.076446 0.689765
vt 0.160787 0.654589
vt 0.076540 0.654589
vt 0.076732 0.621107
vt 0.160977 0.621148
vt 0.161167 0.587708
vt 0.076924 0.587624
vt 0.360606 0.294598
vt 0.360319 0.320686
vt 0.471991 0.320823
vt 0.472272 0.294872
vt 0.360033 0.346774
vt 0.471710 0.346774
vt 0.248648 0.320549
vt 0.245645 0.525000
vt 0.248940 0.294324
vt 0.414024 0.556312
vt 0.329776 0.556354
vt 0.245528 0.556396
vt 0.161283 0.556354
vt 0.077038 0.556312
vt 0.161398 0.525000
vt 0.077151 0.525000
vt 0.025281 0.320823
vt 0.136964 0.320686
vt 0.137251 0.294598
vt 0.025562 0.294872
vt 0.137828 0.261654
vt 0.026145 0.261792
vt 0.138406 0.228711
vt 0.026728 0.228711
vt 0.249512 0.261517
vt 0.250083 0.228711
vt 0.027509 0.190968
vt 0.139187 0.190968
vt 0.139967 0.153226
vt 0.028290 0.153226
vt 0.250864 0.190968
vt 0.251645 0.153226
vt 0.363323 0.153226
vt 0.362542 0.190968
vt 0.474219 0.190968
vt 0.475000 0.153226
vt 0.361761 0.228711
vt 0.473438 0.228711
vt 0.472855 0.261792
vt 0.361183 0.261654
vt 0.331138 0.862575
vt 0.332900 0.892007
vt 0.417129 0.892083
vt 0.415350 0.862727
vt 0.334661 0.921439
vt 0.418908 0.921439
vt 0.248670 0.891932
vt 0.250414 0.921439
vt 0.246927 0.862424
vt 0.421278 0.948220
vt 0.337032 0.948220
vt 0.339402 0.975000
vt 0.423649 0.975000
vt 0.252785 0.948220
vt 0.255155 0.975000
vt 0.170909 0.975000
vt 0.168538 0.948220
vt 0.084292 0.948220
vt 0.086662 0.975000
vt 0.166168 0.921439
vt 0.081921 0.921439
vt 0.080142 0.892083
vt 0.164406 0.892007
vt 0.162645 0.862575
vt 0.078364 0.862727
vt 0.329100 0.724957
vt 0.329228 0.760546
vt 0.413471 0.760538
vt 0.413338 0.724941
vt 0.329357 0.796135
vt 0.413604 0.796135
vt 0.244986 0.760554
vt 0.245110 0.796135
vt 0.244862 0.724974
vt 0.414477 0.829431
vt 0.330248 0.829355
vt 0.246018 0.829279
vt 0.161754 0.829355
vt 0.077490 0.829431
vt 0.160864 0.796135
vt 0.076617 0.796135
vt 0.076484 0.760538
vt 0.160735 0.760546
vt 0.160607 0.724957
vt 0.076351 0.724941
vt 0.329661 0.587708
vt 0.329470 0.621148
vt 0.413719 0.621107
vt 0.413911 0.587624
vt 0.329280 0.654589
vt 0.413527 0.654589
vt 0.245222 0.621190
vt 0.245033 0.654589
vt 0.245411 0.587791
vt 0.413432 0.689765
vt 0.329190 0.689773
vt 0.244948 0.689781
vt 0.160697 0.689773
vt 0.076446 0.689765
vt 0.160787 0.654589
vt 0.076540 0.654589
vt 0.076732 0.621107
vt 0.160977 0.621148
vt 0.161167 0.587708
vt 0.076924 0.587624
vt 0.360606 0.294598
vt 0.360319 0.320686
vt 0.471991 0.320823
vt 0.472272 0.294872
vt 0.360033 0.346774
vt 0.471710 0.346774
vt 0.248648 0.320549
vt 0.245645 0.525000
vt 0.248940 0.294324
vt 0.414024 0.556312
vt 0.329776 0.556354
vt 0.245528 0.556396
vt 0.161283 0.556354
vt 0.077038 0.556312
vt 0.161398 0.525000
vt 0.077151 0.525000
vt 0.025281 0.320823
vt 0.136964 0.320686
vt 0.137251 0.294598
vt 0.025562 0.294872
vt 0.137828 0.261654
vt 0.026145 0.261792
vt 0.138406 0.228711
vt 0.026728 0.228711
vt 0.249512 0.261517
vt 0.250083 0.228711
vt 0.027509 0.190968
vt 0.139187 0.190968
vt 0.139967 0.153226
vt 0.028290 0.153226
vt 0.250864 0.190968
vt 0.251645 0.153226
vt 0.363323 0.153226
vt 0.362542 0.190968
vt 0.474219 0.190968
vt 0.475000 0.153226
vt 0.361761 0.228711
vt 0.473438 0.228711
vt 0.472855 0.261792
vt 0.361183 0.261654
vt 0.331138 0.862575
vt 0.332900 0.892007
vt 0.417129 0.892083
vt 0.415350 0.862727
vt 0.334661 0.921439
vt 0.418908 0.921439
vt 0.248670 0.891932
vt 0.250414 0.921439
vt 0.246927 0.862424
vt 0.421278 0.948220
vt 0.337032 0.948220
vt 0.339402 0.975000
vt 0.423649 0.975000
vt 0.252785 0.948220
vt 0.255155 0.975000
vt 0.170909 0.975000
vt 0.168538 0.948220
vt 0.084292 0.948220
vt 0.086662 0.975000
vt 0.166168 0.921439
vt 0.081921 0.921439
vt 0.080142 0.892083
vt 0.164406 0.892007
vt 0.162645 0.862575
vt 0.078364 0.862727
vt 0.329100 0.724957
vt 0.329228 0.760546
vt 0.413471 0.760538
vt 0.413338 0.724941
vt 0.329357 0.796135
vt 0.413604 0.796135
vt 0.244986 0.760554
vt 0.245110 0.796135
vt 0.244862 0.724974
vt 0.414477 0.829431
vt 0.330248 0.829355
vt 0.246018 0.829279
vt 0.161754 0.829355
vt 0.077490 0.829431
vt 0.160864 0.796135
vt 0.076617 0.796135
vt 0.076484 0.760538
vt 0.160735 0.760546
vt 0.160607 0.724957
vt 0.076351 0.724941
vt 0.329661 0.587708
vt 0.329470 0.621148
vt 0.413719 0.621107
vt 0.413911 0.587624
vt 0.329280 0.654589
vt 0.413527 0.654589
vt 0.245222 0.621190
vt 0.245033 0.654589
vt 0.245411 0.587791
vt 0.413432 0.689765
vt 0.329190 0.689773
vt 0.244948 0.689781
vt 0.160697 0.689773
vt 0.076446 0.689765
vt 0.160787 0.654589
vt 0.076540 0.654589
vt 0.076732 0.621107
vt 0.160977 0.621148
vt 0.161167 0.587708
vt 0.076924 0.587624
vt 0.360606 0.294598
vt 0.360319 0.320686
vt 0.471991 0.320823
vt 0.472272 0.294872
vt 0.360033 0.346774
vt 0.471710 0.346774
vt 0.248648 0.320549
vt 0.245645 0.525000
vt 0.248940 0.294324
vt 0.414024 0.556312
vt 0.329776 0.556354
vt 0.245528 0.556396
vt 0.161283 0.556354
vt 0.077038 0.556312
vt 0.161398 0.525000
vt 0.077151 0.525000
vt 0.025281 0.320823
vt 0.136964 0.320686
vt 0.137251 0.294598
vt 0.025562 0.294872
vt 0.137828 0.261654
vt 0.026145 0.261792
vt 0.138406 0.228711
vt 0.026728 0.228711
vt 0.249512 0.261517
vt 0.250083 0.228711
vt 0.027509 0.190968
vt 0.139187 0.190968
vt 0.139967 0.153226
vt 0.028290 0.153226
vt 0.250864 0.190968
vt 0.251645 0.153226
vt 0.363323 0.153226
vt 0.362542 0.190968
vt 0.474219 0.190968
vt 0.475000 0.153226
vt 0.361761 0.228711
vt 0.473438 0.228711
vt 0.472855 0.261792
vt 0.361183 0.261654
vt 0.331138 0.862575
vt 0.332900 0.892007
vt 0.417129 0.892083
vt 0.415350 0.862727
vt 0.334661 0.921439
vt 0.418908 0.921439
vt 0.248670 0.891932
vt 0.250414 0.921439
vt 0.246927 0.862424
vt 0.421278 0.948220
vt 0.337032 0.948220
vt 0.339402 0.975000
vt 0.423649 0.975000
vt 0.252785 0.948220
vt 0.255155 0.975000
vt 0.170909 0.975000
vt 0.168538 0.948220
vt 0.084292 0.948220
vt 0.086662 0.975000
vt 0.166168 0.921439
vt 0.081921 0.921439
vt 0.080142 0.892083
vt 0.164406 0.892007
vt 0.162645 0.862575
vt 0.078364 0.862727
vt 0.329100 0.724957
vt 0.329228 0.760546
vt 0.413471 0.760538
vt 0.413338 0.724941
vt 0.329357 0.796135
vt 0.413604 0.796135
vt 0.244986 0.760554
vt 0.245110 0.796135
vt 0.244862 0.724974
vt 0.414477 0.829431
vt 0.330248 0.829355
vt 0.246018 0.829279
vt 0.161754 0.829355
vt 0.077490 0.829431
vt 0.160864 0.796135
vt 0.076617 0.796135
vt 0.076484 0.760538
vt 0.160735 0.760546
vt 0.160607 0.724957
vt 0.076351 0.724941
vt 0.329661 0.587708
vt 0.329470 0.621148
vt 0.413719 0.621107
vt 0.413911 0.587624
vt 0.329280 0.654589
vt 0.413527 0.654589
vt 0.245222 0.621190
vt 0.245033 0.654589
vt 0.245411 0.587791
vt 0.413432 0.689765
vt 0.329190 0.689773
vt 0.244948 0.689781
vt 0.160697 0.689773
vt 0.076446 0.689765
vt 0.160787 0.654589
vt 0.076540 0.654589
vt 0.076732 0.621107
vt 0.160977 0.621148
vt 0.161167 0.587708
vt 0.076924 0.587624
vt 0.360606 0.294598
vt 0.360319 0.320686
vt 0.471991 0.320823
vt 0.472272 0.294872
vt 0.360033 0.346774
vt 0.471710 0.346774
vt 0.248648 0.320549
vt 0.245645 0.525000
vt 0.248940 0.294324
vt 0.414024 0.556312
vt 0.329776 0.556354
vt 0.245528 0.556396
vt 0.161283 0.556354
vt 0.077038 0.556312
vt 0.161398 0.525000
vt 0.077151 0.525000
vt 0.025281 0.320823
vt 0.136964 0.320686
vt 0.137251 0.294598
vt 0.025562 0.294872
vt 0.137828 0.261654
vt 0.026145 0.261792
vt 0.138406 0.228711
vt 0.026728 0.228711
vt 0.249512 0.261517
vt 0.250083 0.228711
vt 0.027509 0.190968
vt 0.139187 0.190968
vt 0.139967 0.153226
vt 0.028290 0.153226
vt 0.250864 0.190968
vt 0.251645 0.153226
vt 0.363323 0.153226
vt 0.362542 0.190968
vt 0.474219 0.190968
vt 0.475000 0.153226
vt 0.361761 0.228711
vt 0.473438 0.228711
vt 0.472855 0.261792
vt 0.361183 0.261654
vt 0.331138 0.862575
vt 0.332900 0.892007
vt 0.417129 0.892083
vt 0.415350 0.862727
vt 0.334661 0.921439
vt 0.418908 0.921439
vt 0.248670 0.891932
vt 0.250414 0.921439
vt 0.246927 0.862424
vt 0.421278 0.948220
vt 0.337032 0.948220
vt 0.339402 0.975000
vt 0.423649 0.975000
vt 0.252785 0.948220
vt 0.255155 0.975000
vt 0.170909 0.975000
vt 0.168538 0.948220
vt 0.084292 0.948220
vt 0.086662 0.975000
vt 0.166168 0.921439
vt 0.081921 0.921439
vt 0.080142 0.892083
vt 0.164406 0.892007
vt 0.162645 0.862575
vt 0.078364 0.862727
vt 0.329100 0.724957
vt 0.329228 0.760546
vt 0.413471 0.760538
vt 0.413338 0.724941
vt 0.329357 0.796135
vt 0.413604 0.796135
vt 0.244986 0.760554
vt 0.245110 0.796135
vt 0.244862 0.724974
vt 0.414477 0.829431
vt 0.330248 0.829355
vt 0.246018 0.829279
vt 0.161754 0.829355
vt 0.077490 0.829431
vt 0.160864 0.796135
vt 0.076617 0.796135
vt 0.076484 0.760538
vt 0.160735 0.760546
vt 0.160607 0.724957
vt 0.076351 0.724941
vt 0.329661 0.587708
vt 0.329470 0.621148
vt 0.413719 0.621107
vt 0.413911 0.587624
vt 0.329280 0.654589
vt 0.413527 0.654589
vt 0.245222 0.621190
vt 0.245033 0.654589
vt 0.245411 0.587791
vt 0.413432 0.689765
vt 0.329190 0.689773
vt 0.244948 0.689781
vt 0.160697 0.689773
vt 0.076446 0.689765
vt 0.160787 0.654589
vt 0.076540 0.654589
vt 0.076732 0.621107
vt 0.160977 0.621148
vt 0.161167 0.587708
vt 0.076924 0.587624
vt 0.360606 0.294598
vt 0.360319 0.320686
vt 0.471991 0.320823
vt 0.472272 0.294872
vt 0.360033 0.346774
vt 0.471710 0.346774
vt 0.248648 0.320549
vt 0.245645 0.525000
vt 0.248940 0.294324
vt 0.414024 0.556312
vt 0.329776 0.556354
vt 0.245528 0.556396
vt 0.161283 0.556354
vt 0.077038 0.556312
vt 0.161398 0.525000
vt 0.077151 0.525000
vt 0.025281 0.320823
vt 0.136964 0.320686
vt 0.137251 0.294598
vt 0.025562 0.294872
vt 0.137828 0.261654
vt 0.026145 0.261792
vt 0.138406 0.228711
vt 0.026728 0.228711
vt 0.249512 0.261517
vt 0.250083 0.228711
vt 0.027509 0.190968
vt 0.139187 0.190968
vt 0.139967 0.153226
vt 0.028290 0.153226
vt 0.250864 0.190968
vt 0.251645 0.153226
vt 0.363323 0.153226
vt 0.362542 0.190968
vt 0.474219 0.190968
vt 0.475000 0.153226
vt 0.361761 0.228711
vt 0.473438 0.228711
vt 0.472855 0.261792
vt 0.361183 0.261654
vt 0.331138 0.862575
vt 0.332900 0.892007
vt 0.417129 0.892083
vt 0.415350 0.862727
vt 0.334661 0.921439
vt 0.418908 0.921439
vt 0.248670 0.891932
vt 0.250414 0.921439
vt 0.246927 0.862424
vt 0.421278 0.948220
vt 0.337032 0.948220
vt 0.339402 0.975000
vt 0.423649 0.975000
vt 0.252785 0.948220
vt 0.255155 0.975000
vt 0.170909 0.975000
vt 0.168538 0.948220
vt 0.084292 0.948220
vt 0.086662 0.975000
vt 0.166168 0.921439
vt 0.081921 0.921439
vt 0.080142 0.892083
vt 0.164406 0.892007
vt 0.162645 0.862575
vt 0.078364 0.862727
vt 0.329100 0.724957
vt 0.329228 0.760546
vt 0.413471 0.760538
vt 0.413338 0.724941
vt 0.329357 0.796135
vt 0.413604 0.796135
vt 0.244986 0.760554
vt 0.245110 0.796135
vt 0.244862 0.724974
vt 0.414477 0.829431
vt 0.330248 0.829355
vt 0.246018 0.829279
vt 0.161754 0.829355
vt 0.077490 0.829431
vt 0.160864 0.796135
vt 0.076617 0.796135
vt 0.076484 0.760538
vt 0.160735 0.760546
vt 0.160607 0.724957
vt 0.076351 0.724941
vt 0.329661 0.587708
vt 0.329470 0.621148
vt 0.413719 0.621107
vt 0.413911 0.587624
vt 0.329280 0.654589
vt 0.413527 0.654589
vt 0.245222 0.621190
vt 0.245033 0.654589
vt 0.245411 0.587791
vt 0.413432 0.689765
vt 0.329190 0.689773
vt 0.244948 0.689781
vt 0.160697 0.689773
vt 0.076446 0.689765
vt 0.160787 0.654589
vt 0.076540 0.654589
vt 0.076732 0.621107
vt 0.160977 0.621148
vt 0.161167 0.587708
vt 0.076924 0.587624
vt 0.360606 0.294598
vt 0.360319 0.320686
vt 0.471991 0.320823
vt 0.472272 0.294872
vt 0.360033 0.346774
vt 0.471710 0.346774
vt 0.248648 0.320549
vt 0.245645 0.525000
vt 0.248940 0.294324
vt 0.414024 0.556312
vt 0.329776 0.556354
vt 0.245528 0.556396
vt 0.161283 0.556354
vt 0.077038 0.556312
vt 0.161398 0.525000
vt 0.077151 0.525000
vt 0.025281 0.320823
vt 0.136964 0.320686
vt 0.137251 0.294598
vt 0.025562 0.294872
vt 0.137828 0.261654
vt 0.026145 0.261792
vt 0.138406 0.228711
vt 0.026728 0.228711
vt 0.249512 0.261517
vt 0.250083 0.228711
vt 0.027509 0.190968
vt 0.139187 0.190968
vt 0.139967 0.153226
vt 0.028290 0.153226
vt 0.250864 0.190968
vt 0.251645 0.153226
vt 0.363323 0.153226
vt 0.362542 0.190968
vt 0.474219 0.190968
vt 0.475000 0.153226
vt 0.361761 0.228711
vt 0.473438 0.228711
vt 0.472855 0.261792
vt 0.361183 0.261654

o name0
usemtl Material
usemap Material
f 2/2 1/1 3/3
f 4/4 3/3 1/1
f 2/2 3/3 5/5
f 6/6 5/5 3/3
f 2/2 5/5 7/7
f 8/8 7/7 5/5
f 2/2 7/7 1/1
f 9/9 1/1 7/7
f 11/11 10/10 12/12
f 13/13 12/12 10/10
f 11/11 12/12 14/14
f 15/15 14/14 12/12
f 11/11 14/14 5/5
f 8/8 5/5 14/14
f 11/11 5/5 10/10
f 6/6 10/10 5/5
f 17/17 16/16 18/18
f 19/19 18/18 16/16
f 17/17 18/18 20/20
f 21/21 20/20 18/18
f 17/17 20/20 14/14
f 8/8 14/14 20/20
f 17/17 14/14 16/16
f 15/15 16/16 14/14
f 23/23 22/22 24/24
f 25/25 24/24 22/22
f 23/23 24/24 7/7
f 9/9 7/7 24/24
f 23/23 7/7 20/20
f 8/8 20/20 7/7
f 23/23 20/20 22/22
f 21/21 22/22 20/20
f 27/27 26/26 28/28
f 29/29 28/28 26/26
f 27/27 28/28 30/30
f 31/31 30/30 28/28
f 27/27 30/30 32/32
f 33/33 32/32 30/30
f 27/27 32/32 26/26
f 34/34 26/26 32/32
f 36/36 35/35 1/1
f 4/4 1/1 35/35
f 36/36 1/1 37/37
f 9/9 37/37 1/1
f 36/36 37/37 30/30
f 33/33 30/30 37/37
f 36/36 30/30 35/35
f 31/31 35/35 30/30
f 38/38 24/24 39/39
f 25/25 39/39 24/24
f 38/38 39/39 40/40
f 41/41 40/40 39/39
f 38/38 40/40 37/37
f 33/33 37/37 40/40
f 38/38 37/37 24/24
f 9/9 24/24 37/37
f 43/43 42/42 44/44
f 45/45 44/44 42/42
f 43/43 44/44 32/32
f 34/34 32/32 44/44
f 43/43 32/32 40/40
f 33/33 40/40 32/32
f 43/43 40/40 42/42
f 41/41 42/42 40/40
f 47/47 46/46 48/48
f 49/49 48/48 46/46
f 47/47 48/48 50/50
f 51/51 50/50 48/48
f 47/47 50/50 52/52
f 53/53 52/52 50/50
f 47/47 52/52 46/46
f 54/54 46/46 52/52
f 56/56 55/55 26/26
f 29/29 26/26 55/55
f 56/56 26/26 57/57
f 34/34 57/57 26/26
f 56/56 57/57 50/50
f 53/53 50/50 57/57
f 56/56 50/50 55/55
f 51/51 55/55 50/50
f 58/58 44/44 59/59
f 45/45 59/59 44/44
f 58/58 59/59 60/60
f 61/61 60/60 59/59
f 58/58 60/60 57/57
f 53/53 57/57 60/60
f 58/58 57/57 44/44
f 34/34 44/44 57/57
f 63/63 62/62 64/64
f 65/65 64/64 62/62
f 63/63 64/64 52/52
f 54/54 52/52 64/64
f 63/63 52/52 60/60
f 53/53 60/60 52/52
f 63/63 60/60 62/62
f 61/61 62/62 60/60
f 67/67 66/66 68/68
f 69/69 68/68 66/66
f 67/67 68/68 70/70
f 71/71 70/70 68/68
f 67/67 70/70 72/72
f 73/73 72/72 70/70
f 67/67 72/72 66/66
f 74/74 66/66 72/72
f 76/76 75/75 46/46
f 49/49 46/46 75/75
f 76/76 46/46 77/77
f 54/54 77/77 46/46
f 76/76 77/77 70/70
f 73/73 70/70 77/77
f 76/76 70/70 75/75
f 71/71 75/75 70/70
f 78/78 64/64 79/79
f 65/65 79/79 64/64
f 78/78 79/79 80/80
f 81/81 80/80 79/79
f 78/78 80/80 77/77
f 73/73 77/77 80/80
f 78/78 77/77 64/64
f 54/54 64/64 77/77
f 83/83 82/82 84/84
f 85/85 84/84 82/82
f 83/83 84/84 72/72
f 74/74 72/72 84/84
f 83/83 72/72 80/80
f 73/73 80/80 72/72
f 83/83 80/80 82/82
f 81/81 82/82 80/80
f 86/86 84/84 87/87
f 85/85 87/87 84/84
f 86/86 87/87 88/88
f 89/89 88/88 87/87
f 86/86 88/88 90/90
f 91/91 90/90 88/88
f 86/86 90/90 84/84
f 74/74 84/84 90/90
f 93/93 92/92 94/94
f 95/95 94/94 92/92
f 93/93 94/94 96/96
f 97/97 96/96 94/94
f 93/93 96/96 88/88
f 91/91 88/88 96/96
f 93/93 88/88 92/92
f 89/89 92/92 88/88
f 99/99 98/98 100/100
f 101/101 100/100 98/98
f 99/99 100/100 102/102
f 103/103 102/102 100/100
f 99/99 102/102 96/96
f 91/91 96/96 102/102
f 99/99 96/96 98/98
f 97/97 98/98 96/96
f 105/105 104/104 66/66
f 69/69 66/66 104/104
f 105/105 66/66 90/90
f 74/74 90/90 66/66
f 105/105 90/90 102/102
f 91/91 102/102 90/90
f 105/105 102/102 104/104
f 103/103 104/104 102/102
f 107/107 106/106 108/108
f 109/109 108/108 106/106
f 107/107 108/108 110/110
f 111/111 110/110 108/108
f 107/107 110/110 112/112
f 113/113 112/112 110/110
f 107/107 112/112 106/106
f 114/114 106/106 112/112
f 116/116 115/115 117/117
f 118/118 117/117 115/115
f 116/116 117/117 119/119
f 120/120 119/119 117/117
f 116/116 119/119 110/110
f 113/113 110/110 119/119
f 116/116 110/110 115/115
f 111/111 115/115 110/110
f 122/122 121/121 123/123
f 124/124 123/123 121/121
f 122/122 123/123 125/125
f 126/126 125/125 123/123
f 122/122 125/125 119/119
f 113/113 119/119 125/125
f 122/122 119/119 121/121
f 120/120 121/121 119/119
f 128/128 127/127 129/129
f 130/130 129/129 127/127
f 128/128 129/129 112/112
f 114/114 112/112 129/129
f 128/128 112/112 125/125
f 113/113 125/125 112/112
f 128/128 125/125 127/127
f 126/126 127/127 125/125
f 132/132 131/131 133/133
f 134/134 133/133 131/131
f 132/132 133/133 135/135
f 136/136 135/135 133/133
f 132/132 135/135 137/137
f 138/138 137/137 135/135
f 132/132 137/137 131/131
f 139/139 131/131 137/137
f 141/141 140/140 106/106
f 109/109 106/106 140/140
f 141/141 106/106 142/142
f 114/114 142/142 106/106
f 141/141 142/142 135/135
f 138/138 135/135 142/142
f 141/141 135/135 140/140
f 136/136 140/140 135/135
f 143/143 129/129 144/144
f 130/130 144/144 129/129
f 143/143 144/144 145/145
f 146/146 145/145 144/144
f 143/143 145/145 142/142
f 138/138 142/142 145/145
f 143/143 142/142 129/129
f 114/114 129/129 142/142
f 148/148 147/147 149/149
f 150/150 149/149 147/147
f 148/148 149/149 137/137
f 139/139 137/137 149/149
f 148/148 137/137 145/145
f 138/138 145/145 137/137
f 148/148 145/145 147/147
f 146/146 147/147 145/145
f 152/152 151/151 153/153
f 154/154 153/153 151/151
f 152/152 153/153 155/155
f 156/156 155/155 153/153
f 152/152 155/155 157/157
f 158/158 157/157 155/155
f 152/152 157/157 151/151
f 159/159 151/151 157/157
f 161/161 160/160 131/131
f 134/134 131/131 160/160
f 161/161 131/131 162/162
f 139/139 162/162 131/131
f 161/161 162/162 155/155
f 158/158 155/155 162/162
f 161/161 155/155 160/160
f 156/156 160/160 155/155
f 163/163 149/149 164/164
f 150/150 164/164 149/149
f 163/163 164/164 165/165
f 166/166 165/165 164/164
f 163/163 165/165 162/162
f 158/158 162/162 165/165
f 163/163 162/162 149/149
f 139/139 149/149 162/162
f 168/168 167/167 169/169
f 170/170 169/169 167/167
f 168/168 169/169 157/157
f 159/159 157/157 169/169
f 168/168 157/157 165/165
f 158/158 165/165 157/157
f 168/168 165/165 167/167
f 166/166 167/167 165/165
f 172/172 171/171 173/173
f 174/174 173/173 171/171
f 172/172 173/173 175/175
f 176/176 175/175 173/173
f 172/172 175/175 177/177
f 178/178 177/177 175/175
f 172/172 177/177 171/171
f 179/179 171/171 177/177
f 181/181 180/180 151/151
f 154/154 151/151 180/180
f 181/181 151/151 182/182
f 159/159 182/182 151/151
f 181/181 182/182 175/175
f 178/178 175/175 182/182
f 181/181 175/175 180/180
f 176/176 180/180 175/175
f 183/183 169/169 184/184
f 170/170 184/184 169/169
f 183/183 184/184 185/185
f 186/186 185/185 184/184
f 183/183 185/185 182/182
f 178/178 182/182 185/185
f 183/183 182/182 169/169
f 159/159 169/169 182/182
f 188/188 187/187 189/189
f 190/190 189/189 187/187
f 188/188 189/189 177/177
f 179/179 177/177 189/189
f 188/188 177/177 185/185
f 178/178 185/185 177/177
f 188/188 185/185 187/187
f 186/186 187/187 185/185
f 191/191 189/189 192/192
f 190/190 192/192 189/189
f 191/191 192/192 193/193
f 194/194 193/193 192/192
f 191/191 193/193 195/195
f 196/196 195/195 193/193
f 191/191 195/195 189/189
f 179/179 189/189 195/195
f 198/198 197/197 199/199
f 200/200 199/199 197/197
f 198/198 199/199 201/201
f 202/202 201/201 199/199
f 198/198 201/201 193/193
f 196/196 193/193 201/201
f 198/198 193/193 197/197
f 194/194 197/197 193/193
f 204/204 203/203 205/205
f 206/206 205/205 203/203
f 204/204 205/205 207/207
f 208/208 207/207 205/205
f 204/204 207/207 201/201
f 196/196 201/201 207/207
f 204/204 201/201 203/203
f 202/202 203/203 201/201
f 210/210 209/209 171/171
f 174/174 171/171 209/209
f 210/210 171/171 195/195
f 179/179 195/195 171/171
f 210/210 195/195 207/207
f 196/196 207/207 195/195
f 210/210 207/207 209/209
f 208/208 209/209 207/207
f 212/212 211/211 213/213
f 214/214 213/213 211/211
f 212/212 213/213 215/215
f 216/216 215/215 213/213
f 212/212 215/215 217/217
f 218/218 217/217 215/215
f 212/212 217/217 211/211
f 219/219 211/211 217/217
f 221/221 220/220 222/222
f 223/223 222/222 220/220
f 221/221 222/222 224/224
f 225/225 224/224 222/222
f 221/221 224/224 215/215
f 218/218 215/215 224/224
f 221/221 215/215 220/220
f 216/216 220/220 215/215
f 227/227 226/226 228/228
f 229/229 228/228 226/226
f 227/227 228/228 230/230
f 231/231 230/230 228/228
f 227/227 230/230 224/224
f 218/218 224/224 230/230
f 227/227 224/224 226/226
f 225/225 226/226 224/224
f 233/233 232/232 234/234
f 235/235 234/234 232/232
f 233/233 234/234 217/217
f 219/219 217/217 234/234
f 233/233 217/217 230/230
f 218/218 230/230 217/217
f 233/233 230/230 232/232
f 231/231 232/232 230/230
f 237/237 236/236 238/238
f 239/239 238/238 236/236
f 237/237 238/238 240/240
f 241/241 240/240 238/238
f 237/237 240/240 242/242
f 243/243 242/242 240/240
f 237/237 242/242 236/236
f 244/244 236/236 242/242
f 246/246 245/245 211/211
f 214/214 211/211 245/245
f 246/246 211/211 247/247
f 219/219 247/247 211/211
f 246/246 247/247 240/240
f 243/243 240/240 247/247
f 246/246 240/240 245/245
f 241/241 245/245 240/240
f 248/248 234/234 249/249
f 235/235 249/249 234/234
f 248/248 249/249 250/250
f 251/251 250/250 249/249
f 248/248 250/250 247/247
f 243/243 247/247 250/250
f 248/248 247/247 234/234
f 219/219 234/234 247/247
f 253/253 252/252 254/254
f 255/255 254/254 252/252
f 253/253 254/254 242/242
f 244/244 242/242 254/254
f 253/253 242/242 250/250
f 243/243 250/250 242/242
f 253/253 250/250 252/252
f 251/251 252/252 250/250
f 257/257 256/256 258/258
f 259/259 258/258 256/256
f 257/257 258/258 260/260
f 261/261 260/260 258/258
f 257/257 260/260 262/262
f 263/263 262/262 260/260
f 257/257 262/262 256/256
f 264/264 256/256 262/262
f 266/266 265/265 236/236
f 239/239 236/236 265/265
f 266/266 236/236 267/267
f 244/244 267/267 236/236
f 266/266 267/267 260/260
f 263/263 260/260 267/267
f 266/266 260/260 265/265
f 261/261 265/265 260/260
f 268/268 254/254 269/269
f 255/255 269/269 254/254
f 268/268 269/269 270/270
f 271/271 270/270 269/269
f 268/268 270/270 267/267
f 263/263 267/267 270/270
f 268/268 267/267 254/254
f 244/244 254/254 267/267
f 273/273 272/272 274/274
f 275/275 274/274 272/272
f 273/273 274/274 262/262
f 264/264 262/262 274/274
f 273/273 262/262 270/270
f 263/263 270/270 262/262
f 273/273 270/270 272/272
f 271/271 272/272 270/270
f 277/277 276/276 278/278
f 279/279 278/278 276/276
f 277/277 278/278 280/280
f 281/281 280/280 278/278
f 277/277 280/280 282/282
f 283/283 282/282 280/280
f 277/277 282/282 276/276
f 284/284 276/276 282/282
f 286/286 285/285 256/256
f 259/259 256/256 285/285
f 286/286 256/256 287/287
f 264/264 287/287 256/256
f 286/286 287/287 280/280
f 283/283 280/280 287/287
f 286/286 280/280 285/285
f 281/281 285/285 280/280
f 288/288 274/274 289/289
f 275/275 289/289 274/274
f 288/288 289/289 290/290
f 291/291 290/290 289/289
f 288/288 290/290 287/287
f 283/283 287/287 290/290
f 288/288 287/287 274/274
f 264/264 274/274 287/287
f 293/293 292/292 294/294
f 295/295 294/294 292/292
f 293/293 294/294 282/282
f 284/284 282/282 294/294
f 293/293 282/282 290/290
f 283/283 290/290 282/282
f 293/293 290/290 292/292
f 291/291 292/292 290/290
f 296/296 294/294 297/297
f 295/295 297/297 294/294
f 296/296 297/297 298/298
f 299/299 298/298 297/297
f 296/296 298/298 300/300
f 301/301 300/300 298/298
f 296/296 300/300 294/294
f 284/284 294/294 300/300
f 303/303 302/302 304/304
f 305/305 304/304 302/302
f 303/303 304/304 306/306
f 307/307 306/306 304/304
f 303/303 306/306 298/298
f 301/301 298/298 306/306
f 303/303 298/298 302/302
f 299/299 302/302 298/298
f 309/309 308/308 310/310
f 311/311 310/310 308/308
f 309/309 310/310 312/312
f 313/313 312/312 310/310
f 309/309 312/312 306/306
f 301/301 306/306 312/312
f 309/309 306/306 308/308
f 307/307 308/308 306/306
f 315/315 314/314 276/276
f 279/279 276/276 314/314
f 315/315 276/276 300/300
f 284/284 300/300 276/276
f 315/315 300/300 312/312
f 301/301 312/312 300/300
f 315/315 312/312 314/314
f 313/313 314/314 312/312
f 317/317 316/316 318/318
f 319/319 318/318 316/316
f 317/317 318/318 320/320
f 321/321 320/320 318/318
f 317/317 320/320 322/322
f 323/323 322/322 320/320
f 317/317 322/322 316/316
f 324/324 316/316 322/322
f 326/326 325/325 327/327
f 328/328 327/327 325/325
f 326/326 327/327 329/329
f 330/330 329/329 327/327
f 326/326 329/329 320/320
f 323/323 320/320 329/329
f 326/326 320/320 325/325
f 321/321 325/325 320/320
f 332/332 331/331 333/333
f 334/334 333/333 331/331
f 332/332 333/333 335/335
f 336/336 335/335 333/333
f 332/332 335/335 329/329
f 323/323 329/329 335/335
f 332/332 329/329 331/331
f 330/330 331/331 329/329
f 338/338 337/337 339/339
f 340/340 339/339 337/337
f 338/338 339/339 322/322
f 324/324 322/322 339/339
f 338/338 322/322 335/335
f 323/323 335/335 322/322
f 338/338 335/335 337/337
f 336/336 337/337 335/335
f 342/342 341/341 343/343
f 344/344 343/343 341/341
f 342/342 343/343 345/345
f 346/346 345/345 343/343
f 342/342 345/345 347/347
f 348/348 347/347 345/345
f 342/342 347/347 341/341
f 349/349 341/341 347/347
f 351/351 350/350 316/316
f 319/319 316/316 350/350
f 351/351 316/316 352/352
f 324/324 352/352 316/316
f 351/351 352/352 345/345
f 348/348 345/345 352/352
f 351/351 345/345 350/350
f 346/346 350/350 345/345
f 353/353 339/339 354/354
f 340/340 354/354 339/339
f 353/353 354/354 355/355
f 356/356 355/355 354/354
f 353/353 355/355 352/352
f 348/348 352/352 355/355
f 353/353 352/352 339/339
f 324/324 339/339 352/352
f 358/358 357/357 359/359
f 360/360 359/359 357/357
f 358/358 359/359 347/347
f 349/349 347/347 359/359
f 358/358 347/347 355/355
f 348/348 355/355 347/347
f 358/358 355/355 357/357
f 356/356 357/357 355/355
f 362/362 361/361 363/363
f 364/364 363/363 361/361
f 362/362 363/363 365/365
f 366/366 365/365 363/363
f 362/362 365/365 367/367
f 368/368 367/367 365/365
f 362/362 367/367 361/361
f 369/369 361/361 367/367
f 371/371 370/370 341/341
f 344/344 341/341 370/370
f 371/371 341/341 372/372
f 349/349 372/372 341/341
f 371/371 372/372 365/365
f 368/368 365/365 372/372
f 371/371 365/365 370/370
f 366/366 370/370 365/365
f 373/373 359/359 374/374
f 360/360 374/374 359/359
f 373/373 374/374 375/375
f 376/376 375/375 374/374
f 373/373 375/375 372/372
f 368/368 372/372 375/375
f 373/373 372/372 359/359
f 349/349 359/359 372/372
f 378/378 377/377 379/379
f 380/380 379/379 377/377
f 378/378 379/379 367/367
f 369/369 367/367 379/379
f 378/378 367/367 375/375
f 368/368 375/375 367/367
f 378/378 375/375 377/377
f 376/376 377/377 375/375
f 382/382 381/381 383/383
f 384/384 383/383 381/381
f 382/382 383/383 385/385
f 386/386 385/385 383/383
f 382/382 385/385 387/387
f 388/388 387/387 385/385
f 382/382 387/387 381/381
f 389/389 381/381 387/387
f 391/391 390/390 361/361
f 364/364 361/361 390/390
f 391/391 361/361 392/392
f 369/369 392/392 361/361
f 391/391 392/392 385/385
f 388/388 385/385 392/392
f 391/391 385/385 390/390
f 386/386 390/390 385/385
f 393/393 379/379 394/394
f 380/380 394/394 379/379
f 393/393 394/394 395/395
f 396/396 395/395 394/394
f 393/393 395/395 392/392
f 388/388 392/392 395/395
f 393/393 392/392 379/379
f 369/369 379/379 392/392
f 398/398 397/397 399/399
f 400/400 399/399 397/397
f 398/398 399/399 387/387
f 389/389 387/387 399/399
f 398/398 387/387 395/395
f 388/388 395/395 387/387
f 398/398 395/395 397/397
f 396/396 397/397 395/395
f 401/401 399/399 402/402
f 400/400 402/402 399/399
f 401/401 402/402 403/403
f 404/404 403/403 402/402
f 401/401 403/403 405/405
f 406/406 405/405 403/403
f 401/401 405/405 399/399
f 389/389 399/399 405/405
f 408/408 407/407 409/409
f 410/410 409/409 407/407
f 408/408 409/409 411/411
f 412/412 411/411 409/409
f 408/408 411/411 403/403
f 406/406 403/403 411/411
f 408/408 403/403 407/407
f 404/404 407/407 403/403
f 414/414 413/413 415/415
f 416/416 415/415 413/413
f 414/414 415/415 417/417
f 418/418 417/417 415/415
f 414/414 417/417 411/411
f 406/406 411/411 417/417
f 414/414 411/411 413/413
f 412/412 413/413 411/411
f 420/420 419/419 381/381
f 384/384 381/381 419/419
f 420/420 381/381 405/405
f 389/389 405/405 381/381
f 420/420 405/405 417/417
f 406/406 417/417 405/405
f 420/420 417/417 419/419
f 418/418 419/419 417/417
f 422/422 421/421 423/423
f 424/424 423/423 421/421
f 422/422 423/423 425/425
f 426/426 425/425 423/423
f 422/422 425/425 427/427
f 428/428 427/427 425/425
f 422/422 427/427 421/421
f 429/429 421/421 427/427
f 431/431 430/430 432/432
f 433/433 432/432 430/430
f 431/431 432/432 434/434
f 435/435 434/434 432/432
f 431/431 434/434 425/425
f 428/428 425/425 434/434
f 431/431 425/425 430/430
f 426/426 430/430 425/425
f 437/437 436/436 438/438
f 439/439 438/438 436/436
f 437/437 438/438 440/440
f 441/441 440/440 438/438
f 437/437 440/440 434/434
f 428/428 434/434 440/440
f 437/437 434/434 436/436
f 435/435 436/436 434/434
f 443/443 442/442 444/444
f 445/445 444/444 442/442
f 443/443 444/444 427/427
f 429/429 427/427 444/444
f 443/443 427/427 440/440
f 428/428 440/440 427/427
f 443/443 440/440 442/442
f 441/441 442/442 440/440
f 447/447 446/446 448/448
f 449/449 448/448 446/446
f 447/447 448/448 450/450
f 451/451 450/450 448/448
f 447/447 450/450 452/452
f 453/453 452/452 450/450
f 447/447 452/452 446/446
f 454/454 446/446 452/452
f 456/456 455/455 421/421
f 424/424 421/421 455/455
f 456/456 421/421 457/457
f 429/429 457/457 421/421
f 456/456 457/457 450/450
f 453/453 450/450 457/457
f 456/456 450/450 455/455
f 451/451 455/455 450/450
f 458/458 444/444 459/459
f 445/445 459/459 444/444
f 458/458 459/459 460/460
f 461/461 460/460 459/459
f 458/458 460/460 457/457
f 453/453 457/457 460/460
f 458/458 457/457 444/444
f 429/429 444/444 457/457
f 463/463 462/462 464/464
f 465/465 464/464 462/462
f 463/463 464/464 452/452
f 454/454 452/452 464/464
f 463/463 452/452 460/460
f 453/453 460/460 452/452
f 463/463 460/460 462/462
f 461/461 462/462 460/460
f 467/467 466/466 468/468
f 469/469 468/468 466/466
f 467/467 468/468 470/470
f 471/471 470/470 468/468
f 467/467 470/470 472/472
f 473/473 472/472 470/470
f 467/467 472/472 466/466
f 474/474 466/466 472/472
f 476/476 475/475 446/446
f 449/449 446/446 475/475
f 476/476 446/446 477/477
f 454/454 477/477 446/446
f 476/476 477/477 470/470
f 473/473 470/470 477/477
f 476/476 470/470 475/475
f 471/471 475/475 470/470
f 478/478 464/464 479/479
f 465/465 479/479 464/464
f 478/478 479/479 480/480
f 481/481 480/480 479/479
f 478/478 480/480 477/477
f 473/473 477/477 480/480
f 478/478 477/477 464/464
f 454/454 464/464 477/477
f 483/483 482/482 484/484
f 485/485 484/484 482/482
f 483/483 484/484 472/472
f 474/474 472/472 484/484
f 483/483 472/472 480/480
f 473/473 480/480 472/472
f 483/483 480/480 482/482
f 481/481 482/482 480/480
f 487/487 486/486 488/488
f 489/489 488/488 486/486
f 487/487 488/488 490/490
f 491/491 490/490 488/488
f 487/487 490/490 492/492
f 493/493 492/492 490/490
f 487/487 492/492 486/486
f 494/494 486/486 492/492
f 496/496 495/495 466/466
f 469/469 466/466 495/495
f 496/496 466/466 497/497
f 474/474 497/497 466/466
f 496/496 497/497 490/490
f 493/493 490/490 497/497
f 496/496 490/490 495/495
f 491/491 495/495 490/490
f 498/498 484/484 499/499
f 485/485 499/499 484/484
f 498/498 499/499 500/500
f 501/501 500/500 499/499
f 498/498 500/500 497/497
f 493/493 497/497 500/500
f 498/498 497/497 484/484
f 474/474 484/484 497/497
f 503/503 502/502 504/504
f 505/505 504/504 502/502
f 503/503 504/504 492/492
f 494/494 492/492 504/504
f 503/503 492/492 500/500
f 493/493 500/500 492/492
f 503/503 500/500 502/502
f 501/501 502/502 500/500
f 506/506 504/504 507/507
f 505/505 507/507 504/504
f 506/506 507/507 508/508
f 509/509 508/508 507/507
f 506/506 508/508 510/510
f 511/511 510/510 508/508
f 506/506 510/510 504/504
f 494/494 504/504 510/510
f 513/513 512/512 514/514
f 515/515 514/514 512/512
f 513/513 514/514 516/516
f 517/517 516/516 514/514
f 513/513 516/516 508/508
f 511/511 508/508 516/516
f 513/513 508/508 512/512
f 509/509 512/512 508/508
f 519/519 518/518 520/520
f 521/521 520/520 518/518
f 519/519 520/520 522/522
f 523/523 522/522 520/520
f 519/519 522/522 516/516
f 511/511 516/516 522/522
f 519/519 516/516 518/518
f 517/517 518/518 516/516
f 525/525 524/524 486/486
f 489/489 486/486 524/524
f 525/525 486/486 510/510
f 494/494 510/510 486/486
f 525/525 510/510 522/522
f 511/511 522/522 510/510
f 525/525 522/522 524/524
f 523/523 524/524 522/522
f 527/527 526/526 528/528
f 529/529 528/528 526/526
f 527/527 528/528 530/530
f 531/531 530/530 528/528
f 527/527 530/530 532/532
f 533/533 532/532 530/530
f 527/527 532/532 526/526
f 534/534 526/526 532/532
f 536/536 535/535 537/537
f 538/538 537/537 535/535
f 536/536 537/537 539/539
f 540/540 539/539 537/537
f 536/536 539/539 530/530
f 533/533 530/530 539/539
f 536/536 530/530 535/535
f 531/531 535/535 530/530
f 542/542 541/541 543/543
f 544/544 543/543 541/541
f 542/542 543/543 545/545
f 546/546 545/545 543/543
f 542/542 545/545 539/539
f 533/533 539/539 545/545
f 542/542 539/539 541/541
f 540/540 541/541 539/539
f 548/548 547/547 549/549
f 550/550 549/549 547/547
f 548/548 549/549 532/532
f 534/534 532/532 549/549
f 548/548 532/532 545/545
f 533/533 545/545 532/532
f 548/548 545/545 547/547
f 546/546 547/547 545/545
f 552/552 551/551 553/553
f 554/554 553/553 551/551
f 552/552 553/553 555/555
f 556/556 555/555 553/553
f 552/552 555/555 557/557
f 558/558 557/557 555/555
f 552/552 557/557 551/551
f 559/559 551/551 557/557
f 561/561 560/560 526/526
f 529/529 526/526 560/560
f 561/561 526/526 562/562
f 534/534 562/562 526/526
f 561/561 562/562 555/555
f 558/558 555/555 562/562
f 561/561 555/555 560/560
f 556/556 560/560 555/555
f 563/563 549/549 564/564
f 550/550 564/564 549/549
f 563/563 564/564 565/565
f 566/566 565/565 564/564
f 563/563 565/565 562/562
f 558/558 562/562 565/565
f 563/563 562/562 549/549
f 534/534 549/549 562/562
f 568/568 567/567 569/569
f 570/570 569/569 567/567
f 568/568 569/569 557/557
f 559/559 557/557 569/569
f 568/568 557/557 565/565
f 558/558 565/565 557/557
f 568/568 565/565 567/567
f 566/566 567/567 565/565
f 572/572 571/571 573/573
f 574/574 573/573 571/571
f 572/572 573/573 575/575
f 576/576 575/575 573/573
f 572/572 575/575 577/577
f 578/578 577/577 575/575
f 572/572 577/577 571/571
f 579/579 571/571 577/577
f 581/581 580/580 551/551
f 554/554 551/551 580/580
f 581/581 551/551 582/582
f 559/559 582/582 551/551
f 581/581 582/582 575/575
f 578/578 575/575 582/582
f 581/581 575/575 580/580
f 576/576 580/580 575/575
f 583/583 569/569 584/584
f 570/570 584/584 569/569
f 583/583 584/584 585/585
f 586/586 585/585 584/584
f 583/583 585/585 582/582
f 578/578 582/582 585/585
f 583/583 582/582 569/569
f 559/559 569/569 582/582
f 588/588 587/587 589/589
f 590/590 589/589 587/587
f 588/588 589/589 577/577
f 579/579 577/577 589/589
f 588/588 577/577 585/585
f 578/578 585/585 577/577
f 588/588 585/585 587/587
f 586/586 587/587 585/585
f 592/592 591/591 593/593
f 594/594 593/593 591/591
f 592/592 593/593 595/595
f 596/596 595/595 593/593
f 592/592 595/595 597/597
f 598/598 597/597 595/595
f 592/592 597/597 591/591
f 599/599 591/591 597/597
f 601/601 600/600 571/571
f 574/574 571/571 600/600
f 601/601 571/571 602/602
f 579/579 602/602 571/571
f 601/601 602/602 595/595
f 598/598 595/595 602/602
f 601/601 595/595 600/600
f 596/596 600/600 595/595
f 603/603 589/589 604/604
f 590/590 604/604 589/589
f 603/603 604/604 605/605
f 606/606 605/605 604/604
f 603/603 605/605 602/602
f 598/598 602/602 605/605
f 603/603 602/602 589/589
f 579/579 589/589 602/602
f 608/608 607/607 609/609
f 610/610 609/609 607/607
f 608/608 609/609 597/597
f 599/599 597/597 609/609
f 608/608 597/597 605/605
f 598/598 605/605 597/597
f 608/608 605/605 607/607
f 606/606 607/607 605/605
f 611/611 609/609 612/612
f 610/610 612/612 609/609
f 611/611 612/612 613/613
f 614/614 613/613 612/612
f 611/611 613/613 615/615
f 616/616 615/615 613/613
f 611/611 615/615 609/609
f 599/599 609/609 615/615
f 618/618 617/617 619/619
f 620/620 619/619 617/617
f 618/618 619/619 621/621
f 622/622 621/621 619/619
f 618/618 621/621 613/613
f 616/616 613/613 621/621
f 618/618 613/613 617/617
f 614/614 617/617 613/613
f 624/624 623/623 625/625
f 626/626 625/625 623/623
f 624/624 625/625 627/627
f 628/628 627/627 625/625
f 624/624 627/627 621/621
f 616/616 621/621 627/627
f 624/624 621/621 623/623
f 622/622 623/623 621/621
f 630/630 629/629 591/591
f 594/594 591/591 629/629
f 630/630 591/591 615/615
f 599/599 615/615 591/591
f 630/630 615/615 627/627
f 616/616 627/627 615/615
f 630/630 627/627 629/629
f 628/628 629/629 627/627
f 632/632 631/631 633/633
f 634/634 633/633 631/631
f 632/632 633/633 635/635
f 636/636 635/635 633/633
f 632/632 635/635 637/637
f 638/638 637/637 635/635
f 632/632 637/637 631/631
f 639/639 631/631 637/637
f 641/641 640/640 642/642
f 643/643 642/642 640/640
f 641/641 642/642 644/644
f 645/645 644/644 642/642
f 641/641 644/644 635/635
f 638/638 635/635 644/644
f 641/641 635/635 640/640
f 636/636 640/640 635/635
f 647/647 646/646 648/648
f 649/649 648/648 646/646
f 647/647 648/648 650/650
f 651/651 650/650 648/648
f 647/647 650/650 644/644
f 638/638 644/644 650/650
f 647/647 644/644 646/646
f 645/645 646/646 644/644
f 653/653 652/652 654/654
f 655/655 654/654 652/652
f 653/653 654/654 637/637
f 639/639 637/637 654/654
f 653/653 637/637 650/650
f 638/638 650/650 637/637
f 653/653 650/650 652/652
f 651/651 652/652 650/650
f 657/657 656/656 658/658
f 659/659 658/658 656/656
f 657/657 658/658 660/660
f 661/661 660/660 658/658
f 657/657 660/660 662/662
f 663/663 662/662 660/660
f 657/657 662/662 656/656
f 664/664 656/656 662/662
f 666/666 665/665 631/631
f 634/634 631/631 665/665
f 666/666 631/631 667/667
f 639/639 667/667 631/631
f 666/666 667/667 660/660
f 663/663 660/660 667/667
f 666/666 660/660 665/665
f 661/661 665/665 660/660
f 668/668 654/654 669/669
f 655/655 669/669 654/654
f 668/668 669/669 670/670
f 671/671 670/670 669/669
f 668/668 670/670 667/667
f 663/663 667/667 670/670
f 668/668 667/667 654/654
f 639/639 654/654 667/667
f 673/673 672/672 674/674
f 675/675 674/674 672/672
f 673/673 674/674 662/662
f 664/664 662/662 674/674
f 673/673 662/662 670/670
f 663/663 670/670 662/662
f 673/673 670/670 672/672
f 671/671 672/672 670/670
f 677/677 676/676 678/678
f 679/679 678/678 676/676
f 677/677 678/678 680/680
f 681/681 680/680 678/678
f 677/677 680/680 682/682
f 683/683 682/682 680/680
f 677/677 682/682 676/676
f 684/684 676/676 682/682
f 686/686 685/685 656/656
f 659/659 656/656 685/685
f 686/686 656/656 687/687
f 664/664 687/687 656/656
f 686/686 687/687 680/680
f 683/683 680/680 687/687
f 686/686 680/680 685/685
f 681/681 685/685 680/680
f 688/688 674/674 689/689
f 675/675 689/689 674/674
f 688/688 689/689 690/690
f 691/691 690/690 689/689
f 688/688 690/690 687/687
f 683/683 687/687 690/690
f 688/688 687/687 674/674
f 664/664 674/674 687/687
f 693/693 692/692 694/694
f 695/695 694/694 692/692
f 693/693 694/694 682/682
f 684/684 682/682 694/694
f 693/693 682/682 690/690
f 683/683 690/690 682/682
f 693/693 690/690 692/692
f 691/691 692/692 690/690
f 697/697 696/696 698/698
f 699/699 698/698 696/696
f 697/697 698/698 700/700
f 701/701 700/700 698/698
f 697/697 700/700 702/702
f 703/703 702/702 700/700
f 697/697 702/702 696/696
f 704/704 696/696 702/702
f 706/706 705/705 676/676
f 679/679 676/676 705/705
f 706/706 676/676 707/707
f 684/684 707/707 676/676
f 706/706 707/707 700/700
f 703/703 700/700 707/707
f 706/706 700/700 705/705
f 701/701 705/705 700/700
f 708/708 694/694 709/709
f 695/695 709/709 694/694
f 708/708 709/709 710/710
f 711/711 710/710 709/709
f 708/708 710/710 707/707
f 703/703 707/707 710/710
f 708/708 707/707 694/694
f 684/684 694/694 707/707
f 713/713 712/712 714/714
f 715/715 714/714 712/712
f 713/713 714/714 702/702
f 704/704 702/702 714/714
f 713/713 702/702 710/710
f 703/703 710/710 702/702
f 713/713 710/710 712/712
f 711/711 712/712 710/710
f 716/716 714/714 717/717
f 715/715 717/717 714/714
f 716/716 717/717 718/718
f 719/719 718/718 717/717
f 716/716 718/718 720/720
f 721/721 720/720 718/718
f 716/716 720/720 714/714
f 704/704 714/714 720/720
f 723/723 722/722 724/724
f 725/725 724/724 722/722
f 723/723 724/724 726/726
f 727/727 726/726 724/724
f 723/723 726/726 718/718
f 721/721 718/718 726/726
f 723/723 718/718 722/722
f 719/719 722/722 718/718
f 729/729 728/728 730/730
f 731/731 730/730 728/728
f 729/729 730/730 732/732
f 733/733 732/732 730/730
f 729/729 732/732 726/726
f 721/721 726/726 732/732
f 729/729 726/726 728/728
f 727/727 728/728 726/726
f 735/735 734/734 696/696
f 699/699 696/696 734/734
f 735/735 696/696 720/720
f 704/704 720/720 696/696
f 735/735 720/720 732/732
f 721/721 732/732 720/720
f 735/735 732/732 734/734
f 733/733 734/734 732/732
f 737/737 736/736 738/738
f 739/739 738/738 736/736
f 737/737 738/738 740/740
f 741/741 740/740 738/738
f 737/737 740/740 742/742
f 743/743 742/742 740/740
f 737/737 742/742 736/736
f 744/744 736/736 742/742
f 746/746 745/745 747/747
f 748/748 747/747 745/745
f 746/746 747/747 749/749
f 750/750 749/749 747/747
f 746/746 749/749 740/740
f 743/743 740/740 749/749
f 746/746 740/740 745/745
f 741/741 745/745 740/740
f 752/752 751/751 753/753
f 754/754 753/753 751/751
f 752/752 753/753 755/755
f 756/756 755/755 753/753
f 752/752 755/755 749/749
f 743/743 749/749 755/755
f 752/752 749/749 751/751
f 750/750 751/751 749/749
f 758/758 757/757 759/759
f 760/760 759/759 757/757
f 758/758 759/759 742/742
f 744/744 742/742 759/759
f 758/758 742/742 755/755
f 743/743 755/755 742/742
f 758/758 755/755 757/757
f 756/756 757/757 755/755
f 762/762 761/761 763/763
f 764/764 763/763 761/761
f 762/762 763/763 765/765
f 766/766 765/765 763/763
f 762/762 765/765 767/767
f 768/768 767/767 765/765
f 762/762 767/767 761/761
f 769/769 761/761 767/767
f 771/771 770/770 736/736
f 739/739 736/736 770/770
f 771/771 736/736 772/772
f 744/744 772/772 736/736
f 771/771 772/772 765/765
f 768/768 765/765 772/772
f 771/771 765/765 770/770
f 766/766 770/770 765/765
f 773/773 759/759 774/774
f 760/760 774/774 759/759
f 773/773 774/774 775/775
f 776/776 775/775 774/774
f 773/773 775/775 772/772
f 768/768 772/772 775/775
f 773/773 772/772 759/759
f 744/744 759/759 772/772
f 778/778 777/777 779/779
f 780/780 779/779 777/777
f 778/778 779/779 767/767
f 769/769 767/767 779/779
f 778/778 767/767 775/775
f 768/768 775/775 767/767
f 778/778 775/775 777/777
f 776/776 777/777 775/775
f 782/782 781/781 783/783
f 784/784 783/783 781/781
f 782/782 783/783 785/785
f 786/786 785/785 783/783
f 782/782 785/785 787/787
f 788/788 787/787 785/785
f 782/782 787/787 781/781
f 789/789 781/781 787/787
f 791/791 790/790 761/761
f 764/764 761/761 790/790
f 791/791 761/761 792/792
f 769/769 792/792 761/761
f 791/791 792/792 785/785
f 788/788 785/785 792/792
f 791/791 785/785 790/790
f 786/786 790/790 785/785
f 793/793 779/779 794/794
f 780/780 794/794 779/779
f 793/793 794/794 795/795
f 796/796 795/795 794/794
f 793/793 795/795 792/792
f 788/788 792/792 795/795
f 793/793 792/792 779/779
f 769/769 779/779 792/792
f 798/798 797/797 799/799
f 800/800 799/799 797/797
f 798/798 799/799 787/787
f 789/789 787/787 799/799
f 798/798 787/787 795/795
f 788/788 795/795 787/787
f 798/798 795/795 797/797
f 796/796 797/797 795/795
f 802/802 801/801 803/803
f 804/804 803/803 801/801
f 802/802 803/803 805/805
f 806/806 805/805 803/803
f 802/802 805/805 807/807
f 808/808 807/807 805/805
f 802/802 807/807 801/801
f 809/809 801/801 807/807
f 811/811 810/810 781/781
f 784/784 781/781 810/810
f 811/811 781/781 812/812
f 789/789 812/812 781/781
f 811/811 812/812 805/805
f 808/808 805/805 812/812
f 811/811 805/805 810/810
f 806/806 810/810 805/805
f 813/813 799/799 814/814
f 800/800 814/814 799/799
f 813/813 814/814 815/815
f 816/816 815/815 814/814
f 813/813 815/815 812/812
f 808/808 812/812 815/815
f 813/813 812/812 799/799
f 789/789 799/799 812/812
f 818/818 817/817 819/819
f 820/820 819/819 817/817
f 818/818 819/819 807/807
f 809/809 807/807 819/819
f 818/818 807/807 815/815
f 808/808 815/815 807/807
f 818/818 815/815 817/817
f 816/816 817/817 815/815
f 821/821 819/819 822/822
f 820/820 822/822 819/819
f 821/821 822/822 823/823
f 824/824 823/823 822/822
f 821/821 823/823 825/825
f 826/826 825/825 823/823
f 821/821 825/825 819/819
f 809/809 819/819 825/825
f 828/828 827/827 829/829
f 830/830 829/829 827/827
f 828/828 829/829 831/831
f 832/832 831/831 829/829
f 828/828 831/831 823/823
f 826/826 823/823 831/831
f 828/828 823/823 827/827
f 824/824 827/827 823/823
f 834/834 833/833 835/835
f 836/836 835/835 833/833
f 834/834 835/835 837/837
f 838/838 837/837 835/835
f 834/834 837/837 831/831
f 826/826 831/831 837/837
f 834/834 831/831 833/833
f 832/832 833/833 831/831
f 840/840 839/839 801/801
f 804/804 801/801 839/839
f 840/840 801/801 825/825
f 809/809 825/825 801/801
f 840/840 825/825 837/837
f 826/826 837/837 825/825
f 840/840 837/837 839/839
f 838/838 839/839 837/837
f 842/842 841/841 843/843
f 844/844 843/843 841/841
f 842/842 843/843 845/845
f 846/846 845/845 843/843
f 842/842 845/845 847/847
f 848/848 847/847 845/845
f 842/842 847/847 841/841
f 849/849 841/841 847/847
f 851/851 850/850 852/852
f 853/853 852/852 850/850
f 851/851 852/852 854/854
f 855/855 854/854 852/852
f 851/851 854/854 845/845
f 848/848 845/845 854/854
f 851/851 845/845 850/850
f 846/846 850/850 845/845
f 857/857 856/856 858/858
f 859/859 858/858 856/856
f 857/857 858/858 860/860
f 861/861 860/860 858/858
f 857/857 860/860 854/854
f 848/848 854/854 860/860
f 857/857 854/854 856/856
f 855/855 856/856 854/854
f 863/863 862/862 864/864
f 865/865 864/864 862/862
f 863/863 864/864 847/847
f 849/849 847/847 864/864
f 863/863 847/847 860/860
f 848/848 860/860 847/847
f 863/863 860/860 862/862
f 861/861 862/862 860/860
f 867/867 866/866 868/868
f 869/869 868/868 866/866
f 867/867 868/868 870/870
f 871/871 870/870 868/868
f 867/867 870/870 872/872
f 873/873 872/872 870/870
f 867/867 872/872 866/866
f 874/874 866/866 872/872
f 876/876 875/875 841/841
f 844/844 841/841 875/875
f 876/876 841/841 877/877
f 849/849 877/877 841/841
f 876/876 877/877 870/870
f 873/873 870/870 877/877
f 876/876 870/870 875/875
f 871/871 875/875 870/870
f 878/878 864/864 879/879
f 865/865 879/879 864/864
f 878/878 879/879 880/880
f 881/881 880/880 879/879
f 878/878 880/880 877/877
f 873/873 877/877 880/880
f 878/878 877/877 864/864
f 849/849 864/864 877/877
f 883/883 882/882 884/884
f 885/885 884/884 882/882
f 883/883 884/884 872/872
f 874/874 872/872 884/884
f 883/883 872/872 880/880
f 873/873 880/880 872/872
f 883/883 880/880 882/882
f 881/881 882/882 880/880
f 887/887 886/886 888/888
f 889/889 888/888 886/886
f 887/887 888/888 890/890
f 891/891 890/890 888/888
f 887/887 890/890 892/892
f 893/893 892/892 890/890
f 887/887 892/892 886/886
f 894/894 886/886 892/892
f 896/896 895/895 866/866
f 869/869 866/866 895/895
f 896/896 866/866 897/897
f 874/874 897/897 866/866
f 896/896 897/897 890/890
f 893/893 890/890 897/897
f 896/896 890/890 895/895
f 891/891 895/895 890/890
f 898/898 884/884 899/899
f 885/885 899/899 884/884
f 898/898 899/899 900/900
f 901/901 900/900 899/899
f 898/898 900/900 897/897
f 893/893 897/897 900/900
f 898/898 897/897 884/884
f 874/874 884/884 897/897
f 903/903 902/902 904/904
f 905/905 904/904 902/902
f 903/903 904/904 892/892
f 894/894 892/892 904/904
f 903/903 892/892 900/900
f 893/893 900/900 892/892
f 903/903 900/900 902/902
f 901/901 902/902 900/900
f 907/907 906/906 908/908
f 909/909 908/908 906/906
f 907/907 908/908 910/910
f 911/911 910/910 908/908
f 907/907 910/910 912/912
f 913/913 912/912 910/910
f 907/907 912/912 906/906
f 914/914 906/906 912/912
f 916/916 915/915 886/886
f 889/889 886/886 915/915
f 916/916 886/886 917/917
f 894/894 917/917 886/886
f 916/916 917/917 910/910
f 913/913 910/910 917/917
f 916/916 910/910 915/915
f 911/911 915/915 910/910
f 918/918 904/904 919/919
f 905/905 919/919 904/904
f 918/918 919/919 920/920
f 921/921 920/920 919/919
f 918/918 920/920 917/917
f 913/913 917/917 920/920
f 918/918 917/917 904/904
f 894/894 904/904 917/917
f 923/923 922/922 924/924
f 925/925 924/924 922/922
f 923/923 924/924 912/912
f 914/914 912/912 924/924
f 923/923 912/912 920/920
f 913/913 920/920 912/912
f 923/923 920/920 922/922
f 921/921 922/922 920/920
f 926/926 924/924 927/927
f 925/925 927/927 924/924
f 926/926 927/927 928/928
f 929/929 928/928 927/927
f 926/926 928/928 930/930
f 931/931 930/930 928/928
f 926/926 930/930 924/924
f 914/914 924/924 930/930
f 933/933 932/932 934/934
f 935/935 934/934 932/932
f 933/933 934/934 936/936
f 937/937 936/936 934/934
f 933/933 936/936 928/928
f 931/931 928/928 936/936
f 933/933 928/928 932/932
f 929/929 932/932 928/928
f 939/939 938/938 940/940
f 941/941 940/940 938/938
f 939/939 940/940 942/942
f 943/943 942/942 940/940
f 939/939 942/942 936/936
f 931/931 936/936 942/942
f 939/939 936/936 938/938
f 937/937 938/938 936/936
f 945/945 944/944 906/906
f 909/909 906/906 944/944
f 945/945 906/906 930/930
f 914/914 930/930 906/906
f 945/945 930/930 942/942
f 931/931 942/942 930/930
f 945/945 942/942 944/944
f 943/943 944/944 942/942

v -1.697717 1.547981 2.403149
v -1.872119 1.506365 2.394591
v -1.872551 1.506593 1.914037
v -1.698696 1.548497 1.922721
v -2.035500 1.458950 2.383499
v -2.035874 1.459147 1.902932
v -1.871947 1.506274 2.875204
v -2.034858 1.458612 2.864004
v -1.696649 1.547419 2.883557
v -2.192828 1.408351 1.890364
v -2.192828 1.408351 2.371017
v -2.345618 1.355363 2.357491
v -2.345618 1.355363 1.876839
v -2.192828 1.408351 2.851670
v -2.345618 1.355363 2.838145
v -2.345618 1.355363 3.318798
v -2.192828 1.408351 3.332323
v -2.192828 1.408351 3.812975
v -2.345618 1.355363 3.799450
v -2.035500 1.458950 3.344805
v -2.035874 1.459147 3.825543
v -1.872552 1.506593 3.836648
v -1.872119 1.506365 3.355896
v -1.697717 1.547981 3.364455
v -1.698697 1.548497 3.845333
v -0.919741 1.602506 2.415895
v -1.122093 1.616569 2.415536
v -1.122047 1.617364 1.934908
v -0.919636 1.604308 1.935298
v -1.321084 1.607967 2.413498
v -1.321418 1.608853 1.932953
v -1.122111 1.616250 2.896178
v -1.320510 1.606448 2.893966
v -0.919855 1.600541 2.896486
v -1.515101 1.585276 1.929167
v -1.514669 1.585048 2.409721
v -1.514496 1.584957 2.890334
v -1.514669 1.585048 3.371027
v -1.515101 1.585276 3.851779
v -1.321084 1.607967 3.374804
v -1.321418 1.608853 3.855565
v -1.122047 1.617364 3.857519
v -1.122093 1.616569 3.376842
v -0.919741 1.602506 3.377201
v -0.919636 1.604308 3.857910
v -0.139570 1.375683 2.413197
v -0.326787 1.454533 2.414155
v -0.326549 1.454716 1.933493
v -0.139030 1.376096 1.932525
v -0.520559 1.520380 2.415070
v -0.520313 1.521228 1.934431
v -0.326882 1.454460 2.894811
v -0.520981 1.518929 2.895698
v -0.140158 1.375232 2.893872
v -0.718265 1.573335 1.935127
v -0.718311 1.572540 2.415755
v -0.718330 1.572222 2.896398
v -0.718312 1.572540 3.377061
v -0.718265 1.573335 3.857738
v -0.520559 1.520380 3.376375
v -0.520313 1.521228 3.857043
v -0.326549 1.454716 3.856106
v -0.326787 1.454533 3.375461
v -0.139570 1.375683 3.374504
v -0.139030 1.376096 3.855137
v 0.562753 0.974528 2.408911
v 0.392272 1.095661 2.410520
v 0.392273 1.096251 1.929892
v 0.562756 0.975866 1.928315
v 0.219255 1.199830 2.411581
v 0.219463 1.200500 1.930942
v 0.392271 1.095425 2.891163
v 0.218899 1.198683 2.892209
v 0.562750 0.973071 2.889502
v 0.043124 1.293364 1.931750
v 0.042885 1.293182 2.412411
v 0.042790 1.293109 2.893068
v 0.042885 1.293182 3.373717
v 0.043123 1.293364 3.854362
v 0.219255 1.199830 3.372887
v 0.219462 1.200500 3.853554
v 0.392273 1.096251 3.852504
v 0.392272 1.095661 3.371826
v 0.562753 0.974528 3.370217
v 0.562756 0.975866 3.850926
v 0.733207 0.841593 3.368107
v 0.733208 0.842183 3.848785
v 0.903625 0.693609 3.365359
v 0.903626 0.694121 3.846034
v 0.733206 0.841357 2.887444
v 0.903623 0.692733 2.884669
v 1.074024 0.537364 3.842914
v 1.074024 0.537364 3.362261
v 1.244409 0.374923 3.358901
v 1.244408 0.374923 3.839553
v 1.074024 0.537364 2.881608
v 1.244409 0.374923 2.878247
v 1.244409 0.374923 2.397594
v 1.074024 0.537364 2.400955
v 1.074024 0.537364 1.920302
v 1.244409 0.374923 1.916942
v 0.903625 0.693609 2.404053
v 0.903626 0.694121 1.923422
v 0.733208 0.842183 1.926173
v 0.733207 0.841593 2.406801
v 1.467635 1.121185 -0.001621
v 1.454117 1.068014 -0.160614
v 1.892564 0.969198 -0.187916
v 1.905989 1.022614 -0.029460
v 1.442571 1.009891 -0.308956
v 1.881031 0.911049 -0.336210
v 1.015613 1.166951 -0.133555
v 1.004152 1.108614 -0.281450
v 1.029292 1.219719 0.026303
v 1.870639 0.850040 -0.478349
v 1.432108 0.949052 -0.451454
v 1.422454 0.886171 -0.589566
v 1.860987 0.787159 -0.616460
v 0.993576 1.048061 -0.424566
v 0.983924 0.985183 -0.562676
v 0.545396 1.084196 -0.535790
v 0.555046 1.147076 -0.397677
v 0.116515 1.246087 -0.370791
v 0.106864 1.183207 -0.508896
v 0.565508 1.207915 -0.255181
v 0.126910 1.307095 -0.228652
v 0.138445 1.365245 -0.080364
v 0.577054 1.266038 -0.106832
v 0.590571 1.319210 0.052161
v 0.151866 1.418664 0.078100
v 1.524916 1.233719 0.718236
v 1.512969 1.230785 0.528575
v 1.951635 1.132505 0.501655
v 1.963758 1.136370 0.691284
v 1.498270 1.207120 0.344029
v 1.936860 1.108914 0.316752
v 1.074382 1.329501 0.555473
v 1.059647 1.304753 0.371581
v 1.086039 1.330922 0.745196
v 1.921153 1.071662 0.138418
v 1.482701 1.170479 0.165730
v 1.044201 1.269410 0.192783
v 0.605640 1.368500 0.219506
v 0.167030 1.467705 0.245980
v 0.621210 1.405147 0.397807
v 0.182734 1.504961 0.424306
v 0.197517 1.528554 0.609212
v 0.635909 1.428809 0.582350
v 0.647856 1.431745 0.772015
v 0.209642 1.532416 0.798839
v 1.540182 1.086995 1.465102
v 1.541118 1.144510 1.283652
v 1.979710 1.045682 1.256967
v 1.978849 0.988397 1.438673
v 1.539005 1.189666 1.097293
v 1.977711 1.091449 1.070555
v 1.102563 1.243448 1.310461
v 1.100176 1.287317 1.123921
v 1.101497 1.185555 1.491487
v 1.972735 1.123719 0.881552
v 1.534067 1.221996 0.908474
v 1.095482 1.320717 0.935372
v 0.657009 1.420022 0.962251
v 0.218617 1.519766 0.989111
v 0.661945 1.387689 1.151070
v 0.223589 1.487495 1.178112
v 0.225589 1.441727 1.364526
v 0.664056 1.342534 1.337432
v 0.663118 1.285017 1.518881
v 0.224728 1.384443 1.546233
v 1.516218 0.775132 2.155418
v 1.526271 0.872589 1.985701
v 1.964896 0.774118 1.958761
v 1.954966 0.677350 2.128413
v 1.533235 0.954283 1.815153
v 1.971906 0.855901 1.788394
v 1.087699 0.971384 2.012612
v 1.094472 1.052218 1.841815
v 1.077453 0.872803 2.182436
v 1.976589 0.926992 1.615777
v 1.538000 1.025822 1.642463
v 1.099444 1.124757 1.669271
v 0.660940 1.223843 1.696242
v 0.222469 1.323039 1.723335
v 0.656176 1.152307 1.868932
v 0.217781 1.251947 1.895953
v 0.210773 1.170167 2.066320
v 0.649208 1.070612 2.039480
v 0.639160 0.973156 2.209197
v 0.200846 1.073396 2.235970
v 0.627203 0.864845 2.379942
v 0.188770 0.964401 2.406781
v 0.612821 0.742694 2.552002
v 0.174371 0.842177 2.578847
v 1.065697 0.765617 2.353075
v 1.051210 0.642877 2.525189
v 0.158571 0.711959 2.751671
v 0.597099 0.612946 2.724780
v 0.580383 0.477499 2.898099
v 0.141851 0.576510 2.924987
v 1.035632 0.513934 2.697892
v 1.018911 0.378486 2.871208
v 1.457436 0.279475 2.844320
v 1.474162 0.414922 2.671002
v 1.912691 0.315911 2.644113
v 1.895971 0.180464 2.817433
v 1.489880 0.544672 2.498223
v 1.928490 0.446130 2.471289
v 1.942889 0.568353 2.299224
v 1.504265 0.666822 2.326163
v 0.705588 1.290838 5.528521
v 0.694528 1.236911 5.687608
v 0.246480 1.284779 5.695787
v 0.257690 1.338913 5.537235
v 0.680455 1.178873 5.835920
v 0.232391 1.226722 5.844042
v 1.142647 1.189140 5.679681
v 1.128446 1.130926 5.827533
v 1.153462 1.242733 5.519722
v 0.216560 1.166288 5.986070
v 0.664727 1.118580 5.978312
v 0.647759 1.056594 6.116269
v 0.199592 1.104303 6.124027
v 1.112895 1.070873 5.970557
v 1.095927 1.008886 6.108512
v 1.544094 0.961178 6.100755
v 1.561065 1.023163 5.962800
v 2.009231 0.975455 5.955042
v 1.992260 0.913470 6.092997
v 1.576791 1.083457 5.820406
v 2.025057 1.035888 5.813016
v 2.039150 1.093949 5.664758
v 1.590864 1.141496 5.672097
v 1.601922 1.195424 5.513011
v 2.050358 1.148081 5.506210
v 0.718052 1.412262 4.807290
v 0.720402 1.406595 4.997416
v 0.272338 1.455044 5.005203
v 0.270119 1.461645 4.815114
v 0.718890 1.380376 5.182364
v 0.270915 1.428861 5.190511
v 1.168528 1.358590 4.989651
v 1.166729 1.331330 5.173934
v 1.165967 1.362726 4.799461
v 0.266236 1.389412 5.369165
v 0.714285 1.341544 5.360984
v 1.162405 1.293773 5.353061
v 1.610621 1.246130 5.345471
v 2.058907 1.198581 5.338138
v 1.615225 1.284961 5.166851
v 2.063587 1.238032 5.159484
v 2.065010 1.264210 4.974175
v 1.616739 1.311178 4.981906
v 1.614389 1.316845 4.791777
v 2.062790 1.270813 4.784084
v 0.687869 1.274345 4.058524
v 0.697853 1.330070 4.240433
v 0.249694 1.377969 4.247985
v 0.239722 1.322490 4.065815
v 0.706532 1.373123 4.427271
v 0.258462 1.421641 4.434876
v 1.146016 1.282285 4.232759
v 1.154534 1.324032 4.419777
v 1.136013 1.226161 4.051274
v 0.265585 1.451581 4.624362
v 0.713649 1.403132 4.616575
v 1.161775 1.355128 4.608807
v 1.609985 1.307718 4.601062
v 2.058253 1.260748 4.593334
v 1.602866 1.277708 4.411758
v 2.051132 1.230808 4.403849
v 2.042364 1.187138 4.216958
v 1.594190 1.234653 4.224920
v 1.584206 1.178929 4.043010
v 2.032391 1.131655 4.034788
v 0.639196 0.967603 3.366486
v 0.653924 1.064052 3.536634
v 0.205840 1.112304 3.544444
v 0.191216 1.016547 3.374362
v 0.666456 1.144575 3.707606
v 0.218368 1.192923 3.715230
v 1.102060 1.016124 3.528857
v 1.114486 1.095772 3.700078
v 1.087158 0.918549 3.358600
v 0.229550 1.262675 3.888273
v 0.677707 1.214774 3.880722
v 1.125872 1.166989 3.873047
v 1.574042 1.119358 3.865208
v 2.022221 1.071841 3.857246
v 1.562792 1.049159 3.692093
v 2.011038 1.002090 3.684204
v 1.998510 0.921470 3.513417
v 1.550260 0.968633 3.521121
v 1.535531 0.872187 3.350973
v 1.983885 0.825715 3.343336
v 1.519151 0.764836 3.179779
v 1.967398 0.717673 3.172076
v 1.500662 0.643581 3.007252
v 1.948903 0.596345 2.999540
v 1.070947 0.812326 3.187515
v 1.052373 0.690479 3.014931
v 1.929190 0.466985 2.826236
v 1.481024 0.514692 2.833993
v 1.460515 0.380080 2.660185
v 1.908683 0.332372 2.652426
v 1.032853 0.562400 2.841750
v 1.012347 0.427787 2.667942
v 0.564179 0.475495 2.675699
v 0.584687 0.610109 2.849506
v 0.136521 0.657817 2.857265
v 0.116013 0.523204 2.683455
v 0.604329 0.738997 3.022764
v 0.156234 0.787177 3.030567
v 0.174730 0.908505 3.203101
v 0.622814 0.860252 3.195292
v 4.386360 1.398190 3.194197
v 4.571146 1.338000 3.210511
v 4.571873 1.398823 3.729055
v 4.387710 1.459257 3.712571
v 4.743448 1.272940 3.230169
v 4.744104 1.333739 3.748733
v 4.570718 1.277294 2.691890
v 4.742487 1.212023 2.711691
v 4.384913 1.337087 2.675845
v 4.909131 1.265837 3.770345
v 4.908897 1.205205 3.251667
v 5.069203 1.135465 3.274541
v 5.069448 1.196098 3.793216
v 4.908661 1.144573 2.732991
v 5.068967 1.074832 2.755866
v 5.068735 1.014200 2.237189
v 4.908429 1.083939 2.214313
v 4.908191 1.023305 1.695638
v 5.068497 0.953567 1.718517
v 4.742980 1.151673 2.192818
v 4.743166 1.091206 1.674033
v 4.570927 1.156294 1.654350
v 4.570678 1.216734 2.173158
v 4.385899 1.276929 2.156845
v 4.386765 1.216726 1.637871
v 3.549590 1.528961 3.165347
v 3.769928 1.524936 3.166110
v 3.770191 1.586426 3.684658
v 3.549888 1.591530 3.683734
v 3.984469 1.497077 3.171498
v 3.985153 1.558612 3.689950
v 3.769688 1.463958 2.647486
v 3.983467 1.434890 2.653208
v 3.549291 1.466214 2.646984
v 4.192512 1.515386 3.699051
v 4.191788 1.454561 3.180506
v 4.191365 1.393855 2.661884
v 4.191319 1.333299 2.143153
v 4.191573 1.272852 1.624349
v 3.983997 1.375814 2.134146
v 3.984210 1.316086 1.615242
v 3.769247 1.343892 1.609952
v 3.769460 1.403669 2.128754
v 3.549122 1.407694 2.127993
v 3.548940 1.349002 1.609030
v 2.683604 1.359454 3.188504
v 2.893743 1.426340 3.179544
v 2.893739 1.487194 3.698201
v 2.683293 1.420586 3.707143
v 3.109741 1.478630 3.172334
v 3.109791 1.540198 3.690881
v 2.893603 1.365621 2.660873
v 3.109824 1.416401 2.653868
v 2.683962 1.298277 2.669870
v 3.328995 1.577353 3.685678
v 3.328732 1.515865 3.167132
v 3.328487 1.454888 2.648506
v 3.328262 1.394598 2.129777
v 3.328055 1.334821 1.610978
v 3.109271 1.357367 2.134980
v 3.108849 1.297665 1.616179
v 2.892799 1.244660 1.623499
v 2.893275 1.305073 2.142186
v 2.683132 1.238188 2.151150
v 2.682355 1.178052 1.632439
v 1.885239 0.995371 3.236114
v 2.081298 1.109215 3.220959
v 2.081590 1.170479 3.739531
v 1.885600 1.057434 3.754562
v 2.278487 1.204651 3.208552
v 2.278562 1.266022 3.727127
v 2.081041 1.048328 2.702322
v 2.278526 1.142753 2.690053
v 1.884869 0.933179 2.717690
v 2.478267 1.349022 3.716449
v 2.478270 1.288168 3.197792
v 2.478132 1.227447 2.679123
v 2.477800 1.166902 2.160439
v 2.477324 1.106491 1.641746
v 2.278017 1.083383 2.171198
v 2.277620 1.023489 1.652424
v 2.080650 0.927945 1.664828
v 2.080830 0.987947 2.183604
v 1.884769 0.874105 2.198763
v 1.884660 0.814903 1.679859
v 1.687610 0.747636 2.215945
v 1.687434 0.687635 1.697169
v 1.489061 0.605069 2.235707
v 1.488871 0.544984 1.716944
v 1.687825 0.808017 2.734663
v 1.489212 0.664765 2.754534
v 1.289501 0.393032 1.738208
v 1.289737 0.453664 2.256883
v 1.089842 0.295631 2.279123
v 1.089606 0.234998 1.760448
v 1.289973 0.514296 2.775562
v 1.090077 0.356262 2.797801
v 1.090314 0.416896 3.316478
v 1.290209 0.574930 3.294236
v 1.290447 0.635563 3.812907
v 1.090548 0.477529 3.835150
v 1.489527 0.726336 3.273058
v 1.489811 0.787515 3.791645
v 1.688370 0.930166 3.771869
v 1.688084 0.868901 3.253298
v 1.798482 2.150944 4.660143
v 1.854512 2.155874 4.802734
v 1.480411 2.150305 4.971300
v 1.424634 2.145741 4.829012
v 1.905480 2.153512 4.939083
v 1.531349 2.147903 5.107615
v 2.228725 2.161613 4.634319
v 2.279479 2.158938 4.770403
v 2.172286 2.156093 4.491216
v 1.579362 2.141288 5.240325
v 1.953663 2.147141 5.072006
v 1.999759 2.137771 5.202351
v 1.625464 2.131924 5.370680
v 2.327964 2.152997 4.903684
v 2.374059 2.143628 5.034032
v 2.748358 2.149480 4.865715
v 2.702265 2.158852 4.735366
v 3.076557 2.164703 4.567047
v 3.122657 2.155333 4.697396
v 2.654078 2.165220 4.602448
v 3.028550 2.171320 4.434343
v 2.977602 2.173719 4.298020
v 2.603114 2.167583 4.466101
v 2.547080 2.162656 4.323512
v 2.921828 2.169152 4.155742
v 1.542258 2.020669 4.059303
v 1.608291 2.077854 4.208878
v 1.233914 2.072645 4.376993
v 1.167786 2.016280 4.227166
v 1.674231 2.115589 4.361061
v 1.300035 2.110542 4.529418
v 1.982625 2.083447 4.040642
v 2.048344 2.120059 4.192677
v 1.916751 2.024931 3.891485
v 1.364377 2.134730 4.681217
v 1.738478 2.140300 4.512655
v 2.112697 2.146038 4.344244
v 2.487077 2.152005 4.176017
v 2.861577 2.158144 4.007946
v 2.422825 2.127300 4.024421
v 2.797243 2.133961 3.856140
v 2.731114 2.096057 3.703715
v 2.356893 2.089559 3.872241
v 2.290860 2.032379 3.722666
v 2.664984 2.039691 3.553885
v 1.302299 1.658007 3.518698
v 1.357606 1.765150 3.643416
v 0.983200 1.759393 3.811521
v 0.927762 1.652373 3.686533
v 1.416414 1.863060 3.775697
v 1.041959 1.857849 3.943653
v 1.731944 1.770965 3.475181
v 1.790984 1.867817 3.607993
v 1.676859 1.663619 3.350905
v 1.103412 1.945385 4.081909
v 1.477788 1.950593 3.913791
v 1.852120 1.956188 3.745554
v 2.226388 1.962298 3.577153
v 2.600608 1.968796 3.408633
v 2.165011 1.874766 3.439057
v 2.539151 1.881261 3.270376
v 2.480396 1.782802 3.138246
v 2.106208 1.776855 3.306778
v 2.050897 1.669711 3.182059
v 2.424958 1.675783 3.013258
v 1.105153 1.169290 3.072228
v 1.151000 1.307494 3.175633
v 0.776661 1.302128 3.343824
v 0.730760 1.164540 3.240257
v 1.199019 1.432291 3.284548
v 0.824592 1.426944 3.452572
v 1.525317 1.313152 3.007366
v 1.573535 1.437276 3.116736
v 1.479555 1.173943 2.904225
v 0.874697 1.543175 3.566343
v 1.249099 1.548931 3.398238
v 1.623438 1.554744 3.230004
v 1.997697 1.560636 3.061599
v 2.371892 1.566584 2.893066
v 1.947618 1.443996 2.947910
v 2.321788 1.450354 2.779295
v 2.273856 1.325536 2.670548
v 1.899601 1.319200 2.838995
v 1.853754 1.180997 2.735590
v 2.227952 1.187954 2.566982
v 1.808742 1.033075 2.634745
v 2.182999 1.039414 2.466301
v 1.764800 0.872759 2.537177
v 2.139059 0.879034 2.368747
v 1.434458 1.027028 2.803117
v 1.390562 0.866185 2.705686
v 2.095739 0.711494 2.273080
v 1.721440 0.705640 2.441398
v 1.678526 0.533421 2.346972
v 2.052822 0.539271 2.178652
v 1.347139 0.699786 2.609719
v 1.304225 0.527564 2.515291
v 0.929922 0.521714 2.683610
v 0.972842 0.693936 2.778038
v 0.598547 0.688083 2.946358
v 0.555627 0.515861 2.851928
v 1.016199 0.861054 2.873813
v 0.641867 0.855622 3.042021
v 0.685802 1.016000 3.139574
v 1.060142 1.021369 2.971386
v 3.097027 2.441937 1.512100
v 3.231379 2.464637 1.405519
v 3.536287 2.467624 1.754083
v 3.402137 2.445384 1.860317
v 3.361403 2.478328 1.306020
v 3.666276 2.481272 1.654632
v 2.926582 2.461851 1.056791
v 3.056420 2.475154 0.957595
v 2.791871 2.438420 1.163948
v 3.793791 2.489708 1.559264
v 3.489055 2.487066 1.210424
v 3.614912 2.492102 1.117742
v 3.919667 2.494754 1.466580
v 3.184323 2.484419 0.861573
v 3.310188 2.489459 0.768898
v 3.005439 2.486819 0.420051
v 2.879591 2.481783 0.512721
v 2.574850 2.479135 0.163884
v 2.700717 2.484175 0.071208
v 2.751931 2.473042 0.608331
v 2.447349 2.470701 0.259246
v 2.317341 2.457057 0.358704
v 2.621913 2.459348 0.707823
v 2.487565 2.436661 0.814412
v 2.183206 2.434813 0.464932
v 2.548312 2.222844 1.976787
v 2.681733 2.305244 1.860070
v 2.986212 2.308577 2.209102
v 2.852468 2.227086 2.326052
v 2.819905 2.366077 1.741513
v 3.124567 2.369638 2.090281
v 2.377103 2.302317 1.511148
v 2.515300 2.361871 1.392811
v 2.244211 2.218479 1.627480
v 3.264193 2.415177 1.972811
v 2.959285 2.412185 1.624243
v 2.654488 2.409403 1.275508
v 2.349810 2.406897 0.926555
v 2.045251 2.404608 0.577427
v 2.210435 2.360797 1.043830
v 1.905619 2.359068 0.694889
v 1.767273 2.298006 0.813723
v 2.072262 2.299951 1.162379
v 1.938843 2.217564 1.279095
v 1.633518 2.216505 0.930668
v 2.081870 1.749881 2.391286
v 2.187183 1.885354 2.297036
v 2.491715 1.888080 2.646071
v 2.386143 1.752714 2.740560
v 2.300387 2.011385 2.196027
v 2.604718 2.014703 2.545193
v 1.882530 1.882681 1.948119
v 1.996331 2.007583 1.846629
v 1.777633 1.747032 2.041976
v 2.724493 2.129811 2.438805
v 2.420009 2.126469 2.089774
v 2.115379 2.123543 1.740854
v 1.810539 2.121178 1.392085
v 1.505552 2.119236 1.043428
v 1.690910 2.006096 1.498339
v 1.385779 2.004129 1.149821
v 1.272776 1.877501 1.250691
v 1.577710 1.880065 1.599342
v 1.472395 1.744592 1.693601
v 1.167199 1.742134 1.345183
v 1.714926 1.146850 2.721887
v 1.797392 1.314608 2.646518
v 2.101953 1.317785 2.995476
v 2.019274 1.150699 3.070989
v 1.886377 1.467977 2.566264
v 2.190792 1.471149 2.915372
v 1.492723 1.311751 2.297629
v 1.582197 1.464419 2.216974
v 1.410619 1.142896 2.372756
v 2.285158 1.615488 2.830804
v 1.980626 1.612762 2.481771
v 1.675971 1.610086 2.132856
v 1.371158 1.607474 1.784083
v 1.066216 1.604910 1.435430
v 1.276906 1.462688 1.868573
v 0.971847 1.460577 1.519995
v 0.883010 1.307205 1.600101
v 1.187917 1.309321 1.948828
v 1.105456 1.141566 2.024195
v 0.800335 1.140126 1.675614
v 1.026428 0.963200 2.097281
v 0.721527 0.961087 1.748550
v 0.951795 0.771308 2.167450
v 0.646910 0.769124 1.818711
v 1.331236 0.965632 2.446081
v 1.256780 0.773163 2.516128
v 0.574820 0.569345 1.887187
v 0.879554 0.571988 2.236029
v 0.809128 0.367100 2.303399
v 0.504396 0.364456 1.954558
v 1.184293 0.574630 2.584875
v 1.113864 0.369741 2.652247
v 1.418603 0.372387 3.001098
v 1.489032 0.577277 2.933718
v 1.793764 0.579920 3.282560
v 1.723337 0.375030 3.349939
v 1.561264 0.776594 2.865144
v 1.865850 0.779696 3.214084
v 1.940464 0.971659 3.143931
v 1.635906 0.968486 2.794970
v -0.116325 2.601803 0.740699
v -0.228874 2.623891 0.605852
v 0.119614 2.622838 0.284669
v 0.231803 2.601214 0.419314
v -0.334082 2.636784 0.475341
v 0.014455 2.635682 0.154194
v -0.577531 2.625152 0.926923
v -0.682424 2.637653 0.796597
v -0.464387 2.602323 1.062131
v -0.086472 2.643218 0.026190
v -0.435246 2.644630 0.347201
v -0.533392 2.648694 0.220864
v -0.184618 2.647289 -0.100165
v -0.784030 2.646031 0.668207
v -0.882169 2.650106 0.541861
v -1.230949 2.651516 0.862887
v -1.132816 2.647454 0.989218
v -1.481586 2.648853 1.310236
v -1.579723 2.652918 1.183886
v -1.031640 2.639604 1.117363
v -1.380663 2.641323 1.438221
v -1.275499 2.628474 1.568716
v -0.926437 2.626711 1.247871
v -0.813882 2.604633 1.382712
v -1.163318 2.606859 1.703344
v 0.373114 2.382202 1.291996
v 0.250360 2.465412 1.157737
v 0.599337 2.464712 0.836974
v 0.722342 2.382434 0.971552
v 0.125548 2.526511 1.018894
v 0.474252 2.526041 0.697951
v -0.098500 2.466534 1.478645
v -0.223092 2.526317 1.339787
v 0.023844 2.381847 1.612390
v 0.350477 2.571468 0.557758
v 0.001986 2.572523 0.878941
v -0.346679 2.573789 1.200013
v -0.695570 2.575343 1.520965
v -1.044640 2.577114 1.841801
v -0.572003 2.529335 1.660915
v -0.920873 2.531674 1.982002
v -0.795776 2.470352 2.121018
v -0.447198 2.468226 1.799759
v -0.324445 2.385026 1.934015
v -0.672776 2.388063 2.255602
v 0.808442 1.902083 1.763162
v 0.709541 2.039840 1.656495
v 1.058518 2.038517 1.335689
v 1.157673 1.900872 1.442609
v 0.603492 2.167871 1.542038
v 0.952612 2.167159 1.221423
v 0.360686 2.041219 1.977423
v 0.254128 2.168091 1.862379
v 0.459176 1.903276 2.083674
v 0.840862 2.283955 1.100504
v 0.491885 2.284647 1.421265
v 0.143026 2.285764 1.742175
v -0.205672 2.287460 2.063287
v -0.554250 2.289591 2.384544
v -0.094062 2.170693 2.184064
v -0.442494 2.172792 2.505465
v -0.336595 2.044150 2.619726
v 0.011979 2.042658 2.298518
v 0.110890 1.904898 2.405186
v -0.237438 1.906502 2.726655
v 1.154999 1.288028 2.136151
v 1.076096 1.459019 2.052011
v 1.424996 1.458156 1.731169
v 1.504054 1.287855 1.815517
v 0.991988 1.615224 1.961485
v 1.341043 1.614359 1.640794
v 0.727269 1.460208 2.372957
v 0.642736 1.615694 2.281950
v 0.805915 1.288094 2.456743
v 1.252361 1.761281 1.544973
v 0.903382 1.762605 1.865780
v 0.554530 1.763980 2.186712
v 0.205826 1.765422 2.507800
v -0.142752 1.766913 2.829017
v 0.294428 1.618040 2.603509
v -0.054067 1.619999 2.924837
v 0.029887 1.463786 3.015215
v 0.378539 1.461835 2.694037
v 0.457443 1.290849 2.778170
v 0.108947 1.293494 3.099557
v 0.533896 1.108976 2.858964
v 0.185240 1.110929 3.180136
v 0.607220 0.913222 2.935486
v 0.258553 0.915103 3.256641
v 0.882627 1.107350 2.537884
v 0.955819 0.911005 2.614230
v 0.330058 0.711256 3.330688
v 0.678835 0.709847 3.009678
v 0.749152 0.500758 3.082106
v 0.400376 0.502164 3.403113
v 1.027616 0.708436 2.688663
v 1.097933 0.499346 2.761096
v 1.446719 0.497940 2.440080
v 1.376390 0.707031 2.367649
v 1.725164 0.705623 2.046641
v 1.795494 0.496531 2.119071
v 1.304780 0.910405 2.293466
v 1.653660 0.909465 1.972601
v 1.580354 1.105291 1.896097
v 1.231454 1.106156 2.216937
v -0.706178 2.729333 3.653114
v -0.857324 2.761671 3.730244
v -1.076473 2.818769 3.327045
v -0.925555 2.786894 3.250245
v -1.003644 2.784962 3.800695
v -1.222753 2.842010 3.397455
v -0.638295 2.704778 4.133594
v -0.784409 2.727679 4.203758
v -0.486750 2.671712 4.055923
v -1.366278 2.860030 3.464007
v -1.147321 2.803282 3.867465
v -1.288998 2.817884 3.931496
v -1.507973 2.874640 3.528033
v -0.928369 2.746527 4.270932
v -1.070051 2.761138 4.334953
v -0.851079 2.704386 4.738420
v -0.709413 2.689783 4.674405
v -0.490447 2.633025 5.077857
v -0.632132 2.647629 5.141878
v -0.565727 2.671459 4.607623
v -0.346937 2.615010 5.011304
v -0.200637 2.591767 4.940894
v -0.419412 2.648168 4.537174
v -0.268269 2.615847 4.460039
v -0.049735 2.559897 4.864100
v -0.095319 2.473708 3.299705
v -0.241702 2.564511 3.391523
v -0.460302 2.621927 2.987986
v -0.313460 2.531998 2.896078
v -0.395284 2.634408 3.482455
v -0.614093 2.692054 3.079154
v -0.022890 2.507487 3.795014
v -0.176578 2.576128 3.885631
v 0.122750 2.415304 3.703347
v -0.770401 2.747029 3.167539
v -0.551251 2.689928 3.570741
v -0.332224 2.633035 3.974100
v -0.113333 2.576425 4.377666
v 0.105430 2.520032 4.781392
v 0.042633 2.520911 4.289376
v 0.261742 2.465046 4.693017
v 0.415531 2.394922 4.601835
v 0.196214 2.451002 4.198448
v 0.342595 2.360212 4.106630
v 0.562377 2.304987 4.509934
v 0.399049 1.973510 2.958079
v 0.290201 2.114820 3.038083
v 0.071493 2.171639 2.634486
v 0.180651 2.030419 2.554311
v 0.171275 2.247326 3.122268
v -0.047152 2.304724 2.718629
v 0.509061 2.058045 3.441596
v 0.389335 2.189483 3.526034
v 0.617398 1.916587 3.361871
v -0.174731 2.426886 2.805815
v 0.043869 2.369465 3.209349
v 0.262680 2.312441 3.612841
v 0.481782 2.255952 4.016274
v 0.701098 2.199881 4.419661
v 0.609197 2.133832 3.929192
v 0.828680 2.077713 4.332472
v 0.947319 1.944629 4.248333
v 0.728118 2.001314 3.845013
v 0.836969 1.860004 3.765000
v 1.056485 1.803407 4.168159
v 0.765458 1.351526 2.667012
v 0.686154 1.523176 2.735967
v 0.467445 1.580441 2.332471
v 0.547054 1.409439 2.263475
v 0.598006 1.681065 2.807183
v 0.379473 1.738317 2.403576
v 0.905018 1.466217 3.139443
v 0.816237 1.623449 3.210892
v 0.983804 1.293512 3.070561
v 0.284249 1.887658 2.477152
v 0.502958 1.830838 2.880752
v 0.721821 1.774060 3.284262
v 0.940871 1.717336 3.687675
v 1.160082 1.660647 4.091001
v 1.035922 1.567559 3.614111
v 1.255306 1.511314 4.017425
v 1.343278 1.353429 3.946317
v 1.124076 1.409670 3.542892
v 1.203370 1.238026 3.473938
v 1.422884 1.182435 3.877318
v 1.277764 1.056149 3.405655
v 1.496965 0.999907 3.809083
v 1.345890 0.861227 3.338232
v 1.565061 0.804921 3.741663
v 1.058706 1.112697 3.002204
v 1.126569 0.917220 2.934819
v 1.629548 0.602393 3.674740
v 1.410590 0.659145 3.271278
v 1.472702 0.451693 3.204686
v 1.691658 0.394939 3.608144
v 1.191629 0.715896 2.867812
v 1.253746 0.508441 2.801219
v 1.034785 0.565197 2.397749
v 0.972668 0.772651 2.464355
v 0.753711 0.829402 2.060894
v 0.815828 0.621947 1.994290
v 0.907977 0.974731 2.531305
v 0.689230 1.031925 2.127819
v 0.621136 1.226914 2.195233
v 0.839843 1.169651 2.598727
v 2.405610 3.180824 3.251860
v 2.544845 3.258447 3.285518
v 2.444898 3.298860 3.708137
v 2.305876 3.221774 3.674364
v 2.679490 3.325712 3.321428
v 2.579499 3.366070 3.744058
v 2.644913 3.218258 2.862850
v 2.779355 3.285080 2.898860
v 2.505293 3.139806 2.829372
v 2.711459 3.427319 3.781299
v 2.811603 3.387301 3.358594
v 2.941809 3.444633 3.396674
v 2.841682 3.484665 3.819387
v 2.911746 3.347280 2.935884
v 3.041950 3.404615 2.973971
v 3.142074 3.364587 2.551248
v 3.011887 3.307264 2.513169
v 3.112014 3.267226 2.090461
v 3.242226 3.324563 2.128550
v 2.879761 3.245668 2.476007
v 2.980061 3.205991 2.053226
v 2.845446 3.138772 2.017299
v 2.745129 3.178399 2.440094
v 2.605886 3.100804 2.406442
v 2.706434 3.061699 1.983527
v 1.854401 2.748378 3.150290
v 1.982178 2.879674 3.168465
v 1.881561 2.920199 3.590993
v 1.753168 2.789567 3.572579
v 2.120359 2.993785 3.192303
v 2.019957 3.034604 3.614778
v 2.082513 2.839452 2.745832
v 2.220942 2.952403 2.770007
v 1.955729 2.707124 2.728042
v 2.162795 3.135558 3.642603
v 2.262755 3.095139 3.219980
v 2.362831 3.054948 2.797308
v 2.463030 3.015094 2.374557
v 2.563351 2.975475 1.951762
v 2.320633 2.913741 2.346888
v 2.420519 2.874505 1.923929
v 2.282115 2.760102 1.900152
v 2.182456 2.799626 2.323046
v 2.054677 2.668343 2.304870
v 2.153718 2.629470 1.881729
v 1.459911 2.126183 3.118277
v 1.540631 2.291934 3.120806
v 1.440221 2.331944 3.543461
v 1.359163 2.166169 3.540866
v 1.633211 2.452869 3.126650
v 1.532418 2.493317 3.549143
v 1.640872 2.251925 2.698123
v 1.734451 2.412135 2.704293
v 1.560708 2.086209 2.695698
v 1.635638 2.647518 3.558348
v 1.736253 2.606989 3.135823
v 1.836589 2.566760 2.713193
v 1.936536 2.526933 2.290406
v 2.036192 2.487421 1.867510
v 1.833481 2.372826 2.281224
v 1.932966 2.333215 1.858311
v 1.840779 2.171844 1.852628
v 1.740907 2.211886 2.275382
v 1.660181 2.046131 2.272855
v 1.759716 2.006067 1.850023
v 1.217396 1.433391 3.130435
v 1.262752 1.617535 3.122238
v 1.162278 1.657955 3.544806
v 1.116503 1.474316 3.552826
v 1.319422 1.791805 3.118171
v 1.218772 1.832154 3.540714
v 1.363021 1.577350 2.699583
v 1.420457 1.751221 2.695748
v 1.318368 1.392397 2.708073
v 1.284115 2.000825 3.539468
v 1.384521 1.960823 3.116809
v 1.484762 1.920804 2.694125
v 1.584801 1.880775 2.271392
v 1.684664 1.840727 1.848628
v 1.519705 1.711757 2.272749
v 1.619319 1.672062 1.849875
v 1.562830 1.497856 1.853967
v 1.463027 1.537487 2.276815
v 1.417675 1.353351 2.285018
v 1.517050 1.314223 1.861995
v 1.379001 1.161310 2.296012
v 1.478807 1.121682 1.873165
v 1.348862 0.959198 2.310582
v 1.448707 0.919520 1.887755
v 1.278999 1.201177 2.718783
v 1.249213 0.998637 2.733500
v 1.423523 0.711532 1.904402
v 1.323389 0.751559 2.327108
v 1.301434 0.539769 2.345108
v 1.401571 0.499746 1.922403
v 1.223249 0.791580 2.749825
v 1.201294 0.579788 2.767820
v 1.101155 0.619818 3.190537
v 1.123116 0.831606 3.172534
v 1.022977 0.871630 3.595240
v 1.001019 0.659837 3.613245
v 1.148578 1.039246 3.156005
v 1.048156 1.079612 3.578588
v 1.078252 1.281774 3.564002
v 1.178727 1.241359 3.141438
# 945 vertices

vt 0.331138 0.862575
vt 0.332900 0.892007
vt 0.417129 0.892083
vt 0.415350 0.862727
vt 0.334661 0.921439
vt 0.418908 0.921439
vt 0.248670 0.891932
vt 0.250414 0.921439
vt 0.246927 0.862424
vt 0.421278 0.948220
vt 0.337032 0.948220
vt 0.339402 0.975000
vt 0.423649 0.975000
vt 0.252785 0.948220
vt 0.255155 0.975000
vt 0.170909 0.975000
vt 0.168538 0.948220
vt 0.084292 0.948220
vt 0.086662 0.975000
vt 0.166168 0.921439
vt 0.081921 0.921439
vt 0.080142 0.892083
vt 0.164406 0.892007
vt 0.162645 0.862575
vt 0.078364 0.862727
vt 0.329100 0.724957
vt 0.329228 0.760546
vt 0.413471 0.760538
vt 0.413338 0.724941
vt 0.329357 0.796135
vt 0.413604 0.796135
vt 0.244986 0.760554
vt 0.245110 0.796135
vt 0.244862 0.724974
vt 0.414477 0.829431
vt 0.330248 0.829355
vt 0.246018 0.829279
vt 0.161754 0.829355
vt 0.077490 0.829431
vt 0.160864 0.796135
vt 0.076617 0.796135
vt 0.076484 0.760538
vt 0.160735 0.760546
vt 0.160607 0.724957
vt 0.076351 0.724941
vt 0.329661 0.587708
vt 0.329470 0.621148
vt 0.413719 0.621107
vt 0.413911 0.587624
vt 0.329280 0.654589
vt 0.413527 0.654589
vt 0.245222 0.621190
vt 0.245033 0.654589
vt 0.245411 0.587791
vt 0.413432 0.689765
vt 0.329190 0.689773
vt 0.244948 0.689781
vt 0.160697 0.689773
vt 0.076446 0.689765
vt 0.160787 0.654589
vt 0.076540 0.654589
vt 0.076732 0.621107
vt 0.160977 0.621148
vt 0.161167 0.587708
vt 0.076924 0.587624
vt 0.360606 0.294598
vt 0.360319 0.320686
vt 0.471991 0.320823
vt 0.472272 0.294872
vt 0.360033 0.346774
vt 0.471710 0.346774
vt 0.248648 0.320549
vt 0.245645 0.525000
vt 0.248940 0.294324
vt 0.414024 0.556312
vt 0.329776 0.556354
vt 0.245528 0.556396
vt 0.161283 0.556354
vt 0.077038 0.556312
vt 0.161398 0.525000
vt 0.077151 0.525000
vt 0.025281 0.320823
vt 0.136964 0.320686
vt 0.137251 0.294598
vt 0.025562 0.294872
vt 0.137828 0.261654
vt 0.026145 0.261792
vt 0.138406 0.228711
vt 0.026728 0.228711
vt 0.249512 0.261517
vt 0.250083 0.228711
vt 0.027509 0.190968
vt 0.139187 0.190968
vt 0.139967 0.153226
vt 0.028290 0.153226
vt 0.250864 0.190968
vt 0.251645 0.153226
vt 0.363323 0.153226
vt 0.362542 0.190968
vt 0.474219 0.190968
vt 0.475000 0.153226
vt 0.361761 0.228711
vt 0.473438 0.228711
vt 0.472855 0.261792
vt 0.361183 0.261654
vt 0.331138 0.862575
vt 0.332900 0.892007
vt 0.417129 0.892083
vt 0.415350 0.862727
vt 0.334661 0.921439
vt 0.418908 0.921439
vt 0.248670 0.891932
vt 0.250414 0.921439
vt 0.246927 0.862424
vt 0.421278 0.948220
vt 0.337032 0.948220
vt 0.339402 0.975000
vt 0.423649 0.975000
vt 0.252785 0.948220
vt 0.255155 0.975000
vt 0.170909 0.975000
vt 0.168538 0.948220
vt 0.084292 0.948220
vt 0.086662 0.975000
vt 0.166168 0.921439
vt 0.081921 0.921439
vt 0.080142 0.892083
vt 0.164406 0.892007
vt 0.162645 0.862575
vt 0.078364 0.862727
vt 0.329100 0.724957
vt 0.329228 0.760546
vt 0.413471 0.760538
vt 0.413338 0.724941
vt 0.329357 0.796135
vt 0.413604 0.796135
vt 0.244986 0.760554
vt 0.245110 0.796135
vt 0.244862 0.724974
vt 0.414477 0.829431
vt 0.330248 0.829355
vt 0.246018 0.829279
vt 0.161754 0.829355
vt 0.077490 0.829431
vt 0.160864 0.796135
vt 0.076617 0.796135
vt 0.076484 0.760538
vt 0.160735 0.760546
vt 0.160607 0.724957
vt 0.076351 0.724941
vt 0.329661 0.587708
vt 0.329470 0.621148
vt 0.413719 0.621107
vt 0.413911 0.587624
vt 0.329280 0.654589
vt 0.413527 0.654589
vt 0.245222 0.621190
vt 0.245033 0.654589
vt 0.245411 0.587791
vt 0.413432 0.689765
vt 0.329190 0.689773
vt 0.244948 0.689781
vt 0.160697 0.689773
vt 0.076446 0.689765
vt 0.160787 0.654589
vt 0.076540 0.654589
vt 0.076732 0.621107
vt 0.160977 0.621148
vt 0.161167 0.587708
vt 0.076924 0.587624
vt 0.360606 0.294598
vt 0.360319 0.320686
vt 0.471991 0.320823
vt 0.472272 0.294872
vt 0.360033 0.346774
vt 0.471710 0.346774
vt 0.248648 0.320549
vt 0.245645 0.525000
vt 0.248940 0.294324
vt 0.414024 0.556312
vt 0.329776 0.556354
vt 0.245528 0.556396
vt 0.161283 0.556354
vt 0.077038 0.556312
vt 0.161398 0.525000
vt 0.077151 0.525000
vt 0.025281 0.320823
vt 0.136964 0.320686
vt 0.137251 0.294598
vt 0.025562 0.294872
vt 0.137828 0.261654
vt 0.026145 0.261792
vt 0.138406 0.228711
vt 0.026728 0.228711
vt 0.249512 0.261517
vt 0.250083 0.228711
vt 0.027509 0.190968
vt 0.139187 0.190968
vt 0.139967 0.153226
vt 0.028290 0.153226
vt 0.250864 0.190968
vt 0.251645 0.153226
vt 0.363323 0.153226
vt 0.362542 0.190968
vt 0.474219 0.190968
vt 0.475000 0.153226
vt 0.361761 0.228711
vt 0.473438 0.228711
vt 0.472855 0.261792
vt 0.361183 0.261654
vt 0.331138 0.862575
vt 0.332900 0.892007
vt 0.417129 0.892083
vt 0.415350 0.862727
vt 0.334661 0.921439
vt 0.418908 0.921439
vt 0.248670 0.891932
vt 0.250414 0.921439
vt 0.246927 0.862424
vt 0.421278 0.948220
vt 0.337032 0.948220
vt 0.339402 0.975000
vt 0.423649 0.975000
vt 0.252785 0.948220
vt 0.255155 0.975000
vt 0.170909 0.975000
vt 0.168538 0.948220
vt 0.084292 0.948220
vt 0.086662 0.975000
vt 0.166168 0.921439
vt 0.081921 0.921439
vt 0.080142 0.892083
vt 0.164406 0.892007
vt 0.162645 0.862575
vt 0.078364 0.862727
vt 0.329100 0.724957
vt 0.329228 0.760546
vt 0.413471 0.760538
vt 0.413338 0.724941
vt 0.329357 0.796135
vt 0.413604 0.796135
vt 0.244986 0.760554
vt 0.245110 0.796135
vt 0.244862 0.724974
vt 0.414477 0.829431
vt 0.330248 0.829355
vt 0.246018 0.829279
vt 0.161754 0.829355
vt 0.077490 0.829431
vt 0.160864 0.796135
vt 0.076617 0.796135
vt 0.076484 0.760538
vt 0.160735 0.760546
vt 0.160607 0.724957
vt 0.076351 0.724941
vt 0.329661 0.587708
vt 0.329470 0.621148
vt 0.413719 0.621107
vt 0.413911 0.587624
vt 0.329280 0.654589
vt 0.413527 0.654589
vt 0.245222 0.621190
vt 0.245033 0.654589
vt 0.245411 0.587791
vt 0.413432 0.689765
vt 0.329190 0.689773
vt 0.244948 0.689781
vt 0.160697 0.689773
vt 0.076446 0.689765
vt 0.160787 0.654589
vt 0.076540 0.654589
vt 0.076732 0.621107
vt 0.160977 0.621148
vt 0.161167 0.587708
vt 0.076924 0.587624
vt 0.360606 0.294598
vt 0.360319 0.320686
vt 0.471991 0.320823
vt 0.472272 0.294872
vt 0.360033 0.346774
vt 0.471710 0.346774
vt 0.248648 0.320549
vt 0.245645 0.525000
vt 0.248940 0.294324
vt 0.414024 0.556312
vt 0.329776 0.556354
vt 0.245528 0.556396
vt 0.161283 0.556354
vt 0.077038 0.556312
vt 0.161398 0.525000
vt 0.077151 0.525000
vt 0.025281 0.320823
vt 0.136964 0.320686
vt 0.137251 0.294598
vt 0.025562 0.294872
vt 0.137828 0.261654
vt 0.026145 0.261792
vt 0.138406 0.228711
vt 0.026728 0.228711
vt 0.249512 0.261517
vt 0.250083 0.228711
vt 0.027509 0.190968
vt 0.139187 0.190968
vt 0.139967 0.153226
vt 0.028290 0.153226
vt 0.250864 0.190968
vt 0.251645 0.153226
vt 0.363323 0.153226
vt 0.362542 0.190968
vt 0.474219 0.190968
vt 0.475000 0.153226
vt 0.361761 0.228711
vt 0.473438 0.228711
vt 0.472855 0.261792
vt 0.361183 0.261654
vt 0.331138 0.862575
vt 0.332900 0.892007
vt 0.417129 0.892083
vt 0.415350 0.862727
vt 0.334661 0.921439
vt 0.418908 0.921439
vt 0.248670 0.891932
vt 0.250414 0.921439
vt 0.246927 0.862424
vt 0.421278 0.948220
vt 0.337032 0.948220
vt 0.339402 0.975000
vt 0.423649 0.975000
vt 0.252785 0.948220
vt 0.255155 0.975000
vt 0.170909 0.975000
vt 0.168538 0.948220
vt 0.084292 0.948220
vt 0.086662 0.975000
vt 0.166168 0.921439
vt 0.081921 0.921439
vt 0.080142 0.892083
vt 0.164406 0.892007
vt 0.162645 0.862575
vt 0.078364 0.862727
vt 0.329100 0.724957
vt 0.329228 0.760546
vt 0.413471 0.760538
vt 0.413338 0.724941
vt 0.329357 0.796135
vt 0.413604 0.796135
vt 0.244986 0.760554
vt 0.245110 0.796135
vt 0.244862 0.724974
vt 0.414477 0.829431
vt 0.330248 0.829355
vt 0.246018 0.829279
vt 0.161754 0.829355
vt 0.077490 0.829431
vt 0.160864 0.796135
vt 0.076617 0.796135
vt 0.076484 0.760538
vt 0.160735 0.760546
vt 0.160607 0.724957
vt 0.076351 0.724941
vt 0.329661 0.587708
vt 0.329470 0.621148
vt 0.413719 0.621107
vt 0.413911 0.587624
vt 0.329280 0.654589
vt 0.413527 0.654589
vt 0.245222 0.621190
vt 0.245033 0.654589
vt 0.245411 0.587791
vt 0.413432 0.689765
vt 0.329190 0.689773
vt 0.244948 0.689781
vt 0.160697 0.689773
vt 0.076446 0.689765
vt 0.160787 0.654589
vt 0.076540 0.654589
vt 0.076732 0.621107
vt 0.160977 0.621148
vt 0.161167 0.587708
vt 0.076924 0.587624
vt 0.360606 0.294598
vt 0.360319 0.320686
vt 0.471991 0.320823
vt 0.472272 0.294872
vt 0.360033 0.346774
vt 0.471710 0.346774
vt 0.248648 0.320549
vt 0.245645 0.525000
vt 0.248940 0.294324
vt 0.414024 0.556312
vt 0.329776 0.556354
vt 0.245528 0.556396
vt 0.161283 0.556354
vt 0.077038 0.556312
vt 0.161398 0.525000
vt 0.077151 0.525000
vt 0.025281 0.320823
vt 0.136964 0.320686
vt 0.137251 0.294598
vt 0.025562 0.294872
vt 0.137828 0.261654
vt 0.026145 0.261792
vt 0.138406 0.228711
vt 0.026728 0.228711
vt 0.249512 0.261517
vt 0.250083 0.228711
vt 0.027509 0.190968
vt 0.139187 0.190968
vt 0.139967 0.153226
vt 0.028290 0.153226
vt 0.250864 0.190968
vt 0.251645 0.153226
vt 0.363323 0.153226
vt 0.362542 0.190968
vt 0.474219 0.190968
vt 0.475000 0.153226
vt 0.361761 0.228711
vt 0.473438 0.228711
vt 0.472855 0.261792
vt 0.361183 0.261654
vt 0.331138 0.862575
vt 0.332900 0.892007
vt 0.417129 0.892083
vt 0.415350 0.862727
vt 0.334661 0.921439
vt 0.418908 0.921439
vt 0.248670 0.891932
vt 0.250414 0.921439
vt 0.246927 0.862424
vt 0.421278 0.948220
vt 0.337032 0.948220
vt 0.339402 0.975000
vt 0.423649 0.975000
vt 0.252785 0.948220
vt 0.255155 0.975000
vt 0.170909 0.975000
vt 0.168538 0.948220
vt 0.084292 0.948220
vt 0.086662 0.975000
vt 0.166168 0.921439
vt 0.081921 0.921439
vt 0.080142 0.892083
vt 0.164406 0.892007
vt 0.162645 0.862575
vt 0.078364 0.862727
vt 0.329100 0.724957
vt 0.329228 0.760546
vt 0.413471 0.760538
vt 0.413338 0.724941
vt 0.329357 0.796135
vt 0.413604 0.796135
vt 0.244986 0.760554
vt 0.245110 0.796135
vt 0.244862 0.724974
vt 0.414477 0.829431
vt 0.330248 0.829355
vt 0.246018 0.829279
vt 0.161754 0.829355
vt 0.077490 0.829431
vt 0.160864 0.796135
vt 0.076617 0.796135
vt 0.076484 0.760538
vt 0.160735 0.760546
vt 0.160607 0.724957
vt 0.076351 0.724941
vt 0.329661 0.587708
vt 0.329470 0.621148
vt 0.413719 0.621107
vt 0.413911 0.587624
vt 0.329280 0.654589
vt 0.413527 0.654589
vt 0.245222 0.621190
vt 0.245033 0.654589
vt 0.245411 0.587791
vt 0.413432 0.689765
vt 0.329190 0.689773
vt 0.244948 0.689781
vt 0.160697 0.689773
vt 0.076446 0.689765
vt 0.160787 0.654589
vt 0.076540 0.654589
vt 0.076732 0.621107
vt 0.160977 0.621148
vt 0.161167 0.587708
vt 0.076924 0.587624
vt 0.360606 0.294598
vt 0.360319 0.320686
vt 0.471991 0.320823
vt 0.472272 0.294872
vt 0.360033 0.346774
vt 0.471710 0.346774
vt 0.248648 0.320549
vt 0.245645 0.525000
vt 0.248940 0.294324
vt 0.414024 0.556312
vt 0.329776 0.556354
vt 0.245528 0.556396
vt 0.161283 0.556354
vt 0.077038 0.556312
vt 0.161398 0.525000
vt 0.077151 0.525000
vt 0.025281 0.320823
vt 0.136964 0.320686
vt 0.137251 0.294598
vt 0.025562 0.294872
vt 0.137828 0.261654
vt 0.026145 0.261792
vt 0.138406 0.228711
vt 0.026728 0.228711
vt 0.249512 0.261517
vt 0.250083 0.228711
vt 0.027509 0.190968
vt 0.139187 0.190968
vt 0.139967 0.153226
vt 0.028290 0.153226
vt 0.250864 0.190968
vt 0.251645 0.153226
vt 0.363323 0.153226
vt 0.362542 0.190968
vt 0.474219 0.190968
vt 0.475000 0.153226
vt 0.361761 0.228711
vt 0.473438 0.228711
vt 0.472855 0.261792
vt 0.361183 0.261654
vt 0.331138 0.862575
vt 0.332900 0.892007
vt 0.417129 0.892083
vt 0.415350 0.862727
vt 0.334661 0.921439
vt 0.418908 0.921439
vt 0.248670 0.891932
vt 0.250414 0.921439
vt 0.246927 0.862424
vt 0.421278 0.948220
vt 0.337032 0.948220
vt 0.339402 0.975000
vt 0.423649 0.975000
vt 0.252785 0.948220
vt 0.255155 0.975000
vt 0.170909 0.975000
vt 0.168538 0.948220
vt 0.084292 0.948220
vt 0.086662 0.975000
vt 0.166168 0.921439
vt 0.081921 0.921439
vt 0.080142 0.892083
vt 0.164406 0.892007
vt 0.162645 0.862575
vt 0.078364 0.862727
vt 0.329100 0.724957
vt 0.329228 0.760546
vt 0.413471 0.760538
vt 0.413338 0.724941
vt 0.329357 0.796135
vt 0.413604 0.796135
vt 0.244986 0.760554
vt 0.245110 0.796135
vt 0.244862 0.724974
vt 0.414477 0.829431
vt 0.330248 0.829355
vt 0.246018 0.829279
vt 0.161754 0.829355
vt 0.077490 0.829431
vt 0.160864 0.796135
vt 0.076617 0.796135
vt 0.076484 0.760538
vt 0.160735 0.760546
vt 0.160607 0.724957
vt 0.076351 0.724941
vt 0.329661 0.587708
vt 0.329470 0.621148
vt 0.413719 0.621107
vt 0.413911 0.587624
vt 0.329280 0.654589
vt 0.413527 0.654589
vt 0.245222 0.621190
vt 0.245033 0.654589
vt 0.245411 0.587791
vt 0.413432 0.689765
vt 0.329190 0.689773
vt 0.244948 0.689781
vt 0.160697 0.689773
vt 0.076446 0.689765
vt 0.160787 0.654589
vt 0.076540 0.654589
vt 0.076732 0.621107
vt 0.160977 0.621148
vt 0.161167 0.587708
vt 0.076924 0.587624
vt 0.360606 0.294598
vt 0.360319 0.320686
vt 0.471991 0.320823
vt 0.472272 0.294872
vt 0.360033 0.346774
vt 0.471710 0.346774
vt 0.248648 0.320549
vt 0.245645 0.525000
vt 0.248940 0.294324
vt 0.414024 0.556312
vt 0.329776 0.556354
vt 0.245528 0.556396
vt 0.161283 0.556354
vt 0.077038 0.556312
vt 0.161398 0.525000
vt 0.077151 0.525000
vt 0.025281 0.320823
vt 0.136964 0.320686
vt 0.137251 0.294598
vt 0.025562 0.294872
vt 0.137828 0.261654
vt 0.026145 0.261792
vt 0.138406 0.228711
vt 0.026728 0.228711
vt 0.249512 0.261517
vt 0.250083 0.228711
vt 0.027509 0.190968
vt 0.139187 0.190968
vt 0.139967 0.153226
vt 0.028290 0.153226
vt 0.250864 0.190968
vt 0.251645 0.153226
vt 0.363323 0.153226
vt 0.362542 0.190968
vt 0.474219 0.190968
vt 0.475000 0.153226
vt 0.361761 0.228711
vt 0.473438 0.228711
vt 0.472855 0.261792
vt 0.361183 0.261654
vt 0.331138 0.862575
vt 0.332900 0.892007
vt 0.417129 0.892083
vt 0.415350 0.862727
vt 0.334661 0.921439
vt 0.418908 0.921439
vt 0.248670 0.891932
vt 0.250414 0.921439
vt 0.246927 0.862424
vt 0.421278 0.948220
vt 0.337032 0.948220
vt 0.339402 0.975000
vt 0.423649 0.975000
vt 0.252785 0.948220
vt 0.255155 0.975000
vt 0.170909 0.975000
vt 0.168538 0.948220
vt 0.084292 0.948220
vt 0.086662 0.975000
vt 0.166168 0.921439
vt 0.081921 0.921439
vt 0.080142 0.892083
vt 0.164406 0.892007
vt 0.162645 0.862575
vt 0.078364 0.862727
vt 0.329100 0.724957
vt 0.329228 0.760546
vt 0.413471 0.760538
vt 0.413338 0.724941
vt 0.329357 0.796135
vt 0.413604 0.796135
vt 0.244986 0.760554
vt 0.245110 0.796135
vt 0.244862 0.724974
vt 0.414477 0.829431
vt 0.330248 0.829355
vt 0.246018 0.829279
vt 0.161754 0.829355
vt 0.077490 0.829431
vt 0.160864 0.796135
vt 0.076617 0.796135
vt 0.076484 0.760538
vt 0.160735 0.760546
vt 0.160607 0.724957
vt 0.076351 0.724941
vt 0.329661 0.587708
vt 0.329470 0.621148
vt 0.413719 0.621107
vt 0.413911 0.587624
vt 0.329280 0.654589
vt 0.413527 0.654589
vt 0.245222 0.621190
vt 0.245033 0.654589
vt 0.245411 0.587791
vt 0.413432 0.689765
vt 0.329190 0.689773
vt 0.244948 0.689781
vt 0.160697 0.689773
vt 0.076446 0.689765
vt 0.160787 0.654589
vt 0.076540 0.654589
vt 0.076732 0.621107
vt 0.160977 0.621148
vt 0.161167 0.587708
vt 0.076924 0.587624
vt 0.360606 0.294598
vt 0.360319 0.320686
vt 0.471991 0.320823
vt 0.472272 0.294872
vt 0.360033 0.346774
vt 0.471710 0.346774
vt 0.248648 0.320549
vt 0.245645 0.525000
vt 0.248940 0.294324
vt 0.414024 0.556312
vt 0.329776 0.556354
vt 0.245528 0.556396
vt 0.161283 0.556354
vt 0.077038 0.556312
vt 0.161398 0.525000
vt 0.077151 0.525000
vt 0.025281 0.320823
vt 0.136964 0.320686
vt 0.137251 0.294598
vt 0.025562 0.294872
vt 0.137828 0.261654
vt 0.026145 0.261792
vt 0.138406 0.228711
vt 0.026728 0.228711
vt 0.249512 0.261517
vt 0.250083 0.228711
vt 0.027509 0.190968
vt 0.139187 0.190968
vt 0.139967 0.153226
vt 0.028290 0.153226
vt 0.250864 0.190968
vt 0.251645 0.153226
vt 0.363323 0.153226
vt 0.362542 0.190968
vt 0.474219 0.190968
vt 0.475000 0.153226
vt 0.361761 0.228711
vt 0.473438 0.228711
vt 0.472855 0.261792
vt 0.361183 0.261654
vt 0.331138 0.862575
vt 0.332900 0.892007
vt 0.417129 0.892083
vt 0.415350 0.862727
vt 0.334661 0.921439
vt 0.418908 0.921439
vt 0.248670 0.891932
vt 0.250414 0.921439
vt 0.246927 0.862424
vt 0.421278 0.948220
vt 0.337032 0.948220
vt 0.339402 0.975000
vt 0.423649 0.975000
vt 0.252785 0.948220
vt 0.255155 0.975000
vt 0.170909 0.975000
vt 0.168538 0.948220
vt 0.084292 0.948220
vt 0.086662 0.975000
vt 0.166168 0.921439
vt 0.081921 0.921439
vt 0.080142 0.892083
vt 0.164406 0.892007
vt 0.162645 0.862575
vt 0.078364 0.862727
vt 0.329100 0.724957
vt 0.329228 0.760546
vt 0.413471 0.760538
vt 0.413338 0.724941
vt 0.329357 0.796135
vt 0.413604 0.796135
vt 0.244986 0.760554
vt 0.245110 0.796135
vt 0.244862 0.724974
vt 0.414477 0.829431
vt 0.330248 0.829355
vt 0.246018 0.829279
vt 0.161754 0.829355
vt 0.077490 0.829431
vt 0.160864 0.796135
vt 0.076617 0.796135
vt 0.076484 0.760538
vt 0.160735 0.760546
vt 0.160607 0.724957
vt 0.076351 0.724941
vt 0.329661 0.587708
vt 0.329470 0.621148
vt 0.413719 0.621107
vt 0.413911 0.587624
vt 0.329280 0.654589
vt 0.413527 0.654589
vt 0.245222 0.621190
vt 0.245033 0.654589
vt 0.245411 0.587791
vt 0.413432 0.689765
vt 0.329190 0.689773
vt 0.244948 0.689781
vt 0.160697 0.689773
vt 0.076446 0.689765
vt 0.160787 0.654589
vt 0.076540 0.654589
vt 0.076732 0.621107
vt 0.160977 0.621148
vt 0.161167 0.587708
vt 0.076924 0.587624
vt 0.360606 0.294598
vt 0.360319 0.320686
vt 0.471991 0.320823
vt 0.472272 0.294872
vt 0.360033 0.346774
vt 0.471710 0.346774
vt 0.248648 0.320549
vt 0.245645 0.525000
vt 0.248940 0.294324
vt 0.414024 0.556312
vt 0.329776 0.556354
vt 0.245528 0.556396
vt 0.161283 0.556354
vt 0.077038 0.556312
vt 0.161398 0.525000
vt 0.077151 0.525000
vt 0.025281 0.320823
vt 0.136964 0.320686
vt 0.137251 0.294598
vt 0.025562 0.294872
vt 0.137828 0.261654
vt 0.026145 0.261792
vt 0.138406 0.228711
vt 0.026728 0.228711
vt 0.249512 0.261517
vt 0.250083 0.228711
vt 0.027509 0.190968
vt 0.139187 0.190968
vt 0.139967 0.153226
vt 0.028290 0.153226
vt 0.250864 0.190968
vt 0.251645 0.153226
vt 0.363323 0.153226
vt 0.362542 0.190968
vt 0.474219 0.190968
vt 0.475000 0.153226
vt 0.361761 0.228711
vt 0.473438 0.228711
vt 0.472855 0.261792
vt 0.361183 0.261654
vt 0.331138 0.862575
vt 0.332900 0.892007
vt 0.417129 0.892083
vt 0.415350 0.862727
vt 0.334661 0.921439
vt 0.418908 0.921439
vt 0.248670 0.891932
vt 0.250414 0.921439
vt 0.246927 0.862424
vt 0.421278 0.948220
vt 0.337032 0.948220
vt 0.339402 0.975000
vt 0.423649 0.975000
vt 0.252785 0.948220
vt 0.255155 0.975000
vt 0.170909 0.975000
vt 0.168538 0.948220
vt 0.084292 0.948220
vt 0.086662 0.975000
vt 0.166168 0.921439
vt 0.081921 0.921439
vt 0.080142 0.892083
vt 0.164406 0.892007
vt 0.162645 0.862575
vt 0.078364 0.862727
vt 0.329100 0.724957
vt 0.329228 0.760546
vt 0.413471 0.760538
vt 0.413338 0.724941
vt 0.329357 0.796135
vt 0.413604 0.796135
vt 0.244986 0.760554
vt 0.245110 0.796135
vt 0.244862 0.724974
vt 0.414477 0.829431
vt 0.330248 0.829355
vt 0.246018 0.829279
vt 0.161754 0.829355
vt 0.077490 0.829431
vt 0.160864 0.796135
vt 0.076617 0.796135
vt 0.076484 0.760538
vt 0.160735 0.760546
vt 0.160607 0.724957
vt 0.076351 0.724941
vt 0.329661 0.587708
vt 0.329470 0.621148
vt 0.413719 0.621107
vt 0.413911 0.587624
vt 0.329280 0.654589
vt 0.413527 0.654589
vt 0.245222 0.621190
vt 0.245033 0.654589
vt 0.245411 0.587791
vt 0.413432 0.689765
vt 0.329190 0.689773
vt 0.244948 0.689781
vt 0.160697 0.689773
vt 0.076446 0.689765
vt 0.160787 0.654589
vt 0.076540 0.654589
vt 0.076732 0.621107
vt 0.160977 0.621148
vt 0.161167 0.587708
vt 0.076924 0.587624
vt 0.360606 0.294598
vt 0.360319 0.320686
vt 0.471991 0.320823
vt 0.472272 0.294872
vt 0.360033 0.346774
vt 0.471710 0.346774
vt 0.248648 0.320549
vt 0.245645 0.525000
vt 0.248940 0.294324
vt 0.414024 0.556312
vt 0.329776 0.556354
vt 0.245528 0.556396
vt 0.161283 0.556354
vt 0.077038 0.556312
vt 0.161398 0.525000
vt 0.077151 0.525000
vt 0.025281 0.320823
vt 0.136964 0.320686
vt 0.137251 0.294598
vt 0.025562 0.294872
vt 0.137828 0.261654
vt 0.026145 0.261792
vt 0.138406 0.228711
vt 0.026728 0.228711
vt 0.249512 0.261517
vt 0.250083 0.228711
vt 0.027509 0.190968
vt 0.139187 0.190968
vt 0.139967 0.153226
vt 0.028290 0.153226
vt 0.250864 0.190968
vt 0.251645 0.153226
vt 0.363323 0.153226
vt 0.362542 0.190968
vt 0.474219 0.190968
vt 0.475000 0.153226
vt 0.361761 0.228711
vt 0.473438 0.228711
vt 0.472855 0.261792
vt 0.361183 0.261654

o name
usemtl Material
usemap Material
f 947/947 946/946 948/948
f 949/949 948/948 946/946
f 947/947 948/948 950/950
f 951/951 950/950 948/948
f 947/947 950/950 952/952
f 953/953 952/952 950/950
f 947/947 952/952 946/946
f 954/954 946/946 952/952
f 956/956 955/955 957/957
f 958/958 957/957 955/955
f 956/956 957/957 959/959
f 960/960 959/959 957/957
f 956/956 959/959 950/950
f 953/953 950/950 959/959
f 956/956 950/950 955/955
f 951/951 955/955 950/950
f 962/962 961/961 963/963
f 964/964 963/963 961/961
f 962/962 963/963 965/965
f 966/966 965/965 963/963
f 962/962 965/965 959/959
f 953/953 959/959 965/965
f 962/962 959/959 961/961
f 960/960 961/961 959/959
f 968/968 967/967 969/969
f 970/970 969/969 967/967
f 968/968 969/969 952/952
f 954/954 952/952 969/969
f 968/968 952/952 965/965
f 953/953 965/965 952/952
f 968/968 965/965 967/967
f 966/966 967/967 965/965
f 972/972 971/971 973/973
f 974/974 973/973 971/971
f 972/972 973/973 975/975
f 976/976 975/975 973/973
f 972/972 975/975 977/977
f 978/978 977/977 975/975
f 972/972 977/977 971/971
f 979/979 971/971 977/977
f 981/981 980/980 946/946
f 949/949 946/946 980/980
f 981/981 946/946 982/982
f 954/954 982/982 946/946
f 981/981 982/982 975/975
f 978/978 975/975 982/982
f 981/981 975/975 980/980
f 976/976 980/980 975/975
f 983/983 969/969 984/984
f 970/970 984/984 969/969
f 983/983 984/984 985/985
f 986/986 985/985 984/984
f 983/983 985/985 982/982
f 978/978 982/982 985/985
f 983/983 982/982 969/969
f 954/954 969/969 982/982
f 988/988 987/987 989/989
f 990/990 989/989 987/987
f 988/988 989/989 977/977
f 979/979 977/977 989/989
f 988/988 977/977 985/985
f 978/978 985/985 977/977
f 988/988 985/985 987/987
f 986/986 987/987 985/985
f 992/992 991/991 993/993
f 994/994 993/993 991/991
f 992/992 993/993 995/995
f 996/996 995/995 993/993
f 992/992 995/995 997/997
f 998/998 997/997 995/995
f 992/992 997/997 991/991
f 999/999 991/991 997/997
f 1001/1001 1000/1000 971/971
f 974/974 971/971 1000/1000
f 1001/1001 971/971 1002/1002
f 979/979 1002/1002 971/971
f 1001/1001 1002/1002 995/995
f 998/998 995/995 1002/1002
f 1001/1001 995/995 1000/1000
f 996/996 1000/1000 995/995
f 1003/1003 989/989 1004/1004
f 990/990 1004/1004 989/989
f 1003/1003 1004/1004 1005/1005
f 1006/1006 1005/1005 1004/1004
f 1003/1003 1005/1005 1002/1002
f 998/998 1002/1002 1005/1005
f 1003/1003 1002/1002 989/989
f 979/979 989/989 1002/1002
f 1008/1008 1007/1007 1009/1009
f 1010/1010 1009/1009 1007/1007
f 1008/1008 1009/1009 997/997
f 999/999 997/997 1009/1009
f 1008/1008 997/997 1005/1005
f 998/998 1005/1005 997/997
f 1008/1008 1005/1005 1007/1007
f 1006/1006 1007/1007 1005/1005
f 1012/1012 1011/1011 1013/1013
f 1014/1014 1013/1013 1011/1011
f 1012/1012 1013/1013 1015/1015
f 1016/1016 1015/1015 1013/1013
f 1012/1012 1015/1015 1017/1017
f 1018/1018 1017/1017 1015/1015
f 1012/1012 1017/1017 1011/1011
f 1019/1019 1011/1011 1017/1017
f 1021/1021 1020/1020 991/991
f 994/994 991/991 1020/1020
f 1021/1021 991/991 1022/1022
f 999/999 1022/1022 991/991
f 1021/1021 1022/1022 1015/1015
f 1018/1018 1015/1015 1022/1022
f 1021/1021 1015/1015 1020/1020
f 1016/1016 1020/1020 1015/1015
f 1023/1023 1009/1009 1024/1024
f 1010/1010 1024/1024 1009/1009
f 1023/1023 1024/1024 1025/1025
f 1026/1026 1025/1025 1024/1024
f 1023/1023 1025/1025 1022/1022
f 1018/1018 1022/1022 1025/1025
f 1023/1023 1022/1022 1009/1009
f 999/999 1009/1009 1022/1022
f 1028/1028 1027/1027 1029/1029
f 1030/1030 1029/1029 1027/1027
f 1028/1028 1029/1029 1017/1017
f 1019/1019 1017/1017 1029/1029
f 1028/1028 1017/1017 1025/1025
f 1018/1018 1025/1025 1017/1017
f 1028/1028 1025/1025 1027/1027
f 1026/1026 1027/1027 1025/1025
f 1031/1031 1029/1029 1032/1032
f 1030/1030 1032/1032 1029/1029
f 1031/1031 1032/1032 1033/1033
f 1034/1034 1033/1033 1032/1032
f 1031/1031 1033/1033 1035/1035
f 1036/1036 1035/1035 1033/1033
f 1031/1031 1035/1035 1029/1029
f 1019/1019 1029/1029 1035/1035
f 1038/1038 1037/1037 1039/1039
f 1040/1040 1039/1039 1037/1037
f 1038/1038 1039/1039 1041/1041
f 1042/1042 1041/1041 1039/1039
f 1038/1038 1041/1041 1033/1033
f 1036/1036 1033/1033 1041/1041
f 1038/1038 1033/1033 1037/1037
f 1034/1034 1037/1037 1033/1033
f 1044/1044 1043/1043 1045/1045
f 1046/1046 1045/1045 1043/1043
f 1044/1044 1045/1045 1047/1047
f 1048/1048 1047/1047 1045/1045
f 1044/1044 1047/1047 1041/1041
f 1036/1036 1041/1041 1047/1047
f 1044/1044 1041/1041 1043/1043
f 1042/1042 1043/1043 1041/1041
f 1050/1050 1049/1049 1011/1011
f 1014/1014 1011/1011 1049/1049
f 1050/1050 1011/1011 1035/1035
f 1019/1019 1035/1035 1011/1011
f 1050/1050 1035/1035 1047/1047
f 1036/1036 1047/1047 1035/1035
f 1050/1050 1047/1047 1049/1049
f 1048/1048 1049/1049 1047/1047
f 1052/1052 1051/1051 1053/1053
f 1054/1054 1053/1053 1051/1051
f 1052/1052 1053/1053 1055/1055
f 1056/1056 1055/1055 1053/1053
f 1052/1052 1055/1055 1057/1057
f 1058/1058 1057/1057 1055/1055
f 1052/1052 1057/1057 1051/1051
f 1059/1059 1051/1051 1057/1057
f 1061/1061 1060/1060 1062/1062
f 1063/1063 1062/1062 1060/1060
f 1061/1061 1062/1062 1064/1064
f 1065/1065 1064/1064 1062/1062
f 1061/1061 1064/1064 1055/1055
f 1058/1058 1055/1055 1064/1064
f 1061/1061 1055/1055 1060/1060
f 1056/1056 1060/1060 1055/1055
f 1067/1067 1066/1066 1068/1068
f 1069/1069 1068/1068 1066/1066
f 1067/1067 1068/1068 1070/1070
f 1071/1071 1070/1070 1068/1068
f 1067/1067 1070/1070 1064/1064
f 1058/1058 1064/1064 1070/1070
f 1067/1067 1064/1064 1066/1066
f 1065/1065 1066/1066 1064/1064
f 1073/1073 1072/1072 1074/1074
f 1075/1075 1074/1074 1072/1072
f 1073/1073 1074/1074 1057/1057
f 1059/1059 1057/1057 1074/1074
f 1073/1073 1057/1057 1070/1070
f 1058/1058 1070/1070 1057/1057
f 1073/1073 1070/1070 1072/1072
f 1071/1071 1072/1072 1070/1070
f 1077/1077 1076/1076 1078/1078
f 1079/1079 1078/1078 1076/1076
f 1077/1077 1078/1078 1080/1080
f 1081/1081 1080/1080 1078/1078
f 1077/1077 1080/1080 1082/1082
f 1083/1083 1082/1082 1080/1080
f 1077/1077 1082/1082 1076/1076
f 1084/1084 1076/1076 1082/1082
f 1086/1086 1085/1085 1051/1051
f 1054/1054 1051/1051 1085/1085
f 1086/1086 1051/1051 1087/1087
f 1059/1059 1087/1087 1051/1051
f 1086/1086 1087/1087 1080/1080
f 1083/1083 1080/1080 1087/1087
f 1086/1086 1080/1080 1085/1085
f 1081/1081 1085/1085 1080/1080
f 1088/1088 1074/1074 1089/1089
f 1075/1075 1089/1089 1074/1074
f 1088/1088 1089/1089 1090/1090
f 1091/1091 1090/1090 1089/1089
f 1088/1088 1090/1090 1087/1087
f 1083/1083 1087/1087 1090/1090
f 1088/1088 1087/1087 1074/1074
f 1059/1059 1074/1074 1087/1087
f 1093/1093 1092/1092 1094/1094
f 1095/1095 1094/1094 1092/1092
f 1093/1093 1094/1094 1082/1082
f 1084/1084 1082/1082 1094/1094
f 1093/1093 1082/1082 1090/1090
f 1083/1083 1090/1090 1082/1082
f 1093/1093 1090/1090 1092/1092
f 1091/1091 1092/1092 1090/1090
f 1097/1097 1096/1096 1098/1098
f 1099/1099 1098/1098 1096/1096
f 1097/1097 1098/1098 1100/1100
f 1101/1101 1100/1100 1098/1098
f 1097/1097 1100/1100 1102/1102
f 1103/1103 1102/1102 1100/1100
f 1097/1097 1102/1102 1096/1096
f 1104/1104 1096/1096 1102/1102
f 1106/1106 1105/1105 1076/1076
f 1079/1079 1076/1076 1105/1105
f 1106/1106 1076/1076 1107/1107
f 1084/1084 1107/1107 1076/1076
f 1106/1106 1107/1107 1100/1100
f 1103/1103 1100/1100 1107/1107
f 1106/1106 1100/1100 1105/1105
f 1101/1101 1105/1105 1100/1100
f 1108/1108 1094/1094 1109/1109
f 1095/1095 1109/1109 1094/1094
f 1108/1108 1109/1109 1110/1110
f 1111/1111 1110/1110 1109/1109
f 1108/1108 1110/1110 1107/1107
f 1103/1103 1107/1107 1110/1110
f 1108/1108 1107/1107 1094/1094
f 1084/1084 1094/1094 1107/1107
f 1113/1113 1112/1112 1114/1114
f 1115/1115 1114/1114 1112/1112
f 1113/1113 1114/1114 1102/1102
f 1104/1104 1102/1102 1114/1114
f 1113/1113 1102/1102 1110/1110
f 1103/1103 1110/1110 1102/1102
f 1113/1113 1110/1110 1112/1112
f 1111/1111 1112/1112 1110/1110
f 1117/1117 1116/1116 1118/1118
f 1119/1119 1118/1118 1116/1116
f 1117/1117 1118/1118 1120/1120
f 1121/1121 1120/1120 1118/1118
f 1117/1117 1120/1120 1122/1122
f 1123/1123 1122/1122 1120/1120
f 1117/1117 1122/1122 1116/1116
f 1124/1124 1116/1116 1122/1122
f 1126/1126 1125/1125 1096/1096
f 1099/1099 1096/1096 1125/1125
f 1126/1126 1096/1096 1127/1127
f 1104/1104 1127/1127 1096/1096
f 1126/1126 1127/1127 1120/1120
f 1123/1123 1120/1120 1127/1127
f 1126/1126 1120/1120 1125/1125
f 1121/1121 1125/1125 1120/1120
f 1128/1128 1114/1114 1129/1129
f 1115/1115 1129/1129 1114/1114
f 1128/1128 1129/1129 1130/1130
f 1131/1131 1130/1130 1129/1129
f 1128/1128 1130/1130 1127/1127
f 1123/1123 1127/1127 1130/1130
f 1128/1128 1127/1127 1114/1114
f 1104/1104 1114/1114 1127/1127
f 1133/1133 1132/1132 1134/1134
f 1135/1135 1134/1134 1132/1132
f 1133/1133 1134/1134 1122/1122
f 1124/1124 1122/1122 1134/1134
f 1133/1133 1122/1122 1130/1130
f 1123/1123 1130/1130 1122/1122
f 1133/1133 1130/1130 1132/1132
f 1131/1131 1132/1132 1130/1130
f 1136/1136 1134/1134 1137/1137
f 1135/1135 1137/1137 1134/1134
f 1136/1136 1137/1137 1138/1138
f 1139/1139 1138/1138 1137/1137
f 1136/1136 1138/1138 1140/1140
f 1141/1141 1140/1140 1138/1138
f 1136/1136 1140/1140 1134/1134
f 1124/1124 1134/1134 1140/1140
f 1143/1143 1142/1142 1144/1144
f 1145/1145 1144/1144 1142/1142
f 1143/1143 1144/1144 1146/1146
f 1147/1147 1146/1146 1144/1144
f 1143/1143 1146/1146 1138/1138
f 1141/1141 1138/1138 1146/1146
f 1143/1143 1138/1138 1142/1142
f 1139/1139 1142/1142 1138/1138
f 1149/1149 1148/1148 1150/1150
f 1151/1151 1150/1150 1148/1148
f 1149/1149 1150/1150 1152/1152
f 1153/1153 1152/1152 1150/1150
f 1149/1149 1152/1152 1146/1146
f 1141/1141 1146/1146 1152/1152
f 1149/1149 1146/1146 1148/1148
f 1147/1147 1148/1148 1146/1146
f 1155/1155 1154/1154 1116/1116
f 1119/1119 1116/1116 1154/1154
f 1155/1155 1116/1116 1140/1140
f 1124/1124 1140/1140 1116/1116
f 1155/1155 1140/1140 1152/1152
f 1141/1141 1152/1152 1140/1140
f 1155/1155 1152/1152 1154/1154
f 1153/1153 1154/1154 1152/1152
f 1157/1157 1156/1156 1158/1158
f 1159/1159 1158/1158 1156/1156
f 1157/1157 1158/1158 1160/1160
f 1161/1161 1160/1160 1158/1158
f 1157/1157 1160/1160 1162/1162
f 1163/1163 1162/1162 1160/1160
f 1157/1157 1162/1162 1156/1156
f 1164/1164 1156/1156 1162/1162
f 1166/1166 1165/1165 1167/1167
f 1168/1168 1167/1167 1165/1165
f 1166/1166 1167/1167 1169/1169
f 1170/1170 1169/1169 1167/1167
f 1166/1166 1169/1169 1160/1160
f 1163/1163 1160/1160 1169/1169
f 1166/1166 1160/1160 1165/1165
f 1161/1161 1165/1165 1160/1160
f 1172/1172 1171/1171 1173/1173
f 1174/1174 1173/1173 1171/1171
f 1172/1172 1173/1173 1175/1175
f 1176/1176 1175/1175 1173/1173
f 1172/1172 1175/1175 1169/1169
f 1163/1163 1169/1169 1175/1175
f 1172/1172 1169/1169 1171/1171
f 1170/1170 1171/1171 1169/1169
f 1178/1178 1177/1177 1179/1179
f 1180/1180 1179/1179 1177/1177
f 1178/1178 1179/1179 1162/1162
f 1164/1164 1162/1162 1179/1179
f 1178/1178 1162/1162 1175/1175
f 1163/1163 1175/1175 1162/1162
f 1178/1178 1175/1175 1177/1177
f 1176/1176 1177/1177 1175/1175
f 1182/1182 1181/1181 1183/1183
f 1184/1184 1183/1183 1181/1181
f 1182/1182 1183/1183 1185/1185
f 1186/1186 1185/1185 1183/1183
f 1182/1182 1185/1185 1187/1187
f 1188/1188 1187/1187 1185/1185
f 1182/1182 1187/1187 1181/1181
f 1189/1189 1181/1181 1187/1187
f 1191/1191 1190/1190 1156/1156
f 1159/1159 1156/1156 1190/1190
f 1191/1191 1156/1156 1192/1192
f 1164/1164 1192/1192 1156/1156
f 1191/1191 1192/1192 1185/1185
f 1188/1188 1185/1185 1192/1192
f 1191/1191 1185/1185 1190/1190
f 1186/1186 1190/1190 1185/1185
f 1193/1193 1179/1179 1194/1194
f 1180/1180 1194/1194 1179/1179
f 1193/1193 1194/1194 1195/1195
f 1196/1196 1195/1195 1194/1194
f 1193/1193 1195/1195 1192/1192
f 1188/1188 1192/1192 1195/1195
f 1193/1193 1192/1192 1179/1179
f 1164/1164 1179/1179 1192/1192
f 1198/1198 1197/1197 1199/1199
f 1200/1200 1199/1199 1197/1197
f 1198/1198 1199/1199 1187/1187
f 1189/1189 1187/1187 1199/1199
f 1198/1198 1187/1187 1195/1195
f 1188/1188 1195/1195 1187/1187
f 1198/1198 1195/1195 1197/1197
f 1196/1196 1197/1197 1195/1195
f 1202/1202 1201/1201 1203/1203
f 1204/1204 1203/1203 1201/1201
f 1202/1202 1203/1203 1205/1205
f 1206/1206 1205/1205 1203/1203
f 1202/1202 1205/1205 1207/1207
f 1208/1208 1207/1207 1205/1205
f 1202/1202 1207/1207 1201/1201
f 1209/1209 1201/1201 1207/1207
f 1211/1211 1210/1210 1181/1181
f 1184/1184 1181/1181 1210/1210
f 1211/1211 1181/1181 1212/1212
f 1189/1189 1212/1212 1181/1181
f 1211/1211 1212/1212 1205/1205
f 1208/1208 1205/1205 1212/1212
f 1211/1211 1205/1205 1210/1210
f 1206/1206 1210/1210 1205/1205
f 1213/1213 1199/1199 1214/1214
f 1200/1200 1214/1214 1199/1199
f 1213/1213 1214/1214 1215/1215
f 1216/1216 1215/1215 1214/1214
f 1213/1213 1215/1215 1212/1212
f 1208/1208 1212/1212 1215/1215
f 1213/1213 1212/1212 1199/1199
f 1189/1189 1199/1199 1212/1212
f 1218/1218 1217/1217 1219/1219
f 1220/1220 1219/1219 1217/1217
f 1218/1218 1219/1219 1207/1207
f 1209/1209 1207/1207 1219/1219
f 1218/1218 1207/1207 1215/1215
f 1208/1208 1215/1215 1207/1207
f 1218/1218 1215/1215 1217/1217
f 1216/1216 1217/1217 1215/1215
f 1222/1222 1221/1221 1223/1223
f 1224/1224 1223/1223 1221/1221
f 1222/1222 1223/1223 1225/1225
f 1226/1226 1225/1225 1223/1223
f 1222/1222 1225/1225 1227/1227
f 1228/1228 1227/1227 1225/1225
f 1222/1222 1227/1227 1221/1221
f 1229/1229 1221/1221 1227/1227
f 1231/1231 1230/1230 1201/1201
f 1204/1204 1201/1201 1230/1230
f 1231/1231 1201/1201 1232/1232
f 1209/1209 1232/1232 1201/1201
f 1231/1231 1232/1232 1225/1225
f 1228/1228 1225/1225 1232/1232
f 1231/1231 1225/1225 1230/1230
f 1226/1226 1230/1230 1225/1225
f 1233/1233 1219/1219 1234/1234
f 1220/1220 1234/1234 1219/1219
f 1233/1233 1234/1234 1235/1235
f 1236/1236 1235/1235 1234/1234
f 1233/1233 1235/1235 1232/1232
f 1228/1228 1232/1232 1235/1235
f 1233/1233 1232/1232 1219/1219
f 1209/1209 1219/1219 1232/1232
f 1238/1238 1237/1237 1239/1239
f 1240/1240 1239/1239 1237/1237
f 1238/1238 1239/1239 1227/1227
f 1229/1229 1227/1227 1239/1239
f 1238/1238 1227/1227 1235/1235
f 1228/1228 1235/1235 1227/1227
f 1238/1238 1235/1235 1237/1237
f 1236/1236 1237/1237 1235/1235
f 1241/1241 1239/1239 1242/1242
f 1240/1240 1242/1242 1239/1239
f 1241/1241 1242/1242 1243/1243
f 1244/1244 1243/1243 1242/1242
f 1241/1241 1243/1243 1245/1245
f 1246/1246 1245/1245 1243/1243
f 1241/1241 1245/1245 1239/1239
f 1229/1229 1239/1239 1245/1245
f 1248/1248 1247/1247 1249/1249
f 1250/1250 1249/1249 1247/1247
f 1248/1248 1249/1249 1251/1251
f 1252/1252 1251/1251 1249/1249
f 1248/1248 1251/1251 1243/1243
f 1246/1246 1243/1243 1251/1251
f 1248/1248 1243/1243 1247/1247
f 1244/1244 1247/1247 1243/1243
f 1254/1254 1253/1253 1255/1255
f 1256/1256 1255/1255 1253/1253
f 1254/1254 1255/1255 1257/1257
f 1258/1258 1257/1257 1255/1255
f 1254/1254 1257/1257 1251/1251
f 1246/1246 1251/1251 1257/1257
f 1254/1254 1251/1251 1253/1253
f 1252/1252 1253/1253 1251/1251
f 1260/1260 1259/1259 1221/1221
f 1224/1224 1221/1221 1259/1259
f 1260/1260 1221/1221 1245/1245
f 1229/1229 1245/1245 1221/1221
f 1260/1260 1245/1245 1257/1257
f 1246/1246 1257/1257 1245/1245
f 1260/1260 1257/1257 1259/1259
f 1258/1258 1259/1259 1257/1257
f 1262/1262 1261/1261 1263/1263
f 1264/1264 1263/1263 1261/1261
f 1262/1262 1263/1263 1265/1265
f 1266/1266 1265/1265 1263/1263
f 1262/1262 1265/1265 1267/1267
f 1268/1268 1267/1267 1265/1265
f 1262/1262 1267/1267 1261/1261
f 1269/1269 1261/1261 1267/1267
f 1271/1271 1270/1270 1272/1272
f 1273/1273 1272/1272 1270/1270
f 1271/1271 1272/1272 1274/1274
f 1275/1275 1274/1274 1272/1272
f 1271/1271 1274/1274 1265/1265
f 1268/1268 1265/1265 1274/1274
f 1271/1271 1265/1265 1270/1270
f 1266/1266 1270/1270 1265/1265
f 1277/1277 1276/1276 1278/1278
f 1279/1279 1278/1278 1276/1276
f 1277/1277 1278/1278 1280/1280
f 1281/1281 1280/1280 1278/1278
f 1277/1277 1280/1280 1274/1274
f 1268/1268 1274/1274 1280/1280
f 1277/1277 1274/1274 1276/1276
f 1275/1275 1276/1276 1274/1274
f 1283/1283 1282/1282 1284/1284
f 1285/1285 1284/1284 1282/1282
f 1283/1283 1284/1284 1267/1267
f 1269/1269 1267/1267 1284/1284
f 1283/1283 1267/1267 1280/1280
f 1268/1268 1280/1280 1267/1267
f 1283/1283 1280/1280 1282/1282
f 1281/1281 1282/1282 1280/1280
f 1287/1287 1286/1286 1288/1288
f 1289/1289 1288/1288 1286/1286
f 1287/1287 1288/1288 1290/1290
f 1291/1291 1290/1290 1288/1288
f 1287/1287 1290/1290 1292/1292
f 1293/1293 1292/1292 1290/1290
f 1287/1287 1292/1292 1286/1286
f 1294/1294 1286/1286 1292/1292
f 1296/1296 1295/1295 1261/1261
f 1264/1264 1261/1261 1295/1295
f 1296/1296 1261/1261 1297/1297
f 1269/1269 1297/1297 1261/1261
f 1296/1296 1297/1297 1290/1290
f 1293/1293 1290/1290 1297/1297
f 1296/1296 1290/1290 1295/1295
f 1291/1291 1295/1295 1290/1290
f 1298/1298 1284/1284 1299/1299
f 1285/1285 1299/1299 1284/1284
f 1298/1298 1299/1299 1300/1300
f 1301/1301 1300/1300 1299/1299
f 1298/1298 1300/1300 1297/1297
f 1293/1293 1297/1297 1300/1300
f 1298/1298 1297/1297 1284/1284
f 1269/1269 1284/1284 1297/1297
f 1303/1303 1302/1302 1304/1304
f 1305/1305 1304/1304 1302/1302
f 1303/1303 1304/1304 1292/1292
f 1294/1294 1292/1292 1304/1304
f 1303/1303 1292/1292 1300/1300
f 1293/1293 1300/1300 1292/1292
f 1303/1303 1300/1300 1302/1302
f 1301/1301 1302/1302 1300/1300
f 1307/1307 1306/1306 1308/1308
f 1309/1309 1308/1308 1306/1306
f 1307/1307 1308/1308 1310/1310
f 1311/1311 1310/1310 1308/1308
f 1307/1307 1310/1310 1312/1312
f 1313/1313 1312/1312 1310/1310
f 1307/1307 1312/1312 1306/1306
f 1314/1314 1306/1306 1312/1312
f 1316/1316 1315/1315 1286/1286
f 1289/1289 1286/1286 1315/1315
f 1316/1316 1286/1286 1317/1317
f 1294/1294 1317/1317 1286/1286
f 1316/1316 1317/1317 1310/1310
f 1313/1313 1310/1310 1317/1317
f 1316/1316 1310/1310 1315/1315
f 1311/1311 1315/1315 1310/1310
f 1318/1318 1304/1304 1319/1319
f 1305/1305 1319/1319 1304/1304
f 1318/1318 1319/1319 1320/1320
f 1321/1321 1320/1320 1319/1319
f 1318/1318 1320/1320 1317/1317
f 1313/1313 1317/1317 1320/1320
f 1318/1318 1317/1317 1304/1304
f 1294/1294 1304/1304 1317/1317
f 1323/1323 1322/1322 1324/1324
f 1325/1325 1324/1324 1322/1322
f 1323/1323 1324/1324 1312/1312
f 1314/1314 1312/1312 1324/1324
f 1323/1323 1312/1312 1320/1320
f 1313/1313 1320/1320 1312/1312
f 1323/1323 1320/1320 1322/1322
f 1321/1321 1322/1322 1320/1320
f 1327/1327 1326/1326 1328/1328
f 1329/1329 1328/1328 1326/1326
f 1327/1327 1328/1328 1330/1330
f 1331/1331 1330/1330 1328/1328
f 1327/1327 1330/1330 1332/1332
f 1333/1333 1332/1332 1330/1330
f 1327/1327 1332/1332 1326/1326
f 1334/1334 1326/1326 1332/1332
f 1336/1336 1335/1335 1306/1306
f 1309/1309 1306/1306 1335/1335
f 1336/1336 1306/1306 1337/1337
f 1314/1314 1337/1337 1306/1306
f 1336/1336 1337/1337 1330/1330
f 1333/1333 1330/1330 1337/1337
f 1336/1336 1330/1330 1335/1335
f 1331/1331 1335/1335 1330/1330
f 1338/1338 1324/1324 1339/1339
f 1325/1325 1339/1339 1324/1324
f 1338/1338 1339/1339 1340/1340
f 1341/1341 1340/1340 1339/1339
f 1338/1338 1340/1340 1337/1337
f 1333/1333 1337/1337 1340/1340
f 1338/1338 1337/1337 1324/1324
f 1314/1314 1324/1324 1337/1337
f 1343/1343 1342/1342 1344/1344
f 1345/1345 1344/1344 1342/1342
f 1343/1343 1344/1344 1332/1332
f 1334/1334 1332/1332 1344/1344
f 1343/1343 1332/1332 1340/1340
f 1333/1333 1340/1340 1332/1332
f 1343/1343 1340/1340 1342/1342
f 1341/1341 1342/1342 1340/1340
f 1346/1346 1344/1344 1347/1347
f 1345/1345 1347/1347 1344/1344
f 1346/1346 1347/1347 1348/1348
f 1349/1349 1348/1348 1347/1347
f 1346/1346 1348/1348 1350/1350
f 1351/1351 1350/1350 1348/1348
f 1346/1346 1350/1350 1344/1344
f 1334/1334 1344/1344 1350/1350
f 1353/1353 1352/1352 1354/1354
f 1355/1355 1354/1354 1352/1352
f 1353/1353 1354/1354 1356/1356
f 1357/1357 1356/1356 1354/1354
f 1353/1353 1356/1356 1348/1348
f 1351/1351 1348/1348 1356/1356
f 1353/1353 1348/1348 1352/1352
f 1349/1349 1352/1352 1348/1348
f 1359/1359 1358/1358 1360/1360
f 1361/1361 1360/1360 1358/1358
f 1359/1359 1360/1360 1362/1362
f 1363/1363 1362/1362 1360/1360
f 1359/1359 1362/1362 1356/1356
f 1351/1351 1356/1356 1362/1362
f 1359/1359 1356/1356 1358/1358
f 1357/1357 1358/1358 1356/1356
f 1365/1365 1364/1364 1326/1326
f 1329/1329 1326/1326 1364/1364
f 1365/1365 1326/1326 1350/1350
f 1334/1334 1350/1350 1326/1326
f 1365/1365 1350/1350 1362/1362
f 1351/1351 1362/1362 1350/1350
f 1365/1365 1362/1362 1364/1364
f 1363/1363 1364/1364 1362/1362
f 1367/1367 1366/1366 1368/1368
f 1369/1369 1368/1368 1366/1366
f 1367/1367 1368/1368 1370/1370
f 1371/1371 1370/1370 1368/1368
f 1367/1367 1370/1370 1372/1372
f 1373/1373 1372/1372 1370/1370
f 1367/1367 1372/1372 1366/1366
f 1374/1374 1366/1366 1372/1372
f 1376/1376 1375/1375 1377/1377
f 1378/1378 1377/1377 1375/1375
f 1376/1376 1377/1377 1379/1379
f 1380/1380 1379/1379 1377/1377
f 1376/1376 1379/1379 1370/1370
f 1373/1373 1370/1370 1379/1379
f 1376/1376 1370/1370 1375/1375
f 1371/1371 1375/1375 1370/1370
f 1382/1382 1381/1381 1383/1383
f 1384/1384 1383/1383 1381/1381
f 1382/1382 1383/1383 1385/1385
f 1386/1386 1385/1385 1383/1383
f 1382/1382 1385/1385 1379/1379
f 1373/1373 1379/1379 1385/1385
f 1382/1382 1379/1379 1381/1381
f 1380/1380 1381/1381 1379/1379
f 1388/1388 1387/1387 1389/1389
f 1390/1390 1389/1389 1387/1387
f 1388/1388 1389/1389 1372/1372
f 1374/1374 1372/1372 1389/1389
f 1388/1388 1372/1372 1385/1385
f 1373/1373 1385/1385 1372/1372
f 1388/1388 1385/1385 1387/1387
f 1386/1386 1387/1387 1385/1385
f 1392/1392 1391/1391 1393/1393
f 1394/1394 1393/1393 1391/1391
f 1392/1392 1393/1393 1395/1395
f 1396/1396 1395/1395 1393/1393
f 1392/1392 1395/1395 1397/1397
f 1398/1398 1397/1397 1395/1395
f 1392/1392 1397/1397 1391/1391
f 1399/1399 1391/1391 1397/1397
f 1401/1401 1400/1400 1366/1366
f 1369/1369 1366/1366 1400/1400
f 1401/1401 1366/1366 1402/1402
f 1374/1374 1402/1402 1366/1366
f 1401/1401 1402/1402 1395/1395
f 1398/1398 1395/1395 1402/1402
f 1401/1401 1395/1395 1400/1400
f 1396/1396 1400/1400 1395/1395
f 1403/1403 1389/1389 1404/1404
f 1390/1390 1404/1404 1389/1389
f 1403/1403 1404/1404 1405/1405
f 1406/1406 1405/1405 1404/1404
f 1403/1403 1405/1405 1402/1402
f 1398/1398 1402/1402 1405/1405
f 1403/1403 1402/1402 1389/1389
f 1374/1374 1389/1389 1402/1402
f 1408/1408 1407/1407 1409/1409
f 1410/1410 1409/1409 1407/1407
f 1408/1408 1409/1409 1397/1397
f 1399/1399 1397/1397 1409/1409
f 1408/1408 1397/1397 1405/1405
f 1398/1398 1405/1405 1397/1397
f 1408/1408 1405/1405 1407/1407
f 1406/1406 1407/1407 1405/1405
f 1412/1412 1411/1411 1413/1413
f 1414/1414 1413/1413 1411/1411
f 1412/1412 1413/1413 1415/1415
f 1416/1416 1415/1415 1413/1413
f 1412/1412 1415/1415 1417/1417
f 1418/1418 1417/1417 1415/1415
f 1412/1412 1417/1417 1411/1411
f 1419/1419 1411/1411 1417/1417
f 1421/1421 1420/1420 1391/1391
f 1394/1394 1391/1391 1420/1420
f 1421/1421 1391/1391 1422/1422
f 1399/1399 1422/1422 1391/1391
f 1421/1421 1422/1422 1415/1415
f 1418/1418 1415/1415 1422/1422
f 1421/1421 1415/1415 1420/1420
f 1416/1416 1420/1420 1415/1415
f 1423/1423 1409/1409 1424/1424
f 1410/1410 1424/1424 1409/1409
f 1423/1423 1424/1424 1425/1425
f 1426/1426 1425/1425 1424/1424
f 1423/1423 1425/1425 1422/1422
f 1418/1418 1422/1422 1425/1425
f 1423/1423 1422/1422 1409/1409
f 1399/1399 1409/1409 1422/1422
f 1428/1428 1427/1427 1429/1429
f 1430/1430 1429/1429 1427/1427
f 1428/1428 1429/1429 1417/1417
f 1419/1419 1417/1417 1429/1429
f 1428/1428 1417/1417 1425/1425
f 1418/1418 1425/1425 1417/1417
f 1428/1428 1425/1425 1427/1427
f 1426/1426 1427/1427 1425/1425
f 1432/1432 1431/1431 1433/1433
f 1434/1434 1433/1433 1431/1431
f 1432/1432 1433/1433 1435/1435
f 1436/1436 1435/1435 1433/1433
f 1432/1432 1435/1435 1437/1437
f 1438/1438 1437/1437 1435/1435
f 1432/1432 1437/1437 1431/1431
f 1439/1439 1431/1431 1437/1437
f 1441/1441 1440/1440 1411/1411
f 1414/1414 1411/1411 1440/1440
f 1441/1441 1411/1411 1442/1442
f 1419/1419 1442/1442 1411/1411
f 1441/1441 1442/1442 1435/1435
f 1438/1438 1435/1435 1442/1442
f 1441/1441 1435/1435 1440/1440
f 1436/1436 1440/1440 1435/1435
f 1443/1443 1429/1429 1444/1444
f 1430/1430 1444/1444 1429/1429
f 1443/1443 1444/1444 1445/1445
f 1446/1446 1445/1445 1444/1444
f 1443/1443 1445/1445 1442/1442
f 1438/1438 1442/1442 1445/1445
f 1443/1443 1442/1442 1429/1429
f 1419/1419 1429/1429 1442/1442
f 1448/1448 1447/1447 1449/1449
f 1450/1450 1449/1449 1447/1447
f 1448/1448 1449/1449 1437/1437
f 1439/1439 1437/1437 1449/1449
f 1448/1448 1437/1437 1445/1445
f 1438/1438 1445/1445 1437/1437
f 1448/1448 1445/1445 1447/1447
f 1446/1446 1447/1447 1445/1445
f 1451/1451 1449/1449 1452/1452
f 1450/1450 1452/1452 1449/1449
f 1451/1451 1452/1452 1453/1453
f 1454/1454 1453/1453 1452/1452
f 1451/1451 1453/1453 1455/1455
f 1456/1456 1455/1455 1453/1453
f 1451/1451 1455/1455 1449/1449
f 1439/1439 1449/1449 1455/1455
f 1458/1458 1457/1457 1459/1459
f 1460/1460 1459/1459 1457/1457
f 1458/1458 1459/1459 1461/1461
f 1462/1462 1461/1461 1459/1459
f 1458/1458 1461/1461 1453/1453
f 1456/1456 1453/1453 1461/1461
f 1458/1458 1453/1453 1457/1457
f 1454/1454 1457/1457 1453/1453
f 1464/1464 1463/1463 1465/1465
f 1466/1466 1465/1465 1463/1463
f 1464/1464 1465/1465 1467/1467
f 1468/1468 1467/1467 1465/1465
f 1464/1464 1467/1467 1461/1461
f 1456/1456 1461/1461 1467/1467
f 1464/1464 1461/1461 1463/1463
f 1462/1462 1463/1463 1461/1461
f 1470/1470 1469/1469 1431/1431
f 1434/1434 1431/1431 1469/1469
f 1470/1470 1431/1431 1455/1455
f 1439/1439 1455/1455 1431/1431
f 1470/1470 1455/1455 1467/1467
f 1456/1456 1467/1467 1455/1455
f 1470/1470 1467/1467 1469/1469
f 1468/1468 1469/1469 1467/1467
f 1472/1472 1471/1471 1473/1473
f 1474/1474 1473/1473 1471/1471
f 1472/1472 1473/1473 1475/1475
f 1476/1476 1475/1475 1473/1473
f 1472/1472 1475/1475 1477/1477
f 1478/1478 1477/1477 1475/1475
f 1472/1472 1477/1477 1471/1471
f 1479/1479 1471/1471 1477/1477
f 1481/1481 1480/1480 1482/1482
f 1483/1483 1482/1482 1480/1480
f 1481/1481 1482/1482 1484/1484
f 1485/1485 1484/1484 1482/1482
f 1481/1481 1484/1484 1475/1475
f 1478/1478 1475/1475 1484/1484
f 1481/1481 1475/1475 1480/1480
f 1476/1476 1480/1480 1475/1475
f 1487/1487 1486/1486 1488/1488
f 1489/1489 1488/1488 1486/1486
f 1487/1487 1488/1488 1490/1490
f 1491/1491 1490/1490 1488/1488
f 1487/1487 1490/1490 1484/1484
f 1478/1478 1484/1484 1490/1490
f 1487/1487 1484/1484 1486/1486
f 1485/1485 1486/1486 1484/1484
f 1493/1493 1492/1492 1494/1494
f 1495/1495 1494/1494 1492/1492
f 1493/1493 1494/1494 1477/1477
f 1479/1479 1477/1477 1494/1494
f 1493/1493 1477/1477 1490/1490
f 1478/1478 1490/1490 1477/1477
f 1493/1493 1490/1490 1492/1492
f 1491/1491 1492/1492 1490/1490
f 1497/1497 1496/1496 1498/1498
f 1499/1499 1498/1498 1496/1496
f 1497/1497 1498/1498 1500/1500
f 1501/1501 1500/1500 1498/1498
f 1497/1497 1500/1500 1502/1502
f 1503/1503 1502/1502 1500/1500
f 1497/1497 1502/1502 1496/1496
f 1504/1504 1496/1496 1502/1502
f 1506/1506 1505/1505 1471/1471
f 1474/1474 1471/1471 1505/1505
f 1506/1506 1471/1471 1507/1507
f 1479/1479 1507/1507 1471/1471
f 1506/1506 1507/1507 1500/1500
f 1503/1503 1500/1500 1507/1507
f 1506/1506 1500/1500 1505/1505
f 1501/1501 1505/1505 1500/1500
f 1508/1508 1494/1494 1509/1509
f 1495/1495 1509/1509 1494/1494
f 1508/1508 1509/1509 1510/1510
f 1511/1511 1510/1510 1509/1509
f 1508/1508 1510/1510 1507/1507
f 1503/1503 1507/1507 1510/1510
f 1508/1508 1507/1507 1494/1494
f 1479/1479 1494/1494 1507/1507
f 1513/1513 1512/1512 1514/1514
f 1515/1515 1514/1514 1512/1512
f 1513/1513 1514/1514 1502/1502
f 1504/1504 1502/1502 1514/1514
f 1513/1513 1502/1502 1510/1510
f 1503/1503 1510/1510 1502/1502
f 1513/1513 1510/1510 1512/1512
f 1511/1511 1512/1512 1510/1510
f 1517/1517 1516/1516 1518/1518
f 1519/1519 1518/1518 1516/1516
f 1517/1517 1518/1518 1520/1520
f 1521/1521 1520/1520 1518/1518
f 1517/1517 1520/1520 1522/1522
f 1523/1523 1522/1522 1520/1520
f 1517/1517 1522/1522 1516/1516
f 1524/1524 1516/1516 1522/1522
f 1526/1526 1525/1525 1496/1496
f 1499/1499 1496/1496 1525/1525
f 1526/1526 1496/1496 1527/1527
f 1504/1504 1527/1527 1496/1496
f 1526/1526 1527/1527 1520/1520
f 1523/1523 1520/1520 1527/1527
f 1526/1526 1520/1520 1525/1525
f 1521/1521 1525/1525 1520/1520
f 1528/1528 1514/1514 1529/1529
f 1515/1515 1529/1529 1514/1514
f 1528/1528 1529/1529 1530/1530
f 1531/1531 1530/1530 1529/1529
f 1528/1528 1530/1530 1527/1527
f 1523/1523 1527/1527 1530/1530
f 1528/1528 1527/1527 1514/1514
f 1504/1504 1514/1514 1527/1527
f 1533/1533 1532/1532 1534/1534
f 1535/1535 1534/1534 1532/1532
f 1533/1533 1534/1534 1522/1522
f 1524/1524 1522/1522 1534/1534
f 1533/1533 1522/1522 1530/1530
f 1523/1523 1530/1530 1522/1522
f 1533/1533 1530/1530 1532/1532
f 1531/1531 1532/1532 1530/1530
f 1537/1537 1536/1536 1538/1538
f 1539/1539 1538/1538 1536/1536
f 1537/1537 1538/1538 1540/1540
f 1541/1541 1540/1540 1538/1538
f 1537/1537 1540/1540 1542/1542
f 1543/1543 1542/1542 1540/1540
f 1537/1537 1542/1542 1536/1536
f 1544/1544 1536/1536 1542/1542
f 1546/1546 1545/1545 1516/1516
f 1519/1519 1516/1516 1545/1545
f 1546/1546 1516/1516 1547/1547
f 1524/1524 1547/1547 1516/1516
f 1546/1546 1547/1547 1540/1540
f 1543/1543 1540/1540 1547/1547
f 1546/1546 1540/1540 1545/1545
f 1541/1541 1545/1545 1540/1540
f 1548/1548 1534/1534 1549/1549
f 1535/1535 1549/1549 1534/1534
f 1548/1548 1549/1549 1550/1550
f 1551/1551 1550/1550 1549/1549
f 1548/1548 1550/1550 1547/1547
f 1543/1543 1547/1547 1550/1550
f 1548/1548 1547/1547 1534/1534
f 1524/1524 1534/1534 1547/1547
f 1553/1553 1552/1552 1554/1554
f 1555/1555 1554/1554 1552/1552
f 1553/1553 1554/1554 1542/1542
f 1544/1544 1542/1542 1554/1554
f 1553/1553 1542/1542 1550/1550
f 1543/1543 1550/1550 1542/1542
f 1553/1553 1550/1550 1552/1552
f 1551/1551 1552/1552 1550/1550
f 1556/1556 1554/1554 1557/1557
f 1555/1555 1557/1557 1554/1554
f 1556/1556 1557/1557 1558/1558
f 1559/1559 1558/1558 1557/1557
f 1556/1556 1558/1558 1560/1560
f 1561/1561 1560/1560 1558/1558
f 1556/1556 1560/1560 1554/1554
f 1544/1544 1554/1554 1560/1560
f 1563/1563 1562/1562 1564/1564
f 1565/1565 1564/1564 1562/1562
f 1563/1563 1564/1564 1566/1566
f 1567/1567 1566/1566 1564/1564
f 1563/1563 1566/1566 1558/1558
f 1561/1561 1558/1558 1566/1566
f 1563/1563 1558/1558 1562/1562
f 1559/1559 1562/1562 1558/1558
f 1569/1569 1568/1568 1570/1570
f 1571/1571 1570/1570 1568/1568
f 1569/1569 1570/1570 1572/1572
f 1573/1573 1572/1572 1570/1570
f 1569/1569 1572/1572 1566/1566
f 1561/1561 1566/1566 1572/1572
f 1569/1569 1566/1566 1568/1568
f 1567/1567 1568/1568 1566/1566
f 1575/1575 1574/1574 1536/1536
f 1539/1539 1536/1536 1574/1574
f 1575/1575 1536/1536 1560/1560
f 1544/1544 1560/1560 1536/1536
f 1575/1575 1560/1560 1572/1572
f 1561/1561 1572/1572 1560/1560
f 1575/1575 1572/1572 1574/1574
f 1573/1573 1574/1574 1572/1572
f 1577/1577 1576/1576 1578/1578
f 1579/1579 1578/1578 1576/1576
f 1577/1577 1578/1578 1580/1580
f 1581/1581 1580/1580 1578/1578
f 1577/1577 1580/1580 1582/1582
f 1583/1583 1582/1582 1580/1580
f 1577/1577 1582/1582 1576/1576
f 1584/1584 1576/1576 1582/1582
f 1586/1586 1585/1585 1587/1587
f 1588/1588 1587/1587 1585/1585
f 1586/1586 1587/1587 1589/1589
f 1590/1590 1589/1589 1587/1587
f 1586/1586 1589/1589 1580/1580
f 1583/1583 1580/1580 1589/1589
f 1586/1586 1580/1580 1585/1585
f 1581/1581 1585/1585 1580/1580
f 1592/1592 1591/1591 1593/1593
f 1594/1594 1593/1593 1591/1591
f 1592/1592 1593/1593 1595/1595
f 1596/1596 1595/1595 1593/1593
f 1592/1592 1595/1595 1589/1589
f 1583/1583 1589/1589 1595/1595
f 1592/1592 1589/1589 1591/1591
f 1590/1590 1591/1591 1589/1589
f 1598/1598 1597/1597 1599/1599
f 1600/1600 1599/1599 1597/1597
f 1598/1598 1599/1599 1582/1582
f 1584/1584 1582/1582 1599/1599
f 1598/1598 1582/1582 1595/1595
f 1583/1583 1595/1595 1582/1582
f 1598/1598 1595/1595 1597/1597
f 1596/1596 1597/1597 1595/1595
f 1602/1602 1601/1601 1603/1603
f 1604/1604 1603/1603 1601/1601
f 1602/1602 1603/1603 1605/1605
f 1606/1606 1605/1605 1603/1603
f 1602/1602 1605/1605 1607/1607
f 1608/1608 1607/1607 1605/1605
f 1602/1602 1607/1607 1601/1601
f 1609/1609 1601/1601 1607/1607
f 1611/1611 1610/1610 1576/1576
f 1579/1579 1576/1576 1610/1610
f 1611/1611 1576/1576 1612/1612
f 1584/1584 1612/1612 1576/1576
f 1611/1611 1612/1612 1605/1605
f 1608/1608 1605/1605 1612/1612
f 1611/1611 1605/1605 1610/1610
f 1606/1606 1610/1610 1605/1605
f 1613/1613 1599/1599 1614/1614
f 1600/1600 1614/1614 1599/1599
f 1613/1613 1614/1614 1615/1615
f 1616/1616 1615/1615 1614/1614
f 1613/1613 1615/1615 1612/1612
f 1608/1608 1612/1612 1615/1615
f 1613/1613 1612/1612 1599/1599
f 1584/1584 1599/1599 1612/1612
f 1618/1618 1617/1617 1619/1619
f 1620/1620 1619/1619 1617/1617
f 1618/1618 1619/1619 1607/1607
f 1609/1609 1607/1607 1619/1619
f 1618/1618 1607/1607 1615/1615
f 1608/1608 1615/1615 1607/1607
f 1618/1618 1615/1615 1617/1617
f 1616/1616 1617/1617 1615/1615
f 1622/1622 1621/1621 1623/1623
f 1624/1624 1623/1623 1621/1621
f 1622/1622 1623/1623 1625/1625
f 1626/1626 1625/1625 1623/1623
f 1622/1622 1625/1625 1627/1627
f 1628/1628 1627/1627 1625/1625
f 1622/1622 1627/1627 1621/1621
f 1629/1629 1621/1621 1627/1627
f 1631/1631 1630/1630 1601/1601
f 1604/1604 1601/1601 1630/1630
f 1631/1631 1601/1601 1632/1632
f 1609/1609 1632/1632 1601/1601
f 1631/1631 1632/1632 1625/1625
f 1628/1628 1625/1625 1632/1632
f 1631/1631 1625/1625 1630/1630
f 1626/1626 1630/1630 1625/1625
f 1633/1633 1619/1619 1634/1634
f 1620/1620 1634/1634 1619/1619
f 1633/1633 1634/1634 1635/1635
f 1636/1636 1635/1635 1634/1634
f 1633/1633 1635/1635 1632/1632
f 1628/1628 1632/1632 1635/1635
f 1633/1633 1632/1632 1619/1619
f 1609/1609 1619/1619 1632/1632
f 1638/1638 1637/1637 1639/1639
f 1640/1640 1639/1639 1637/1637
f 1638/1638 1639/1639 1627/1627
f 1629/1629 1627/1627 1639/1639
f 1638/1638 1627/1627 1635/1635
f 1628/1628 1635/1635 1627/1627
f 1638/1638 1635/1635 1637/1637
f 1636/1636 1637/1637 1635/1635
f 1642/1642 1641/1641 1643/1643
f 1644/1644 1643/1643 1641/1641
f 1642/1642 1643/1643 1645/1645
f 1646/1646 1645/1645 1643/1643
f 1642/1642 1645/1645 1647/1647
f 1648/1648 1647/1647 1645/1645
f 1642/1642 1647/1647 1641/1641
f 1649/1649 1641/1641 1647/1647
f 1651/1651 1650/1650 1621/1621
f 1624/1624 1621/1621 1650/1650
f 1651/1651 1621/1621 1652/1652
f 1629/1629 1652/1652 1621/1621
f 1651/1651 1652/1652 1645/1645
f 1648/1648 1645/1645 1652/1652
f 1651/1651 1645/1645 1650/1650
f 1646/1646 1650/1650 1645/1645
f 1653/1653 1639/1639 1654/1654
f 1640/1640 1654/1654 1639/1639
f 1653/1653 1654/1654 1655/1655
f 1656/1656 1655/1655 1654/1654
f 1653/1653 1655/1655 1652/1652
f 1648/1648 1652/1652 1655/1655
f 1653/1653 1652/1652 1639/1639
f 1629/1629 1639/1639 1652/1652
f 1658/1658 1657/1657 1659/1659
f 1660/1660 1659/1659 1657/1657
f 1658/1658 1659/1659 1647/1647
f 1649/1649 1647/1647 1659/1659
f 1658/1658 1647/1647 1655/1655
f 1648/1648 1655/1655 1647/1647
f 1658/1658 1655/1655 1657/1657
f 1656/1656 1657/1657 1655/1655
f 1661/1661 1659/1659 1662/1662
f 1660/1660 1662/1662 1659/1659
f 1661/1661 1662/1662 1663/1663
f 1664/1664 1663/1663 1662/1662
f 1661/1661 1663/1663 1665/1665
f 1666/1666 1665/1665 1663/1663
f 1661/1661 1665/1665 1659/1659
f 1649/1649 1659/1659 1665/1665
f 1668/1668 1667/1667 1669/1669
f 1670/1670 1669/1669 1667/1667
f 1668/1668 1669/1669 1671/1671
f 1672/1672 1671/1671 1669/1669
f 1668/1668 1671/1671 1663/1663
f 1666/1666 1663/1663 1671/1671
f 1668/1668 1663/1663 1667/1667
f 1664/1664 1667/1667 1663/1663
f 1674/1674 1673/1673 1675/1675
f 1676/1676 1675/1675 1673/1673
f 1674/1674 1675/1675 1677/1677
f 1678/1678 1677/1677 1675/1675
f 1674/1674 1677/1677 1671/1671
f 1666/1666 1671/1671 1677/1677
f 1674/1674 1671/1671 1673/1673
f 1672/1672 1673/1673 1671/1671
f 1680/1680 1679/1679 1641/1641
f 1644/1644 1641/1641 1679/1679
f 1680/1680 1641/1641 1665/1665
f 1649/1649 1665/1665 1641/1641
f 1680/1680 1665/1665 1677/1677
f 1666/1666 1677/1677 1665/1665
f 1680/1680 1677/1677 1679/1679
f 1678/1678 1679/1679 1677/1677
f 1682/1682 1681/1681 1683/1683
f 1684/1684 1683/1683 1681/1681
f 1682/1682 1683/1683 1685/1685
f 1686/1686 1685/1685 1683/1683
f 1682/1682 1685/1685 1687/1687
f 1688/1688 1687/1687 1685/1685
f 1682/1682 1687/1687 1681/1681
f 1689/1689 1681/1681 1687/1687
f 1691/1691 1690/1690 1692/1692
f 1693/1693 1692/1692 1690/1690
f 1691/1691 1692/1692 1694/1694
f 1695/1695 1694/1694 1692/1692
f 1691/1691 1694/1694 1685/1685
f 1688/1688 1685/1685 1694/1694
f 1691/1691 1685/1685 1690/1690
f 1686/1686 1690/1690 1685/1685
f 1697/1697 1696/1696 1698/1698
f 1699/1699 1698/1698 1696/1696
f 1697/1697 1698/1698 1700/1700
f 1701/1701 1700/1700 1698/1698
f 1697/1697 1700/1700 1694/1694
f 1688/1688 1694/1694 1700/1700
f 1697/1697 1694/1694 1696/1696
f 1695/1695 1696/1696 1694/1694
f 1703/1703 1702/1702 1704/1704
f 1705/1705 1704/1704 1702/1702
f 1703/1703 1704/1704 1687/1687
f 1689/1689 1687/1687 1704/1704
f 1703/1703 1687/1687 1700/1700
f 1688/1688 1700/1700 1687/1687
f 1703/1703 1700/1700 1702/1702
f 1701/1701 1702/1702 1700/1700
f 1707/1707 1706/1706 1708/1708
f 1709/1709 1708/1708 1706/1706
f 1707/1707 1708/1708 1710/1710
f 1711/1711 1710/1710 1708/1708
f 1707/1707 1710/1710 1712/1712
f 1713/1713 1712/1712 1710/1710
f 1707/1707 1712/1712 1706/1706
f 1714/1714 1706/1706 1712/1712
f 1716/1716 1715/1715 1681/1681
f 1684/1684 1681/1681 1715/1715
f 1716/1716 1681/1681 1717/1717
f 1689/1689 1717/1717 1681/1681
f 1716/1716 1717/1717 1710/1710
f 1713/1713 1710/1710 1717/1717
f 1716/1716 1710/1710 1715/1715
f 1711/1711 1715/1715 1710/1710
f 1718/1718 1704/1704 1719/1719
f 1705/1705 1719/1719 1704/1704
f 1718/1718 1719/1719 1720/1720
f 1721/1721 1720/1720 1719/1719
f 1718/1718 1720/1720 1717/1717
f 1713/1713 1717/1717 1720/1720
f 1718/1718 1717/1717 1704/1704
f 1689/1689 1704/1704 1717/1717
f 1723/1723 1722/1722 1724/1724
f 1725/1725 1724/1724 1722/1722
f 1723/1723 1724/1724 1712/1712
f 1714/1714 1712/1712 1724/1724
f 1723/1723 1712/1712 1720/1720
f 1713/1713 1720/1720 1712/1712
f 1723/1723 1720/1720 1722/1722
f 1721/1721 1722/1722 1720/1720
f 1727/1727 1726/1726 1728/1728
f 1729/1729 1728/1728 1726/1726
f 1727/1727 1728/1728 1730/1730
f 1731/1731 1730/1730 1728/1728
f 1727/1727 1730/1730 1732/1732
f 1733/1733 1732/1732 1730/1730
f 1727/1727 1732/1732 1726/1726
f 1734/1734 1726/1726 1732/1732
f 1736/1736 1735/1735 1706/1706
f 1709/1709 1706/1706 1735/1735
f 1736/1736 1706/1706 1737/1737
f 1714/1714 1737/1737 1706/1706
f 1736/1736 1737/1737 1730/1730
f 1733/1733 1730/1730 1737/1737
f 1736/1736 1730/1730 1735/1735
f 1731/1731 1735/1735 1730/1730
f 1738/1738 1724/1724 1739/1739
f 1725/1725 1739/1739 1724/1724
f 1738/1738 1739/1739 1740/1740
f 1741/1741 1740/1740 1739/1739
f 1738/1738 1740/1740 1737/1737
f 1733/1733 1737/1737 1740/1740
f 1738/1738 1737/1737 1724/1724
f 1714/1714 1724/1724 1737/1737
f 1743/1743 1742/1742 1744/1744
f 1745/1745 1744/1744 1742/1742
f 1743/1743 1744/1744 1732/1732
f 1734/1734 1732/1732 1744/1744
f 1743/1743 1732/1732 1740/1740
f 1733/1733 1740/1740 1732/1732
f 1743/1743 1740/1740 1742/1742
f 1741/1741 1742/1742 1740/1740
f 1747/1747 1746/1746 1748/1748
f 1749/1749 1748/1748 1746/1746
f 1747/1747 1748/1748 1750/1750
f 1751/1751 1750/1750 1748/1748
f 1747/1747 1750/1750 1752/1752
f 1753/1753 1752/1752 1750/1750
f 1747/1747 1752/1752 1746/1746
f 1754/1754 1746/1746 1752/1752
f 1756/1756 1755/1755 1726/1726
f 1729/1729 1726/1726 1755/1755
f 1756/1756 1726/1726 1757/1757
f 1734/1734 1757/1757 1726/1726
f 1756/1756 1757/1757 1750/1750
f 1753/1753 1750/1750 1757/1757
f 1756/1756 1750/1750 1755/1755
f 1751/1751 1755/1755 1750/1750
f 1758/1758 1744/1744 1759/1759
f 1745/1745 1759/1759 1744/1744
f 1758/1758 1759/1759 1760/1760
f 1761/1761 1760/1760 1759/1759
f 1758/1758 1760/1760 1757/1757
f 1753/1753 1757/1757 1760/1760
f 1758/1758 1757/1757 1744/1744
f 1734/1734 1744/1744 1757/1757
f 1763/1763 1762/1762 1764/1764
f 1765/1765 1764/1764 1762/1762
f 1763/1763 1764/1764 1752/1752
f 1754/1754 1752/1752 1764/1764
f 1763/1763 1752/1752 1760/1760
f 1753/1753 1760/1760 1752/1752
f 1763/1763 1760/1760 1762/1762
f 1761/1761 1762/1762 1760/1760
f 1766/1766 1764/1764 1767/1767
f 1765/1765 1767/1767 1764/1764
f 1766/1766 1767/1767 1768/1768
f 1769/1769 1768/1768 1767/1767
f 1766/1766 1768/1768 1770/1770
f 1771/1771 1770/1770 1768/1768
f 1766/1766 1770/1770 1764/1764
f 1754/1754 1764/1764 1770/1770
f 1773/1773 1772/1772 1774/1774
f 1775/1775 1774/1774 1772/1772
f 1773/1773 1774/1774 1776/1776
f 1777/1777 1776/1776 1774/1774
f 1773/1773 1776/1776 1768/1768
f 1771/1771 1768/1768 1776/1776
f 1773/1773 1768/1768 1772/1772
f 1769/1769 1772/1772 1768/1768
f 1779/1779 1778/1778 1780/1780
f 1781/1781 1780/1780 1778/1778
f 1779/1779 1780/1780 1782/1782
f 1783/1783 1782/1782 1780/1780
f 1779/1779 1782/1782 1776/1776
f 1771/1771 1776/1776 1782/1782
f 1779/1779 1776/1776 1778/1778
f 1777/1777 1778/1778 1776/1776
f 1785/1785 1784/1784 1746/1746
f 1749/1749 1746/1746 1784/1784
f 1785/1785 1746/1746 1770/1770
f 1754/1754 1770/1770 1746/1746
f 1785/1785 1770/1770 1782/1782
f 1771/1771 1782/1782 1770/1770
f 1785/1785 1782/1782 1784/1784
f 1783/1783 1784/1784 1782/1782
f 1787/1787 1786/1786 1788/1788
f 1789/1789 1788/1788 1786/1786
f 1787/1787 1788/1788 1790/1790
f 1791/1791 1790/1790 1788/1788
f 1787/1787 1790/1790 1792/1792
f 1793/1793 1792/1792 1790/1790
f 1787/1787 1792/1792 1786/1786
f 1794/1794 1786/1786 1792/1792
f 1796/1796 1795/1795 1797/1797
f 1798/1798 1797/1797 1795/1795
f 1796/1796 1797/1797 1799/1799
f 1800/1800 1799/1799 1797/1797
f 1796/1796 1799/1799 1790/1790
f 1793/1793 1790/1790 1799/1799
f 1796/1796 1790/1790 1795/1795
f 1791/1791 1795/1795 1790/1790
f 1802/1802 1801/1801 1803/1803
f 1804/1804 1803/1803 1801/1801
f 1802/1802 1803/1803 1805/1805
f 1806/1806 1805/1805 1803/1803
f 1802/1802 1805/1805 1799/1799
f 1793/1793 1799/1799 1805/1805
f 1802/1802 1799/1799 1801/1801
f 1800/1800 1801/1801 1799/1799
f 1808/1808 1807/1807 1809/1809
f 1810/1810 1809/1809 1807/1807
f 1808/1808 1809/1809 1792/1792
f 1794/1794 1792/1792 1809/1809
f 1808/1808 1792/1792 1805/1805
f 1793/1793 1805/1805 1792/1792
f 1808/1808 1805/1805 1807/1807
f 1806/1806 1807/1807 1805/1805
f 1812/1812 1811/1811 1813/1813
f 1814/1814 1813/1813 1811/1811
f 1812/1812 1813/1813 1815/1815
f 1816/1816 1815/1815 1813/1813
f 1812/1812 1815/1815 1817/1817
f 1818/1818 1817/1817 1815/1815
f 1812/1812 1817/1817 1811/1811
f 1819/1819 1811/1811 1817/1817
f 1821/1821 1820/1820 1786/1786
f 1789/1789 1786/1786 1820/1820
f 1821/1821 1786/1786 1822/1822
f 1794/1794 1822/1822 1786/1786
f 1821/1821 1822/1822 1815/1815
f 1818/1818 1815/1815 1822/1822
f 1821/1821 1815/1815 1820/1820
f 1816/1816 1820/1820 1815/1815
f 1823/1823 1809/1809 1824/1824
f 1810/1810 1824/1824 1809/1809
f 1823/1823 1824/1824 1825/1825
f 1826/1826 1825/1825 1824/1824
f 1823/1823 1825/1825 1822/1822
f 1818/1818 1822/1822 1825/1825
f 1823/1823 1822/1822 1809/1809
f 1794/1794 1809/1809 1822/1822
f 1828/1828 1827/1827 1829/1829
f 1830/1830 1829/1829 1827/1827
f 1828/1828 1829/1829 1817/1817
f 1819/1819 1817/1817 1829/1829
f 1828/1828 1817/1817 1825/1825
f 1818/1818 1825/1825 1817/1817
f 1828/1828 1825/1825 1827/1827
f 1826/1826 1827/1827 1825/1825
f 1832/1832 1831/1831 1833/1833
f 1834/1834 1833/1833 1831/1831
f 1832/1832 1833/1833 1835/1835
f 1836/1836 1835/1835 1833/1833
f 1832/1832 1835/1835 1837/1837
f 1838/1838 1837/1837 1835/1835
f 1832/1832 1837/1837 1831/1831
f 1839/1839 1831/1831 1837/1837
f 1841/1841 1840/1840 1811/1811
f 1814/1814 1811/1811 1840/1840
f 1841/1841 1811/1811 1842/1842
f 1819/1819 1842/1842 1811/1811
f 1841/1841 1842/1842 1835/1835
f 1838/1838 1835/1835 1842/1842
f 1841/1841 1835/1835 1840/1840
f 1836/1836 1840/1840 1835/1835
f 1843/1843 1829/1829 1844/1844
f 1830/1830 1844/1844 1829/1829
f 1843/1843 1844/1844 1845/1845
f 1846/1846 1845/1845 1844/1844
f 1843/1843 1845/1845 1842/1842
f 1838/1838 1842/1842 1845/1845
f 1843/1843 1842/1842 1829/1829
f 1819/1819 1829/1829 1842/1842
f 1848/1848 1847/1847 1849/1849
f 1850/1850 1849/1849 1847/1847
f 1848/1848 1849/1849 1837/1837
f 1839/1839 1837/1837 1849/1849
f 1848/1848 1837/1837 1845/1845
f 1838/1838 1845/1845 1837/1837
f 1848/1848 1845/1845 1847/1847
f 1846/1846 1847/1847 1845/1845
f 1852/1852 1851/1851 1853/1853
f 1854/1854 1853/1853 1851/1851
f 1852/1852 1853/1853 1855/1855
f 1856/1856 1855/1855 1853/1853
f 1852/1852 1855/1855 1857/1857
f 1858/1858 1857/1857 1855/1855
f 1852/1852 1857/1857 1851/1851
f 1859/1859 1851/1851 1857/1857
f 1861/1861 1860/1860 1831/1831
f 1834/1834 1831/1831 1860/1860
f 1861/1861 1831/1831 1862/1862
f 1839/1839 1862/1862 1831/1831
f 1861/1861 1862/1862 1855/1855
f 1858/1858 1855/1855 1862/1862
f 1861/1861 1855/1855 1860/1860
f 1856/1856 1860/1860 1855/1855
f 1863/1863 1849/1849 1864/1864
f 1850/1850 1864/1864 1849/1849
f 1863/1863 1864/1864 1865/1865
f 1866/1866 1865/1865 1864/1864
f 1863/1863 1865/1865 1862/1862
f 1858/1858 1862/1862 1865/1865
f 1863/1863 1862/1862 1849/1849
f 1839/1839 1849/1849 1862/1862
f 1868/1868 1867/1867 1869/1869
f 1870/1870 1869/1869 1867/1867
f 1868/1868 1869/1869 1857/1857
f 1859/1859 1857/1857 1869/1869
f 1868/1868 1857/1857 1865/1865
f 1858/1858 1865/1865 1857/1857
f 1868/1868 1865/1865 1867/1867
f 1866/1866 1867/1867 1865/1865
f 1871/1871 1869/1869 1872/1872
f 1870/1870 1872/1872 1869/1869
f 1871/1871 1872/1872 1873/1873
f 1874/1874 1873/1873 1872/1872
f 1871/1871 1873/1873 1875/1875
f 1876/1876 1875/1875 1873/1873
f 1871/1871 1875/1875 1869/1869
f 1859/1859 1869/1869 1875/1875
f 1878/1878 1877/1877 1879/1879
f 1880/1880 1879/1879 1877/1877
f 1878/1878 1879/1879 1881/1881
f 1882/1882 1881/1881 1879/1879
f 1878/1878 1881/1881 1873/1873
f 1876/1876 1873/1873 1881/1881
f 1878/1878 1873/1873 1877/1877
f 1874/1874 1877/1877 1873/1873
f 1884/1884 1883/1883 1885/1885
f 1886/1886 1885/1885 1883/1883
f 1884/1884 1885/1885 1887/1887
f 1888/1888 1887/1887 1885/1885
f 1884/1884 1887/1887 1881/1881
f 1876/1876 1881/1881 1887/1887
f 1884/1884 1881/1881 1883/1883
f 1882/1882 1883/1883 1881/1881
f 1890/1890 1889/1889 1851/1851
f 1854/1854 1851/1851 1889/1889
f 1890/1890 1851/1851 1875/1875
f 1859/1859 1875/1875 1851/1851
f 1890/1890 1875/1875 1887/1887
f 1876/1876 1887/1887 1875/1875
f 1890/1890 1887/1887 1889/1889
f 1888/1888 1889/1889 1887/1887

v -1.697717 1.547981 5.842910
v -1.872119 1.506365 5.834351
v -1.872551 1.506592 5.353797
v -1.698696 1.548496 5.362482
v -2.035500 1.458949 5.823260
v -2.035874 1.459147 5.342693
v -1.871947 1.506274 6.314964
v -2.034858 1.458612 6.303765
v -1.696649 1.547419 6.323318
v -2.192828 1.408350 5.330125
v -2.192828 1.408350 5.810778
v -2.345618 1.355362 5.797252
v -2.345618 1.355362 5.316599
v -2.192828 1.408350 6.291430
v -2.345618 1.355362 6.277905
v -2.345618 1.355362 6.758558
v -2.192828 1.408350 6.772083
v -2.192828 1.408350 7.252736
v -2.345618 1.355362 7.239211
v -2.035500 1.458949 6.784565
v -2.035874 1.459147 7.265304
v -1.872552 1.506592 7.276409
v -1.872119 1.506365 6.795657
v -1.697717 1.547981 6.804215
v -1.698697 1.548496 7.285093
v -0.919741 1.602505 5.855655
v -1.122093 1.616568 5.855296
v -1.122047 1.617363 5.374668
v -0.919636 1.604308 5.375059
v -1.321084 1.607966 5.853259
v -1.321418 1.608852 5.372714
v -1.122111 1.616250 6.335939
v -1.320510 1.606447 6.333727
v -0.919855 1.600541 6.336246
v -1.515101 1.585276 5.368928
v -1.514669 1.585048 5.849482
v -1.514496 1.584957 6.330095
v -1.514669 1.585048 6.810787
v -1.515101 1.585276 7.291539
v -1.321084 1.607966 6.814565
v -1.321418 1.608852 7.295325
v -1.122047 1.617363 7.297280
v -1.122093 1.616568 6.816602
v -0.919741 1.602505 6.816961
v -0.919636 1.604308 7.297670
v -0.139570 1.375682 5.852958
v -0.326787 1.454533 5.853916
v -0.326549 1.454715 5.373254
v -0.139030 1.376096 5.372286
v -0.520559 1.520380 5.854830
v -0.520313 1.521227 5.374191
v -0.326882 1.454460 6.334572
v -0.520981 1.518928 6.335459
v -0.140158 1.375232 6.333632
v -0.718265 1.573334 5.374887
v -0.718311 1.572539 5.855515
v -0.718330 1.572221 6.336158
v -0.718312 1.572539 6.816822
v -0.718265 1.573334 7.297499
v -0.520559 1.520380 6.816136
v -0.520313 1.521227 7.296803
v -0.326549 1.454715 7.295866
v -0.326787 1.454533 6.815222
v -0.139570 1.375682 6.814264
v -0.139030 1.376096 7.294898
v 0.562753 0.974528 5.848671
v 0.392272 1.095661 5.850281
v 0.392273 1.096251 5.369652
v 0.562756 0.975865 5.368075
v 0.219255 1.199830 5.851341
v 0.219463 1.200499 5.370703
v 0.392271 1.095425 6.330924
v 0.218899 1.198682 6.331970
v 0.562750 0.973070 6.329263
v 0.043124 1.293364 5.371511
v 0.042885 1.293181 5.852172
v 0.042790 1.293108 6.332829
v 0.042885 1.293181 6.813478
v 0.043123 1.293364 7.294122
v 0.219255 1.199830 6.812647
v 0.219462 1.200499 7.293315
v 0.392273 1.096251 7.292264
v 0.392272 1.095661 6.811586
v 0.562753 0.974528 6.809978
v 0.562756 0.975865 7.290687
v 0.733207 0.841592 6.807868
v 0.733208 0.842182 7.288546
v 0.903625 0.693609 6.805120
v 0.903626 0.694120 7.285795
v 0.733206 0.841356 6.327205
v 0.903623 0.692733 6.324430
v 1.074024 0.537364 7.282675
v 1.074024 0.537364 6.802022
v 1.244409 0.374922 6.798661
v 1.244408 0.374922 7.279314
v 1.074024 0.537364 6.321369
v 1.244409 0.374922 6.318008
v 1.244409 0.374922 5.837355
v 1.074024 0.537364 5.840716
v 1.074024 0.537364 5.360063
v 1.244409 0.374922 5.356702
v 0.903625 0.693609 5.843814
v 0.903626 0.694120 5.363183
v 0.733208 0.842182 5.365934
v 0.733207 0.841592 5.846562
v 1.467635 1.121184 3.438139
v 1.454117 1.068014 3.279147
v 1.892564 0.969197 3.251845
v 1.905989 1.022613 3.410301
v 1.442571 1.009890 3.130805
v 1.881031 0.911048 3.103551
v 1.015613 1.166951 3.306206
v 1.004152 1.108613 3.158311
v 1.029292 1.219719 3.466063
v 1.870639 0.850039 2.961412
v 1.432108 0.949052 2.988306
v 1.422454 0.886171 2.850195
v 1.860987 0.787158 2.823300
v 0.993576 1.048061 3.015194
v 0.983924 0.985183 2.877085
v 0.545396 1.084196 2.903970
v 0.555046 1.147075 3.042084
v 0.116515 1.246087 3.068970
v 0.106864 1.183206 2.930865
v 0.565508 1.207915 3.184580
v 0.126910 1.307095 3.211109
v 0.138445 1.365244 3.359397
v 0.577054 1.266037 3.332929
v 0.590571 1.319209 3.491921
v 0.151866 1.418663 3.517861
v 1.524916 1.233718 4.157997
v 1.512969 1.230784 3.968335
v 1.951635 1.132505 3.941416
v 1.963758 1.136370 4.131044
v 1.498270 1.207120 3.783789
v 1.936860 1.108913 3.756513
v 1.074382 1.329501 3.995234
v 1.059647 1.304753 3.811342
v 1.086039 1.330922 4.184957
v 1.921153 1.071661 3.578179
v 1.482701 1.170478 3.605491
v 1.044201 1.269410 3.632544
v 0.605640 1.368500 3.659266
v 0.167030 1.467705 3.685741
v 0.621210 1.405146 3.837567
v 0.182734 1.504960 3.864067
v 0.197517 1.528554 4.048973
v 0.635909 1.428808 4.022111
v 0.647856 1.431744 4.211776
v 0.209642 1.532415 4.238600
v 1.540182 1.086994 4.904862
v 1.541118 1.144509 4.723413
v 1.979710 1.045681 4.696728
v 1.978849 0.988396 4.878434
v 1.539005 1.189665 4.537054
v 1.977711 1.091448 4.510315
v 1.102563 1.243448 4.750221
v 1.100176 1.287316 4.563681
v 1.101497 1.185554 4.931247
v 1.972735 1.123718 4.321313
v 1.534067 1.221995 4.348234
v 1.095482 1.320716 4.375133
v 0.657009 1.420022 4.402012
v 0.218617 1.519766 4.428872
v 0.661945 1.387689 4.590831
v 0.223589 1.487495 4.617873
v 0.225589 1.441727 4.804286
v 0.664056 1.342533 4.777193
v 0.663118 1.285017 4.958642
v 0.224728 1.384442 4.985994
v 1.516218 0.775132 5.595179
v 1.526271 0.872588 5.425462
v 1.964896 0.774118 5.398522
v 1.954966 0.677350 5.568173
v 1.533235 0.954283 5.254913
v 1.971906 0.855901 5.228155
v 1.087699 0.971383 5.452373
v 1.094472 1.052218 5.281576
v 1.077453 0.872803 5.622196
v 1.976589 0.926992 5.055538
v 1.538000 1.025822 5.082224
v 1.099444 1.124756 5.109031
v 0.660940 1.223842 5.136003
v 0.222469 1.323038 5.163095
v 0.656176 1.152306 5.308692
v 0.217781 1.251946 5.335714
v 0.210773 1.170166 5.506081
v 0.649208 1.070611 5.479241
v 0.639160 0.973156 5.648958
v 0.200846 1.073395 5.675731
v 0.627203 0.864845 5.819703
v 0.188770 0.964400 5.846542
v 0.612821 0.742694 5.991763
v 0.174371 0.842176 6.018608
v 1.065697 0.765616 5.792836
v 1.051210 0.642876 5.964950
v 0.158571 0.711958 6.191432
v 0.597099 0.612946 6.164540
v 0.580383 0.477499 6.337860
v 0.141851 0.576510 6.364748
v 1.035632 0.513934 6.137652
v 1.018911 0.378486 6.310969
v 1.457436 0.279474 6.284081
v 1.474162 0.414922 6.110763
v 1.912691 0.315911 6.083873
v 1.895971 0.180463 6.257194
v 1.489880 0.544672 5.937984
v 1.928490 0.446130 5.911049
v 1.942889 0.568353 5.738985
v 1.504265 0.666821 5.765924
v 0.705588 1.290838 8.968282
v 0.694528 1.236911 9.127368
v 0.246480 1.284778 9.135548
v 0.257690 1.338912 8.976995
v 0.680455 1.178873 9.275681
v 0.232391 1.226722 9.283802
v 1.142647 1.189140 9.119442
v 1.128446 1.130926 9.267293
v 1.153462 1.242733 8.959482
v 0.216560 1.166287 9.425830
v 0.664727 1.118580 9.418073
v 0.647759 1.056594 9.556030
v 0.199592 1.104303 9.563787
v 1.112895 1.070872 9.410317
v 1.095927 1.008886 9.548273
v 1.544094 0.961178 9.540516
v 1.561065 1.023163 9.402560
v 2.009231 0.975454 9.394803
v 1.992260 0.913470 9.532758
v 1.576791 1.083457 9.260166
v 2.025057 1.035888 9.252777
v 2.039150 1.093948 9.104518
v 1.590864 1.141495 9.111857
v 1.601922 1.195423 8.952771
v 2.050358 1.148081 8.945971
v 0.718052 1.412261 8.247050
v 0.720402 1.406594 8.437178
v 0.272338 1.455044 8.444963
v 0.270119 1.461645 8.254874
v 0.718890 1.380375 8.622124
v 0.270915 1.428861 8.630272
v 1.168528 1.358590 8.429412
v 1.166729 1.331330 8.613694
v 1.165967 1.362726 8.239222
v 0.266236 1.389412 8.808926
v 0.714285 1.341544 8.800744
v 1.162405 1.293772 8.792822
v 1.610621 1.246129 8.785232
v 2.058907 1.198580 8.777899
v 1.615225 1.284961 8.606611
v 2.063587 1.238032 8.599245
v 2.065010 1.264209 8.413937
v 1.616739 1.311178 8.421667
v 1.614389 1.316844 8.231538
v 2.062790 1.270813 8.223845
v 0.687869 1.274344 7.498285
v 0.697853 1.330069 7.680194
v 0.249694 1.377969 7.687746
v 0.239722 1.322490 7.505576
v 0.706532 1.373122 7.867032
v 0.258462 1.421640 7.874637
v 1.146016 1.282284 7.672520
v 1.154534 1.324032 7.859538
v 1.136013 1.226161 7.491035
v 0.265585 1.451580 8.064122
v 0.713649 1.403132 8.056335
v 1.161775 1.355128 8.048568
v 1.609985 1.307717 8.040823
v 2.058253 1.260748 8.033095
v 1.602866 1.277707 7.851519
v 2.051132 1.230808 7.843609
v 2.042364 1.187137 7.656719
v 1.594190 1.234653 7.664681
v 1.584206 1.178928 7.482771
v 2.032391 1.131655 7.474549
v 0.639196 0.967602 6.806247
v 0.653924 1.064051 6.976395
v 0.205840 1.112304 6.984205
v 0.191216 1.016546 6.814123
v 0.666456 1.144575 7.147367
v 0.218368 1.192922 7.154991
v 1.102060 1.016124 6.968617
v 1.114486 1.095771 7.139838
v 1.087158 0.918548 6.798361
v 0.229550 1.262674 7.328034
v 0.677707 1.214774 7.320482
v 1.125872 1.166988 7.312808
v 1.574042 1.119357 7.304969
v 2.022221 1.071841 7.297007
v 1.562792 1.049159 7.131854
v 2.011038 1.002089 7.123965
v 1.998510 0.921470 6.953177
v 1.550260 0.968633 6.960882
v 1.535531 0.872187 6.790734
v 1.983885 0.825714 6.783096
v 1.519151 0.764835 6.619540
v 1.967398 0.717672 6.611836
v 1.500662 0.643581 6.447013
v 1.948903 0.596345 6.439301
v 1.070947 0.812326 6.627275
v 1.052373 0.690479 6.454692
v 1.929190 0.466984 6.265996
v 1.481024 0.514692 6.273754
v 1.460515 0.380079 6.099946
v 1.908683 0.332371 6.092187
v 1.032853 0.562400 6.281511
v 1.012347 0.427787 6.107702
v 0.564179 0.475495 6.115460
v 0.584687 0.610108 6.289267
v 0.136521 0.657816 6.297026
v 0.116013 0.523204 6.123216
v 0.604329 0.738997 6.462525
v 0.156234 0.787177 6.470327
v 0.174730 0.908504 6.642862
v 0.622814 0.860251 6.635053
v 4.386360 1.398190 6.633957
v 4.571146 1.338000 6.650272
v 4.571873 1.398823 7.168816
v 4.387710 1.459257 7.152331
v 4.743448 1.272940 6.669930
v 4.744104 1.333738 7.188494
v 4.570718 1.277294 6.131650
v 4.742487 1.212023 6.151452
v 4.384913 1.337086 6.115606
v 4.909131 1.265836 7.210105
v 4.908897 1.205204 6.691428
v 5.069203 1.135465 6.714302
v 5.069448 1.196098 7.232976
v 4.908661 1.144572 6.172752
v 5.068967 1.074832 6.195627
v 5.068735 1.014199 5.676950
v 4.908429 1.083938 5.654073
v 4.908191 1.023305 5.135399
v 5.068497 0.953566 5.158278
v 4.742980 1.151672 5.632578
v 4.743166 1.091206 5.113793
v 4.570927 1.156294 5.094110
v 4.570678 1.216734 5.612919
v 4.385899 1.276928 5.596606
v 4.386765 1.216726 5.077632
v 3.549590 1.528960 6.605107
v 3.769928 1.524936 6.605871
v 3.770191 1.586425 7.124419
v 3.549888 1.591530 7.123495
v 3.984469 1.497076 6.611259
v 3.985153 1.558612 7.129710
v 3.769688 1.463958 6.087246
v 3.983467 1.434890 6.092969
v 3.549291 1.466214 6.086744
v 4.192512 1.515385 7.138812
v 4.191788 1.454560 6.620266
v 4.191365 1.393854 6.101645
v 4.191319 1.333299 5.582914
v 4.191573 1.272851 5.064109
v 3.983997 1.375813 5.573906
v 3.984210 1.316086 5.055002
v 3.769247 1.343891 5.049712
v 3.769460 1.403668 5.568515
v 3.549122 1.407693 5.567753
v 3.548940 1.349002 5.048791
v 2.683604 1.359453 6.628265
v 2.893743 1.426339 6.619304
v 2.893739 1.487194 7.137961
v 2.683293 1.420586 7.146904
v 3.109741 1.478629 6.612095
v 3.109791 1.540198 7.130641
v 2.893603 1.365620 6.100634
v 3.109824 1.416401 6.093629
v 2.683962 1.298276 6.109631
v 3.328995 1.577352 7.125439
v 3.328732 1.515864 6.606893
v 3.328487 1.454888 6.088266
v 3.328262 1.394598 5.569538
v 3.328055 1.334821 5.050738
v 3.109271 1.357367 5.574740
v 3.108849 1.297665 5.055940
v 2.892799 1.244659 5.063259
v 2.893275 1.305073 5.581947
v 2.683132 1.238187 5.590911
v 2.682355 1.178052 5.072199
v 1.885239 0.995370 6.675874
v 2.081298 1.109214 6.660719
v 2.081590 1.170478 7.179291
v 1.885600 1.057433 7.194323
v 2.278487 1.204651 6.648313
v 2.278562 1.266021 7.166887
v 2.081041 1.048328 6.142082
v 2.278526 1.142753 6.129814
v 1.884869 0.933178 6.157451
v 2.478267 1.349022 7.156210
v 2.478270 1.288168 6.637552
v 2.478132 1.227447 6.118883
v 2.477800 1.166902 5.600200
v 2.477324 1.106490 5.081507
v 2.278017 1.083383 5.610959
v 2.277620 1.023489 5.092185
v 2.080650 0.927945 5.104589
v 2.080830 0.987947 5.623364
v 1.884769 0.874105 5.638524
v 1.884660 0.814903 5.119620
v 1.687610 0.747636 5.655705
v 1.687434 0.687634 5.136930
v 1.489061 0.605068 5.675467
v 1.488871 0.544984 5.156704
v 1.687825 0.808017 6.174424
v 1.489212 0.664764 6.194294
v 1.289501 0.393032 5.177969
v 1.289737 0.453664 5.696644
v 1.089842 0.295631 5.718884
v 1.089606 0.234998 5.200209
v 1.289973 0.514296 6.215323
v 1.090077 0.356262 6.237562
v 1.090314 0.416896 6.756239
v 1.290209 0.574929 6.733996
v 1.290447 0.635562 7.252667
v 1.090548 0.477529 7.274911
v 1.489527 0.726335 6.712819
v 1.489811 0.787514 7.231405
v 1.688370 0.930165 7.211630
v 1.688084 0.868901 6.693058
v 1.798482 2.150944 8.099904
v 1.854512 2.155873 8.242495
v 1.480411 2.150305 8.411060
v 1.424634 2.145741 8.268773
v 1.905480 2.153511 8.378844
v 1.531349 2.147903 8.547376
v 2.228725 2.161613 8.074080
v 2.279479 2.158937 8.210163
v 2.172286 2.156093 7.930977
v 1.579362 2.141288 8.680086
v 1.953663 2.147141 8.511767
v 1.999759 2.137771 8.642111
v 1.625464 2.131924 8.810440
v 2.327964 2.152997 8.343445
v 2.374059 2.143627 8.473793
v 2.748358 2.149480 8.305476
v 2.702265 2.158852 8.175127
v 3.076557 2.164702 8.006808
v 3.122657 2.155332 8.137156
v 2.654078 2.165220 8.042208
v 3.028550 2.171319 7.874104
v 2.977602 2.173719 7.737781
v 2.603114 2.167583 7.905861
v 2.547080 2.162656 7.763272
v 2.921828 2.169151 7.595502
v 1.542258 2.020669 7.499063
v 1.608291 2.077854 7.648639
v 1.233914 2.072644 7.816753
v 1.167786 2.016280 7.666927
v 1.674231 2.115588 7.800821
v 1.300035 2.110542 7.969178
v 1.982625 2.083447 7.480403
v 2.048344 2.120058 7.632439
v 1.916751 2.024931 7.331246
v 1.364377 2.134729 8.120977
v 1.738478 2.140300 7.952415
v 2.112697 2.146038 7.784004
v 2.487077 2.152005 7.615777
v 2.861577 2.158144 7.447707
v 2.422825 2.127300 7.464182
v 2.797243 2.133961 7.295901
v 2.731114 2.096057 7.143476
v 2.356893 2.089559 7.312001
v 2.290860 2.032378 7.162426
v 2.664984 2.039690 6.993646
v 1.302299 1.658006 6.958458
v 1.357606 1.765149 7.083177
v 0.983200 1.759392 7.251282
v 0.927762 1.652373 7.126294
v 1.416414 1.863060 7.215458
v 1.041959 1.857849 7.383413
v 1.731944 1.770965 6.914942
v 1.790984 1.867816 7.047754
v 1.676859 1.663618 6.790666
v 1.103412 1.945384 7.521670
v 1.477788 1.950592 7.353551
v 1.852120 1.956187 7.185314
v 2.226388 1.962297 7.016913
v 2.600608 1.968795 6.848393
v 2.165011 1.874765 6.878818
v 2.539151 1.881261 6.710136
v 2.480396 1.782802 6.578006
v 2.106208 1.776854 6.746539
v 2.050897 1.669710 6.621819
v 2.424958 1.675782 6.453019
v 1.105153 1.169289 6.511989
v 1.151000 1.307493 6.615394
v 0.776661 1.302128 6.783585
v 0.730760 1.164540 6.680017
v 1.199019 1.432291 6.724308
v 0.824592 1.426943 6.892333
v 1.525317 1.313152 6.447127
v 1.573535 1.437276 6.556497
v 1.479555 1.173943 6.343986
v 0.874697 1.543175 7.006104
v 1.249099 1.548930 6.837999
v 1.623438 1.554744 6.669765
v 1.997697 1.560635 6.501360
v 2.371892 1.566584 6.332827
v 1.947618 1.443995 6.387671
v 2.321788 1.450353 6.219056
v 2.273856 1.325536 6.110309
v 1.899601 1.319199 6.278756
v 1.853754 1.180997 6.175350
v 2.227952 1.187953 6.006742
v 1.808742 1.033074 6.074506
v 2.182999 1.039414 5.906062
v 1.764800 0.872759 5.976938
v 2.139059 0.879034 5.808508
v 1.434458 1.027027 6.242878
v 1.390562 0.866184 6.145446
v 2.095739 0.711493 5.712841
v 1.721440 0.705640 5.881159
v 1.678526 0.533420 5.786732
v 2.052822 0.539271 5.618413
v 1.347139 0.699786 6.049480
v 1.304225 0.527564 5.955051
v 0.929922 0.521713 6.123371
v 0.972842 0.693936 6.217799
v 0.598547 0.688083 6.386118
v 0.555627 0.515860 6.291688
v 1.016199 0.861054 6.313574
v 0.641867 0.855621 6.481782
v 0.685802 1.016000 6.579335
v 1.060142 1.021368 6.411147
v 3.097027 2.441937 4.951861
v 3.231379 2.464637 4.845280
v 3.536287 2.467624 5.193843
v 3.402137 2.445383 5.300077
v 3.361403 2.478328 4.745780
v 3.666276 2.481272 5.094392
v 2.926582 2.461851 4.496552
v 3.056420 2.475154 4.397356
v 2.791871 2.438419 4.603709
v 3.793791 2.489708 4.999024
v 3.489055 2.487066 4.650185
v 3.614912 2.492101 4.557502
v 3.919667 2.494754 4.906341
v 3.184323 2.484419 4.301334
v 3.310188 2.489459 4.208658
v 3.005439 2.486819 3.859812
v 2.879591 2.481783 3.952482
v 2.574850 2.479135 3.603645
v 2.700717 2.484175 3.510968
v 2.751931 2.473042 4.048092
v 2.447349 2.470701 3.699007
v 2.317341 2.457057 3.798465
v 2.621913 2.459348 4.147584
v 2.487565 2.436661 4.254172
v 2.183206 2.434812 3.904692
v 2.548312 2.222844 5.416547
v 2.681733 2.305243 5.299830
v 2.986212 2.308577 5.648862
v 2.852468 2.227086 5.765813
v 2.819905 2.366077 5.181274
v 3.124567 2.369638 5.530042
v 2.377103 2.302317 4.950909
v 2.515300 2.361870 4.832572
v 2.244211 2.218478 5.067241
v 3.264193 2.415176 5.412571
v 2.959285 2.412185 5.064004
v 2.654488 2.409403 4.715268
v 2.349810 2.406897 4.366315
v 2.045251 2.404607 4.017188
v 2.210435 2.360797 4.483591
v 1.905619 2.359067 4.134650
v 1.767273 2.298006 4.253484
v 2.072262 2.299951 4.602140
v 1.938843 2.217564 4.718855
v 1.633518 2.216505 4.370429
v 2.081870 1.749881 5.831047
v 2.187183 1.885353 5.736797
v 2.491715 1.888079 6.085832
v 2.386143 1.752714 6.180320
v 2.300387 2.011385 5.635788
v 2.604718 2.014703 5.984953
v 1.882530 1.882680 5.387879
v 1.996331 2.007582 5.286389
v 1.777633 1.747032 5.481737
v 2.724493 2.129811 5.878566
v 2.420009 2.126468 5.529535
v 2.115379 2.123542 5.180614
v 1.810539 2.121178 4.831845
v 1.505552 2.119236 4.483189
v 1.690910 2.006096 4.938100
v 1.385779 2.004129 4.589581
v 1.272776 1.877501 4.690452
v 1.577710 1.880065 5.039103
v 1.472395 1.744591 5.133361
v 1.167199 1.742134 4.784944
v 1.714926 1.146849 6.161648
v 1.797392 1.314608 6.086279
v 2.101953 1.317784 6.435237
v 2.019274 1.150698 6.510750
v 1.886377 1.467977 6.006025
v 2.190792 1.471149 6.355133
v 1.492723 1.311751 5.737390
v 1.582197 1.464418 5.656735
v 1.410619 1.142896 5.812517
v 2.285158 1.615487 6.270565
v 1.980626 1.612762 5.921531
v 1.675971 1.610086 5.572617
v 1.371158 1.607474 5.223844
v 1.066216 1.604909 4.875190
v 1.276906 1.462687 5.308333
v 0.971847 1.460576 4.959755
v 0.883010 1.307205 5.039862
v 1.187917 1.309320 5.388589
v 1.105456 1.141565 5.463955
v 0.800335 1.140126 5.115375
v 1.026428 0.963199 5.537042
v 0.721527 0.961086 5.188311
v 0.951795 0.771308 5.607211
v 0.646910 0.769123 5.258472
v 1.331236 0.965632 5.885841
v 1.256780 0.773163 5.955889
v 0.574820 0.569344 5.326948
v 0.879554 0.571988 5.675789
v 0.809128 0.367100 5.743160
v 0.504396 0.364455 5.394319
v 1.184293 0.574630 6.024636
v 1.113864 0.369740 6.092008
v 1.418603 0.372386 6.440859
v 1.489032 0.577276 6.373479
v 1.793764 0.579920 6.722321
v 1.723337 0.375030 6.789700
v 1.561264 0.776594 6.304904
v 1.865850 0.779696 6.653845
v 1.940464 0.971658 6.583692
v 1.635906 0.968485 6.234731
v -0.116325 2.601803 4.180460
v -0.228874 2.623890 4.045613
v 0.119614 2.622838 3.724430
v 0.231803 2.601213 3.859075
v -0.334082 2.636784 3.915102
v 0.014455 2.635681 3.593955
v -0.577531 2.625152 4.366683
v -0.682424 2.637653 4.236358
v -0.464387 2.602323 4.501892
v -0.086472 2.643217 3.465950
v -0.435246 2.644629 3.786962
v -0.533392 2.648694 3.660624
v -0.184618 2.647288 3.339596
v -0.784030 2.646031 4.107968
v -0.882169 2.650106 3.981621
v -1.230949 2.651516 4.302647
v -1.132816 2.647453 4.428978
v -1.481586 2.648853 4.749996
v -1.579723 2.652917 4.623647
v -1.031640 2.639604 4.557124
v -1.380663 2.641323 4.877982
v -1.275499 2.628473 5.008477
v -0.926437 2.626710 4.687631
v -0.813882 2.604633 4.822472
v -1.163318 2.606859 5.143105
v 0.373114 2.382202 4.731757
v 0.250360 2.465412 4.597498
v 0.599337 2.464712 4.276735
v 0.722342 2.382434 4.411312
v 0.125548 2.526511 4.458655
v 0.474252 2.526041 4.137712
v -0.098500 2.466533 4.918406
v -0.223092 2.526317 4.779548
v 0.023844 2.381847 5.052150
v 0.350477 2.571468 3.997519
v 0.001986 2.572523 4.318702
v -0.346679 2.573789 4.639774
v -0.695570 2.575343 4.960725
v -1.044640 2.577114 5.281561
v -0.572003 2.529335 5.100676
v -0.920873 2.531674 5.421763
v -0.795776 2.470351 5.560779
v -0.447198 2.468225 5.239520
v -0.324445 2.385026 5.373776
v -0.672776 2.388063 5.695363
v 0.808442 1.902083 5.202922
v 0.709541 2.039839 5.096255
v 1.058518 2.038517 4.775449
v 1.157673 1.900871 4.882370
v 0.603492 2.167871 4.981798
v 0.952612 2.167159 4.661184
v 0.360686 2.041219 5.417184
v 0.254128 2.168090 5.302139
v 0.459176 1.903276 5.523435
v 0.840862 2.283955 4.540264
v 0.491885 2.284647 4.861026
v 0.143026 2.285764 5.181936
v -0.205672 2.287460 5.503048
v -0.554250 2.289590 5.824305
v -0.094062 2.170693 5.623824
v -0.442494 2.172792 5.945226
v -0.336595 2.044150 6.059487
v 0.011979 2.042658 5.738278
v 0.110890 1.904897 5.844947
v -0.237438 1.906502 6.166416
v 1.154999 1.288028 5.575912
v 1.076096 1.459018 5.491772
v 1.424996 1.458156 5.170930
v 1.504054 1.287855 5.255278
v 0.991988 1.615224 5.401246
v 1.341043 1.614359 5.080554
v 0.727269 1.460208 5.812718
v 0.642736 1.615694 5.721711
v 0.805915 1.288094 5.896504
v 1.252361 1.761281 4.984734
v 0.903382 1.762605 5.305541
v 0.554530 1.763980 5.626472
v 0.205826 1.765422 5.947560
v -0.142752 1.766913 6.268778
v 0.294428 1.618040 6.043270
v -0.054067 1.619998 6.364597
v 0.029887 1.463786 6.454976
v 0.378539 1.461834 6.133798
v 0.457443 1.290849 6.217930
v 0.108947 1.293493 6.539318
v 0.533896 1.108975 6.298725
v 0.185240 1.110928 6.619897
v 0.607220 0.913221 6.375247
v 0.258553 0.915103 6.696402
v 0.882627 1.107350 5.977644
v 0.955819 0.911004 6.053991
v 0.330058 0.711256 6.770449
v 0.678835 0.709847 6.449439
v 0.749152 0.500757 6.521866
v 0.400376 0.502164 6.842874
v 1.027616 0.708436 6.128424
v 1.097933 0.499345 6.200857
v 1.446719 0.497940 5.879840
v 1.376390 0.707030 5.807410
v 1.725164 0.705622 5.486402
v 1.795494 0.496530 5.558832
v 1.304780 0.910405 5.733226
v 1.653660 0.909464 5.412362
v 1.580354 1.105290 5.335858
v 1.231454 1.106156 5.656697
v -0.706178 2.729333 7.092875
v -0.857324 2.761670 7.170005
v -1.076473 2.818769 6.766806
v -0.925555 2.786893 6.690006
v -1.003644 2.784961 7.240456
v -1.222753 2.842010 6.837216
v -0.638295 2.704778 7.573354
v -0.784409 2.727679 7.643519
v -0.486750 2.671712 7.495683
v -1.366278 2.860030 6.903767
v -1.147321 2.803281 7.307225
v -1.288998 2.817883 7.371256
v -1.507973 2.874640 6.967793
v -0.928369 2.746527 7.710693
v -1.070051 2.761138 7.774714
v -0.851079 2.704385 8.178182
v -0.709413 2.689783 8.114165
v -0.490447 2.633024 8.517618
v -0.632132 2.647629 8.581638
v -0.565727 2.671459 8.047383
v -0.346937 2.615009 8.451065
v -0.200637 2.591766 8.380654
v -0.419412 2.648168 7.976935
v -0.268269 2.615847 7.899799
v -0.049735 2.559897 8.303862
v -0.095319 2.473708 6.739465
v -0.241702 2.564511 6.831284
v -0.460302 2.621927 6.427747
v -0.313460 2.531998 6.335839
v -0.395284 2.634407 6.922215
v -0.614093 2.692054 6.518915
v -0.022890 2.507487 7.234775
v -0.176578 2.576128 7.325392
v 0.122750 2.415304 7.143107
v -0.770401 2.747028 6.607299
v -0.551251 2.689927 7.010501
v -0.332224 2.633035 7.413861
v -0.113333 2.576425 7.817427
v 0.105430 2.520031 8.221152
v 0.042633 2.520911 7.729136
v 0.261742 2.465046 8.132778
v 0.415531 2.394922 8.041595
v 0.196214 2.451002 7.638209
v 0.342595 2.360212 7.546391
v 0.562377 2.304986 7.949695
v 0.399049 1.973510 6.397840
v 0.290201 2.114820 6.477844
v 0.071493 2.171639 6.074247
v 0.180651 2.030419 5.994071
v 0.171275 2.247325 6.562028
v -0.047152 2.304723 6.158390
v 0.509061 2.058044 6.881357
v 0.389335 2.189483 6.965795
v 0.617398 1.916587 6.801632
v -0.174731 2.426886 6.245575
v 0.043869 2.369465 6.649110
v 0.262680 2.312441 7.052602
v 0.481782 2.255952 7.456035
v 0.701098 2.199881 7.859422
v 0.609197 2.133831 7.368953
v 0.828680 2.077713 7.772233
v 0.947319 1.944629 7.688094
v 0.728118 2.001314 7.284773
v 0.836969 1.860004 7.204761
v 1.056485 1.803407 7.607920
v 0.765458 1.351525 6.106773
v 0.686154 1.523175 6.175728
v 0.467445 1.580441 5.772232
v 0.547054 1.409438 5.703236
v 0.598006 1.681065 6.246944
v 0.379473 1.738317 5.843337
v 0.905018 1.466216 6.579203
v 0.816237 1.623449 6.650653
v 0.983804 1.293511 6.510322
v 0.284249 1.887658 5.916913
v 0.502958 1.830838 6.320512
v 0.721821 1.774060 6.724023
v 0.940871 1.717335 7.127436
v 1.160082 1.660647 7.530761
v 1.035922 1.567559 7.053872
v 1.255306 1.511313 7.457186
v 1.343278 1.353428 7.386078
v 1.124076 1.409669 6.982653
v 1.203370 1.238025 6.913698
v 1.422884 1.182434 7.317079
v 1.277764 1.056149 6.845416
v 1.496965 0.999907 7.248844
v 1.345890 0.861226 6.777993
v 1.565061 0.804920 7.181424
v 1.058706 1.112697 6.441965
v 1.126569 0.917220 6.374580
v 1.629548 0.602393 7.114501
v 1.410590 0.659145 6.711039
v 1.472702 0.451693 6.644446
v 1.691658 0.394939 7.047905
v 1.191629 0.715895 6.307573
v 1.253746 0.508440 6.240980
v 1.034785 0.565197 5.837510
v 0.972668 0.772650 5.904115
v 0.753711 0.829402 5.500655
v 0.815828 0.621947 5.434051
v 0.907977 0.974731 5.971066
v 0.689230 1.031924 5.567579
v 0.621136 1.226913 5.634994
v 0.839843 1.169651 6.038487
v 2.405610 3.180824 6.691621
v 2.544845 3.258447 6.725279
v 2.444898 3.298859 7.147898
v 2.305876 3.221773 7.114124
v 2.679490 3.325711 6.761189
v 2.579499 3.366070 7.183818
v 2.644913 3.218258 6.302610
v 2.779355 3.285080 6.338620
v 2.505293 3.139806 6.269133
v 2.711459 3.427319 7.221060
v 2.811603 3.387301 6.798355
v 2.941809 3.444632 6.836434
v 2.841682 3.484664 7.259148
v 2.911746 3.347280 6.375644
v 3.041950 3.404615 6.413732
v 3.142074 3.364587 5.991008
v 3.011887 3.307264 5.952930
v 3.112014 3.267226 5.530221
v 3.242226 3.324563 5.568310
v 2.879761 3.245668 5.915767
v 2.980061 3.205991 5.492987
v 2.845446 3.138772 5.457060
v 2.745129 3.178399 5.879854
v 2.605886 3.100804 5.846203
v 2.706434 3.061699 5.423288
v 1.854401 2.748378 6.590051
v 1.982178 2.879674 6.608226
v 1.881561 2.920199 7.030753
v 1.753168 2.789567 7.012340
v 2.120359 2.993784 6.632064
v 2.019957 3.034604 7.054539
v 2.082513 2.839452 6.185592
v 2.220942 2.952403 6.209768
v 1.955729 2.707124 6.167802
v 2.162795 3.135558 7.082363
v 2.262755 3.095139 6.659740
v 2.362831 3.054948 6.237069
v 2.463030 3.015093 5.814318
v 2.563351 2.975475 5.391522
v 2.320633 2.913741 5.786648
v 2.420519 2.874505 5.363689
v 2.282115 2.760102 5.339913
v 2.182456 2.799626 5.762806
v 2.054677 2.668343 5.744630
v 2.153718 2.629469 5.321490
v 1.459911 2.126182 6.558038
v 1.540631 2.291934 6.560567
v 1.440221 2.331943 6.983222
v 1.359163 2.166169 6.980627
v 1.633211 2.452869 6.566411
v 1.532418 2.493317 6.988904
v 1.640872 2.251925 6.137884
v 1.734451 2.412135 6.144054
v 1.560708 2.086209 6.135458
v 1.635638 2.647518 6.998109
v 1.736253 2.606989 6.575584
v 1.836589 2.566760 6.152954
v 1.936536 2.526933 5.730166
v 2.036192 2.487421 5.307271
v 1.833481 2.372825 5.720984
v 1.932966 2.333215 5.298071
v 1.840779 2.171844 5.292388
v 1.740907 2.211886 5.715143
v 1.660181 2.046131 5.712615
v 1.759716 2.006067 5.289783
v 1.217396 1.433391 6.570196
v 1.262752 1.617535 6.561999
v 1.162278 1.657955 6.984567
v 1.116503 1.474315 6.992587
v 1.319422 1.791804 6.557932
v 1.218772 1.832153 6.980475
v 1.363021 1.577349 6.139344
v 1.420457 1.751221 6.135509
v 1.318368 1.392396 6.147833
v 1.284115 2.000824 6.979228
v 1.384521 1.960822 6.556570
v 1.484762 1.920803 6.133885
v 1.584801 1.880774 5.711153
v 1.684664 1.840726 5.288389
v 1.519705 1.711757 5.712510
v 1.619319 1.672061 5.289636
v 1.562830 1.497856 5.293728
v 1.463027 1.537487 5.716576
v 1.417675 1.353350 5.724779
v 1.517050 1.314223 5.301755
v 1.379001 1.161309 5.735773
v 1.478807 1.121681 5.312926
v 1.348862 0.959198 5.750342
v 1.448707 0.919519 5.327516
v 1.278999 1.201177 6.158544
v 1.249213 0.998636 6.173261
v 1.423523 0.711532 5.344163
v 1.323389 0.751558 5.766869
v 1.301434 0.539768 5.784868
v 1.401571 0.499746 5.362164
v 1.223249 0.791580 6.189585
v 1.201294 0.579787 6.207581
v 1.101155 0.619818 6.630298
v 1.123116 0.831606 6.612295
v 1.022977 0.871630 7.035000
v 1.001019 0.659837 7.053005
v 1.148578 1.039245 6.595765
v 1.048156 1.079611 7.018348
v 1.078252 1.281773 7.003762
v 1.178727 1.241358 6.581199
# 945 vertices

vt 0.331138 0.862575
vt 0.332900 0.892007
vt 0.417129 0.892083
vt 0.415350 0.862727
vt 0.334661 0.921439
vt 0.418908 0.921439
vt 0.248670 0.891932
vt 0.250414 0.921439
vt 0.246927 0.862424
vt 0.421278 0.948220
vt 0.337032 0.948220
vt 0.339402 0.975000
vt 0.423649 0.975000
vt 0.252785 0.948220
vt 0.255155 0.975000
vt 0.170909 0.975000
vt 0.168538 0.948220
vt 0.084292 0.948220
vt 0.086662 0.975000
vt 0.166168 0.921439
vt 0.081921 0.921439
vt 0.080142 0.892083
vt 0.164406 0.892007
vt 0.162645 0.862575
vt 0.078364 0.862727
vt 0.329100 0.724957
vt 0.329228 0.760546
vt 0.413471 0.760538
vt 0.413338 0.724941
vt 0.329357 0.796135
vt 0.413604 0.796135
vt 0.244986 0.760554
vt 0.245110 0.796135
vt 0.244862 0.724974
vt 0.414477 0.829431
vt 0.330248 0.829355
vt 0.246018 0.829279
vt 0.161754 0.829355
vt 0.077490 0.829431
vt 0.160864 0.796135
vt 0.076617 0.796135
vt 0.076484 0.760538
vt 0.160735 0.760546
vt 0.160607 0.724957
vt 0.076351 0.724941
vt 0.329661 0.587708
vt 0.329470 0.621148
vt 0.413719 0.621107
vt 0.413911 0.587624
vt 0.329280 0.654589
vt 0.413527 0.654589
vt 0.245222 0.621190
vt 0.245033 0.654589
vt 0.245411 0.587791
vt 0.413432 0.689765
vt 0.329190 0.689773
vt 0.244948 0.689781
vt 0.160697 0.689773
vt 0.076446 0.689765
vt 0.160787 0.654589
vt 0.076540 0.654589
vt 0.076732 0.621107
vt 0.160977 0.621148
vt 0.161167 0.587708
vt 0.076924 0.587624
vt 0.360606 0.294598
vt 0.360319 0.320686
vt 0.471991 0.320823
vt 0.472272 0.294872
vt 0.360033 0.346774
vt 0.471710 0.346774
vt 0.248648 0.320549
vt 0.245645 0.525000
vt 0.248940 0.294324
vt 0.414024 0.556312
vt 0.329776 0.556354
vt 0.245528 0.556396
vt 0.161283 0.556354
vt 0.077038 0.556312
vt 0.161398 0.525000
vt 0.077151 0.525000
vt 0.025281 0.320823
vt 0.136964 0.320686
vt 0.137251 0.294598
vt 0.025562 0.294872
vt 0.137828 0.261654
vt 0.026145 0.261792
vt 0.138406 0.228711
vt 0.026728 0.228711
vt 0.249512 0.261517
vt 0.250083 0.228711
vt 0.027509 0.190968
vt 0.139187 0.190968
vt 0.139967 0.153226
vt 0.028290 0.153226
vt 0.250864 0.190968
vt 0.251645 0.153226
vt 0.363323 0.153226
vt 0.362542 0.190968
vt 0.474219 0.190968
vt 0.475000 0.153226
vt 0.361761 0.228711
vt 0.473438 0.228711
vt 0.472855 0.261792
vt 0.361183 0.261654
vt 0.331138 0.862575
vt 0.332900 0.892007
vt 0.417129 0.892083
vt 0.415350 0.862727
vt 0.334661 0.921439
vt 0.418908 0.921439
vt 0.248670 0.891932
vt 0.250414 0.921439
vt 0.246927 0.862424
vt 0.421278 0.948220
vt 0.337032 0.948220
vt 0.339402 0.975000
vt 0.423649 0.975000
vt 0.252785 0.948220
vt 0.255155 0.975000
vt 0.170909 0.975000
vt 0.168538 0.948220
vt 0.084292 0.948220
vt 0.086662 0.975000
vt 0.166168 0.921439
vt 0.081921 0.921439
vt 0.080142 0.892083
vt 0.164406 0.892007
vt 0.162645 0.862575
vt 0.078364 0.862727
vt 0.329100 0.724957
vt 0.329228 0.760546
vt 0.413471 0.760538
vt 0.413338 0.724941
vt 0.329357 0.796135
vt 0.413604 0.796135
vt 0.244986 0.760554
vt 0.245110 0.796135
vt 0.244862 0.724974
vt 0.414477 0.829431
vt 0.330248 0.829355
vt 0.246018 0.829279
vt 0.161754 0.829355
vt 0.077490 0.829431
vt 0.160864 0.796135
vt 0.076617 0.796135
vt 0.076484 0.760538
vt 0.160735 0.760546
vt 0.160607 0.724957
vt 0.076351 0.724941
vt 0.329661 0.587708
vt 0.329470 0.621148
vt 0.413719 0.621107
vt 0.413911 0.587624
vt 0.329280 0.654589
vt 0.413527 0.654589
vt 0.245222 0.621190
vt 0.245033 0.654589
vt 0.245411 0.587791
vt 0.413432 0.689765
vt 0.329190 0.689773
vt 0.244948 0.689781
vt 0.160697 0.689773
vt 0.076446 0.689765
vt 0.160787 0.654589
vt 0.076540 0.654589
vt 0.076732 0.621107
vt 0.160977 0.621148
vt 0.161167 0.587708
vt 0.076924 0.587624
vt 0.360606 0.294598
vt 0.360319 0.320686
vt 0.471991 0.320823
vt 0.472272 0.294872
vt 0.360033 0.346774
vt 0.471710 0.346774
vt 0.248648 0.320549
vt 0.245645 0.525000
vt 0.248940 0.294324
vt 0.414024 0.556312
vt 0.329776 0.556354
vt 0.245528 0.556396
vt 0.161283 0.556354
vt 0.077038 0.556312
vt 0.161398 0.525000
vt 0.077151 0.525000
vt 0.025281 0.320823
vt 0.136964 0.320686
vt 0.137251 0.294598
vt 0.025562 0.294872
vt 0.137828 0.261654
vt 0.026145 0.261792
vt 0.138406 0.228711
vt 0.026728 0.228711
vt 0.249512 0.261517
vt 0.250083 0.228711
vt 0.027509 0.190968
vt 0.139187 0.190968
vt 0.139967 0.153226
vt 0.028290 0.153226
vt 0.250864 0.190968
vt 0.251645 0.153226
vt 0.363323 0.153226
vt 0.362542 0.190968
vt 0.474219 0.190968
vt 0.475000 0.153226
vt 0.361761 0.228711
vt 0.473438 0.228711
vt 0.472855 0.261792
vt 0.361183 0.261654
vt 0.331138 0.862575
vt 0.332900 0.892007
vt 0.417129 0.892083
vt 0.415350 0.862727
vt 0.334661 0.921439
vt 0.418908 0.921439
vt 0.248670 0.891932
vt 0.250414 0.921439
vt 0.246927 0.862424
vt 0.421278 0.948220
vt 0.337032 0.948220
vt 0.339402 0.975000
vt 0.423649 0.975000
vt 0.252785 0.948220
vt 0.255155 0.975000
vt 0.170909 0.975000
vt 0.168538 0.948220
vt 0.084292 0.948220
vt 0.086662 0.975000
vt 0.166168 0.921439
vt 0.081921 0.921439
vt 0.080142 0.892083
vt 0.164406 0.892007
vt 0.162645 0.862575
vt 0.078364 0.862727
vt 0.329100 0.724957
vt 0.329228 0.760546
vt 0.413471 0.760538
vt 0.413338 0.724941
vt 0.329357 0.796135
vt 0.413604 0.796135
vt 0.244986 0.760554
vt 0.245110 0.796135
vt 0.244862 0.724974
vt 0.414477 0.829431
vt 0.330248 0.829355
vt 0.246018 0.829279
vt 0.161754 0.829355
vt 0.077490 0.829431
vt 0.160864 0.796135
vt 0.076617 0.796135
vt 0.076484 0.760538
vt 0.160735 0.760546
vt 0.160607 0.724957
vt 0.076351 0.724941
vt 0.329661 0.587708
vt 0.329470 0.621148
vt 0.413719 0.621107
vt 0.413911 0.587624
vt 0.329280 0.654589
vt 0.413527 0.654589
vt 0.245222 0.621190
vt 0.245033 0.654589
vt 0.245411 0.587791
vt 0.413432 0.689765
vt 0.329190 0.689773
vt 0.244948 0.689781
vt 0.160697 0.689773
vt 0.076446 0.689765
vt 0.160787 0.654589
vt 0.076540 0.654589
vt 0.076732 0.621107
vt 0.160977 0.621148
vt 0.161167 0.587708
vt 0.076924 0.587624
vt 0.360606 0.294598
vt 0.360319 0.320686
vt 0.471991 0.320823
vt 0.472272 0.294872
vt 0.360033 0.346774
vt 0.471710 0.346774
vt 0.248648 0.320549
vt 0.245645 0.525000
vt 0.248940 0.294324
vt 0.414024 0.556312
vt 0.329776 0.556354
vt 0.245528 0.556396
vt 0.161283 0.556354
vt 0.077038 0.556312
vt 0.161398 0.525000
vt 0.077151 0.525000
vt 0.025281 0.320823
vt 0.136964 0.320686
vt 0.137251 0.294598
vt 0.025562 0.294872
vt 0.137828 0.261654
vt 0.026145 0.261792
vt 0.138406 0.228711
vt 0.026728 0.228711
vt 0.249512 0.261517
vt 0.250083 0.228711
vt 0.027509 0.190968
vt 0.139187 0.190968
vt 0.139967 0.153226
vt 0.028290 0.153226
vt 0.250864 0.190968
vt 0.251645 0.153226
vt 0.363323 0.153226
vt 0.362542 0.190968
vt 0.474219 0.190968
vt 0.475000 0.153226
vt 0.361761 0.228711
vt 0.473438 0.228711
vt 0.472855 0.261792
vt 0.361183 0.261654
vt 0.331138 0.862575
vt 0.332900 0.892007
vt 0.417129 0.892083
vt 0.415350 0.862727
vt 0.334661 0.921439
vt 0.418908 0.921439
vt 0.248670 0.891932
vt 0.250414 0.921439
vt 0.246927 0.862424
vt 0.421278 0.948220
vt 0.337032 0.948220
vt 0.339402 0.975000
vt 0.423649 0.975000
vt 0.252785 0.948220
vt 0.255155 0.975000
vt 0.170909 0.975000
vt 0.168538 0.948220
vt 0.084292 0.948220
vt 0.086662 0.975000
vt 0.166168 0.921439
vt 0.081921 0.921439
vt 0.080142 0.892083
vt 0.164406 0.892007
vt 0.162645 0.862575
vt 0.078364 0.862727
vt 0.329100 0.724957
vt 0.329228 0.760546
vt 0.413471 0.760538
vt 0.413338 0.724941
vt 0.329357 0.796135
vt 0.413604 0.796135
vt 0.244986 0.760554
vt 0.245110 0.796135
vt 0.244862 0.724974
vt 0.414477 0.829431
vt 0.330248 0.829355
vt 0.246018 0.829279
vt 0.161754 0.829355
vt 0.077490 0.829431
vt 0.160864 0.796135
vt 0.076617 0.796135
vt 0.076484 0.760538
vt 0.160735 0.760546
vt 0.160607 0.724957
vt 0.076351 0.724941
vt 0.329661 0.587708
vt 0.329470 0.621148
vt 0.413719 0.621107
vt 0.413911 0.587624
vt 0.329280 0.654589
vt 0.413527 0.654589
vt 0.245222 0.621190
vt 0.245033 0.654589
vt 0.245411 0.587791
vt 0.413432 0.689765
vt 0.329190 0.689773
vt 0.244948 0.689781
vt 0.160697 0.689773
vt 0.076446 0.689765
vt 0.160787 0.654589
vt 0.076540 0.654589
vt 0.076732 0.621107
vt 0.160977 0.621148
vt 0.161167 0.587708
vt 0.076924 0.587624
vt 0.360606 0.294598
vt 0.360319 0.320686
vt 0.471991 0.320823
vt 0.472272 0.294872
vt 0.360033 0.346774
vt 0.471710 0.346774
vt 0.248648 0.320549
vt 0.245645 0.525000
vt 0.248940 0.294324
vt 0.414024 0.556312
vt 0.329776 0.556354
vt 0.245528 0.556396
vt 0.161283 0.556354
vt 0.077038 0.556312
vt 0.161398 0.525000
vt 0.077151 0.525000
vt 0.025281 0.320823
vt 0.136964 0.320686
vt 0.137251 0.294598
vt 0.025562 0.294872
vt 0.137828 0.261654
vt 0.026145 0.261792
vt 0.138406 0.228711
vt 0.026728 0.228711
vt 0.249512 0.261517
vt 0.250083 0.228711
vt 0.027509 0.190968
vt 0.139187 0.190968
vt 0.139967 0.153226
vt 0.028290 0.153226
vt 0.250864 0.190968
vt 0.251645 0.153226
vt 0.363323 0.153226
vt 0.362542 0.190968
vt 0.474219 0.190968
vt 0.475000 0.153226
vt 0.361761 0.228711
vt 0.473438 0.228711
vt 0.472855 0.261792
vt 0.361183 0.261654
vt 0.331138 0.862575
vt 0.332900 0.892007
vt 0.417129 0.892083
vt 0.415350 0.862727
vt 0.334661 0.921439
vt 0.418908 0.921439
vt 0.248670 0.891932
vt 0.250414 0.921439
vt 0.246927 0.862424
vt 0.421278 0.948220
vt 0.337032 0.948220
vt 0.339402 0.975000
vt 0.423649 0.975000
vt 0.252785 0.948220
vt 0.255155 0.975000
vt 0.170909 0.975000
vt 0.168538 0.948220
vt 0.084292 0.948220
vt 0.086662 0.975000
vt 0.166168 0.921439
vt 0.081921 0.921439
vt 0.080142 0.892083
vt 0.164406 0.892007
vt 0.162645 0.862575
vt 0.078364 0.862727
vt 0.329100 0.724957
vt 0.329228 0.760546
vt 0.413471 0.760538
vt 0.413338 0.724941
vt 0.329357 0.796135
vt 0.413604 0.796135
vt 0.244986 0.760554
vt 0.245110 0.796135
vt 0.244862 0.724974
vt 0.414477 0.829431
vt 0.330248 0.829355
vt 0.246018 0.829279
vt 0.161754 0.829355
vt 0.077490 0.829431
vt 0.160864 0.796135
vt 0.076617 0.796135
vt 0.076484 0.760538
vt 0.160735 0.760546
vt 0.160607 0.724957
vt 0.076351 0.724941
vt 0.329661 0.587708
vt 0.329470 0.621148
vt 0.413719 0.621107
vt 0.413911 0.587624
vt 0.329280 0.654589
vt 0.413527 0.654589
vt 0.245222 0.621190
vt 0.245033 0.654589
vt 0.245411 0.587791
vt 0.413432 0.689765
vt 0.329190 0.689773
vt 0.244948 0.689781
vt 0.160697 0.689773
vt 0.076446 0.689765
vt 0.160787 0.654589
vt 0.076540 0.654589
vt 0.076732 0.621107
vt 0.160977 0.621148
vt 0.161167 0.587708
vt 0.076924 0.587624
vt 0.360606 0.294598
vt 0.360319 0.320686
vt 0.471991 0.320823
vt 0.472272 0.294872
vt 0.360033 0.346774
vt 0.471710 0.346774
vt 0.248648 0.320549
vt 0.245645 0.525000
vt 0.248940 0.294324
vt 0.414024 0.556312
vt 0.329776 0.556354
vt 0.245528 0.556396
vt 0.161283 0.556354
vt 0.077038 0.556312
vt 0.161398 0.525000
vt 0.077151 0.525000
vt 0.025281 0.320823
vt 0.136964 0.320686
vt 0.137251 0.294598
vt 0.025562 0.294872
vt 0.137828 0.261654
vt 0.026145 0.261792
vt 0.138406 0.228711
vt 0.026728 0.228711
vt 0.249512 0.261517
vt 0.250083 0.228711
vt 0.027509 0.190968
vt 0.139187 0.190968
vt 0.139967 0.153226
vt 0.028290 0.153226
vt 0.250864 0.190968
vt 0.251645 0.153226
vt 0.363323 0.153226
vt 0.362542 0.190968
vt 0.474219 0.190968
vt 0.475000 0.153226
vt 0.361761 0.228711
vt 0.473438 0.228711
vt 0.472855 0.261792
vt 0.361183 0.261654
vt 0.331138 0.862575
vt 0.332900 0.892007
vt 0.417129 0.892083
vt 0.415350 0.862727
vt 0.334661 0.921439
vt 0.418908 0.921439
vt 0.248670 0.891932
vt 0.250414 0.921439
vt 0.246927 0.862424
vt 0.421278 0.948220
vt 0.337032 0.948220
vt 0.339402 0.975000
vt 0.423649 0.975000
vt 0.252785 0.948220
vt 0.255155 0.975000
vt 0.170909 0.975000
vt 0.168538 0.948220
vt 0.084292 0.948220
vt 0.086662 0.975000
vt 0.166168 0.921439
vt 0.081921 0.921439
vt 0.080142 0.892083
vt 0.164406 0.892007
vt 0.162645 0.862575
vt 0.078364 0.862727
vt 0.329100 0.724957
vt 0.329228 0.760546
vt 0.413471 0.760538
vt 0.413338 0.724941
vt 0.329357 0.796135
vt 0.413604 0.796135
vt 0.244986 0.760554
vt 0.245110 0.796135
vt 0.244862 0.724974
vt 0.414477 0.829431
vt 0.330248 0.829355
vt 0.246018 0.829279
vt 0.161754 0.829355
vt 0.077490 0.829431
vt 0.160864 0.796135
vt 0.076617 0.796135
vt 0.076484 0.760538
vt 0.160735 0.760546
vt 0.160607 0.724957
vt 0.076351 0.724941
vt 0.329661 0.587708
vt 0.329470 0.621148
vt 0.413719 0.621107
vt 0.413911 0.587624
vt 0.329280 0.654589
vt 0.413527 0.654589
vt 0.245222 0.621190
vt 0.245033 0.654589
vt 0.245411 0.587791
vt 0.413432 0.689765
vt 0.329190 0.689773
vt 0.244948 0.689781
vt 0.160697 0.689773
vt 0.076446 0.689765
vt 0.160787 0.654589
vt 0.076540 0.654589
vt 0.076732 0.621107
vt 0.160977 0.621148
vt 0.161167 0.587708
vt 0.076924 0.587624
vt 0.360606 0.294598
vt 0.360319 0.320686
vt 0.471991 0.320823
vt 0.472272 0.294872
vt 0.360033 0.346774
vt 0.471710 0.346774
vt 0.248648 0.320549
vt 0.245645 0.525000
vt 0.248940 0.294324
vt 0.414024 0.556312
vt 0.329776 0.556354
vt 0.245528 0.556396
vt 0.161283 0.556354
vt 0.077038 0.556312
vt 0.161398 0.525000
vt 0.077151 0.525000
vt 0.025281 0.320823
vt 0.136964 0.320686
vt 0.137251 0.294598
vt 0.025562 0.294872
vt 0.137828 0.261654
vt 0.026145 0.261792
vt 0.138406 0.228711
vt 0.026728 0.228711
vt 0.249512 0.261517
vt 0.250083 0.228711
vt 0.027509 0.190968
vt 0.139187 0.190968
vt 0.139967 0.153226
vt 0.028290 0.153226
vt 0.250864 0.190968
vt 0.251645 0.153226
vt 0.363323 0.153226
vt 0.362542 0.190968
vt 0.474219 0.190968
vt 0.475000 0.153226
vt 0.361761 0.228711
vt 0.473438 0.228711
vt 0.472855 0.261792
vt 0.361183 0.261654
vt 0.331138 0.862575
vt 0.332900 0.892007
vt 0.417129 0.892083
vt 0.415350 0.862727
vt 0.334661 0.921439
vt 0.418908 0.921439
vt 0.248670 0.891932
vt 0.250414 0.921439
vt 0.246927 0.862424
vt 0.421278 0.948220
vt 0.337032 0.948220
vt 0.339402 0.975000
vt 0.423649 0.975000
vt 0.252785 0.948220
vt 0.255155 0.975000
vt 0.170909 0.975000
vt 0.168538 0.948220
vt 0.084292 0.948220
vt 0.086662 0.975000
vt 0.166168 0.921439
vt 0.081921 0.921439
vt 0.080142 0.892083
vt 0.164406 0.892007
vt 0.162645 0.862575
vt 0.078364 0.862727
vt 0.329100 0.724957
vt 0.329228 0.760546
vt 0.413471 0.760538
vt 0.413338 0.724941
vt 0.329357 0.796135
vt 0.413604 0.796135
vt 0.244986 0.760554
vt 0.245110 0.796135
vt 0.244862 0.724974
vt 0.414477 0.829431
vt 0.330248 0.829355
vt 0.246018 0.829279
vt 0.161754 0.829355
vt 0.077490 0.829431
vt 0.160864 0.796135
vt 0.076617 0.796135
vt 0.076484 0.760538
vt 0.160735 0.760546
vt 0.160607 0.724957
vt 0.076351 0.724941
vt 0.329661 0.587708
vt 0.329470 0.621148
vt 0.413719 0.621107
vt 0.413911 0.587624
vt 0.329280 0.654589
vt 0.413527 0.654589
vt 0.245222 0.621190
vt 0.245033 0.654589
vt 0.245411 0.587791
vt 0.413432 0.689765
vt 0.329190 0.689773
vt 0.244948 0.689781
vt 0.160697 0.689773
vt 0.076446 0.689765
vt 0.160787 0.654589
vt 0.076540 0.654589
vt 0.076732 0.621107
vt 0.160977 0.621148
vt 0.161167 0.587708
vt 0.076924 0.587624
vt 0.360606 0.294598
vt 0.360319 0.320686
vt 0.471991 0.320823
vt 0.472272 0.294872
vt 0.360033 0.346774
vt 0.471710 0.346774
vt 0.248648 0.320549
vt 0.245645 0.525000
vt 0.248940 0.294324
vt 0.414024 0.556312
vt 0.329776 0.556354
vt 0.245528 0.556396
vt 0.161283 0.556354
vt 0.077038 0.556312
vt 0.161398 0.525000
vt 0.077151 0.525000
vt 0.025281 0.320823
vt 0.136964 0.320686
vt 0.137251 0.294598
vt 0.025562 0.294872
vt 0.137828 0.261654
vt 0.026145 0.261792
vt 0.138406 0.228711
vt 0.026728 0.228711
vt 0.249512 0.261517
vt 0.250083 0.228711
vt 0.027509 0.190968
vt 0.139187 0.190968
vt 0.139967 0.153226
vt 0.028290 0.153226
vt 0.250864 0.190968
vt 0.251645 0.153226
vt 0.363323 0.153226
vt 0.362542 0.190968
vt 0.474219 0.190968
vt 0.475000 0.153226
vt 0.361761 0.228711
vt 0.473438 0.228711
vt 0.472855 0.261792
vt 0.361183 0.261654
vt 0.331138 0.862575
vt 0.332900 0.892007
vt 0.417129 0.892083
vt 0.415350 0.862727
vt 0.334661 0.921439
vt 0.418908 0.921439
vt 0.248670 0.891932
vt 0.250414 0.921439
vt 0.246927 0.862424
vt 0.421278 0.948220
vt 0.337032 0.948220
vt 0.339402 0.975000
vt 0.423649 0.975000
vt 0.252785 0.948220
vt 0.255155 0.975000
vt 0.170909 0.975000
vt 0.168538 0.948220
vt 0.084292 0.948220
vt 0.086662 0.975000
vt 0.166168 0.921439
vt 0.081921 0.921439
vt 0.080142 0.892083
vt 0.164406 0.892007
vt 0.162645 0.862575
vt 0.078364 0.862727
vt 0.329100 0.724957
vt 0.329228 0.760546
vt 0.413471 0.760538
vt 0.413338 0.724941
vt 0.329357 0.796135
vt 0.413604 0.796135
vt 0.244986 0.760554
vt 0.245110 0.796135
vt 0.244862 0.724974
vt 0.414477 0.829431
vt 0.330248 0.829355
vt 0.246018 0.829279
vt 0.161754 0.829355
vt 0.077490 0.829431
vt 0.160864 0.796135
vt 0.076617 0.796135
vt 0.076484 0.760538
vt 0.160735 0.760546
vt 0.160607 0.724957
vt 0.076351 0.724941
vt 0.329661 0.587708
vt 0.329470 0.621148
vt 0.413719 0.621107
vt 0.413911 0.587624
vt 0.329280 0.654589
vt 0.413527 0.654589
vt 0.245222 0.621190
vt 0.245033 0.654589
vt 0.245411 0.587791
vt 0.413432 0.689765
vt 0.329190 0.689773
vt 0.244948 0.689781
vt 0.160697 0.689773
vt 0.076446 0.689765
vt 0.160787 0.654589
vt 0.076540 0.654589
vt 0.076732 0.621107
vt 0.160977 0.621148
vt 0.161167 0.587708
vt 0.076924 0.587624
vt 0.360606 0.294598
vt 0.360319 0.320686
vt 0.471991 0.320823
vt 0.472272 0.294872
vt 0.360033 0.346774
vt 0.471710 0.346774
vt 0.248648 0.320549
vt 0.245645 0.525000
vt 0.248940 0.294324
vt 0.414024 0.556312
vt 0.329776 0.556354
vt 0.245528 0.556396
vt 0.161283 0.556354
vt 0.077038 0.556312
vt 0.161398 0.525000
vt 0.077151 0.525000
vt 0.025281 0.320823
vt 0.136964 0.320686
vt 0.137251 0.294598
vt 0.025562 0.294872
vt 0.137828 0.261654
vt 0.026145 0.261792
vt 0.138406 0.228711
vt 0.026728 0.228711
vt 0.249512 0.261517
vt 0.250083 0.228711
vt 0.027509 0.190968
vt 0.139187 0.190968
vt 0.139967 0.153226
vt 0.028290 0.153226
vt 0.250864 0.190968
vt 0.251645 0.153226
vt 0.363323 0.153226
vt 0.362542 0.190968
vt 0.474219 0.190968
vt 0.475000 0.153226
vt 0.361761 0.228711
vt 0.473438 0.228711
vt 0.472855 0.261792
vt 0.361183 0.261654
vt 0.331138 0.862575
vt 0.332900 0.892007
vt 0.417129 0.892083
vt 0.415350 0.862727
vt 0.334661 0.921439
vt 0.418908 0.921439
vt 0.248670 0.891932
vt 0.250414 0.921439
vt 0.246927 0.862424
vt 0.421278 0.948220
vt 0.337032 0.948220
vt 0.339402 0.975000
vt 0.423649 0.975000
vt 0.252785 0.948220
vt 0.255155 0.975000
vt 0.170909 0.975000
vt 0.168538 0.948220
vt 0.084292 0.948220
vt 0.086662 0.975000
vt 0.166168 0.921439
vt 0.081921 0.921439
vt 0.080142 0.892083
vt 0.164406 0.892007
vt 0.162645 0.862575
vt 0.078364 0.862727
vt 0.329100 0.724957
vt 0.329228 0.760546
vt 0.413471 0.760538
vt 0.413338 0.724941
vt 0.329357 0.796135
vt 0.413604 0.796135
vt 0.244986 0.760554
vt 0.245110 0.796135
vt 0.244862 0.724974
vt 0.414477 0.829431
vt 0.330248 0.829355
vt 0.246018 0.829279
vt 0.161754 0.829355
vt 0.077490 0.829431
vt 0.160864 0.796135
vt 0.076617 0.796135
vt 0.076484 0.760538
vt 0.160735 0.760546
vt 0.160607 0.724957
vt 0.076351 0.724941
vt 0.329661 0.587708
vt 0.329470 0.621148
vt 0.413719 0.621107
vt 0.413911 0.587624
vt 0.329280 0.654589
vt 0.413527 0.654589
vt 0.245222 0.621190
vt 0.245033 0.654589
vt 0.245411 0.587791
vt 0.413432 0.689765
vt 0.329190 0.689773
vt 0.244948 0.689781
vt 0.160697 0.689773
vt 0.076446 0.689765
vt 0.160787 0.654589
vt 0.076540 0.654589
vt 0.076732 0.621107
vt 0.160977 0.621148
vt 0.161167 0.587708
vt 0.076924 0.587624
vt 0.360606 0.294598
vt 0.360319 0.320686
vt 0.471991 0.320823
vt 0.472272 0.294872
vt 0.360033 0.346774
vt 0.471710 0.346774
vt 0.248648 0.320549
vt 0.245645 0.525000
vt 0.248940 0.294324
vt 0.414024 0.556312
vt 0.329776 0.556354
vt 0.245528 0.556396
vt 0.161283 0.556354
vt 0.077038 0.556312
vt 0.161398 0.525000
vt 0.077151 0.525000
vt 0.025281 0.320823
vt 0.136964 0.320686
vt 0.137251 0.294598
vt 0.025562 0.294872
vt 0.137828 0.261654
vt 0.026145 0.261792
vt 0.138406 0.228711
vt 0.026728 0.228711
vt 0.249512 0.261517
vt 0.250083 0.228711
vt 0.027509 0.190968
vt 0.139187 0.190968
vt 0.139967 0.153226
vt 0.028290 0.153226
vt 0.250864 0.190968
vt 0.251645 0.153226
vt 0.363323 0.153226
vt 0.362542 0.190968
vt 0.474219 0.190968
vt 0.475000 0.153226
vt 0.361761 0.228711
vt 0.473438 0.228711
vt 0.472855 0.261792
vt 0.361183 0.261654

o name 1
usemtl Material
usemap Material
f 1892/1892 1891/1891 1893/1893
f 1894/1894 1893/1893 1891/1891
f 1892/1892 1893/1893 1895/1895
f 1896/1896 1895/1895 1893/1893
f 1892/1892 1895/1895 1897/1897
f 1898/1898 1897/1897 1895/1895
f 1892/1892 1897/1897 1891/1891
f 1899/1899 1891/1891 1897/1897
f 1901/1901 1900/1900 1902/1902
f 1903/1903 1902/1902 1900/1900
f 1901/1901 1902/1902 1904/1904
f 1905/1905 1904/1904 1902/1902
f 1901/1901 1904/1904 1895/1895
f 1898/1898 1895/1895 1904/1904
f 1901/1901 1895/1895 1900/1900
f 1896/1896 1900/1900 1895/1895
f 1907/1907 1906/1906 1908/1908
f 1909/1909 1908/1908 1906/1906
f 1907/1907 1908/1908 1910/1910
f 1911/1911 1910/1910 1908/1908
f 1907/1907 1910/1910 1904/1904
f 1898/1898 1904/1904 1910/1910
f 1907/1907 1904/1904 1906/1906
f 1905/1905 1906/1906 1904/1904
f 1913/1913 1912/1912 1914/1914
f 1915/1915 1914/1914 1912/1912
f 1913/1913 1914/1914 1897/1897
f 1899/1899 1897/1897 1914/1914
f 1913/1913 1897/1897 1910/1910
f 1898/1898 1910/1910 1897/1897
f 1913/1913 1910/1910 1912/1912
f 1911/1911 1912/1912 1910/1910
f 1917/1917 1916/1916 1918/1918
f 1919/1919 1918/1918 1916/1916
f 1917/1917 1918/1918 1920/1920
f 1921/1921 1920/1920 1918/1918
f 1917/1917 1920/1920 1922/1922
f 1923/1923 1922/1922 1920/1920
f 1917/1917 1922/1922 1916/1916
f 1924/1924 1916/1916 1922/1922
f 1926/1926 1925/1925 1891/1891
f 1894/1894 1891/1891 1925/1925
f 1926/1926 1891/1891 1927/1927
f 1899/1899 1927/1927 1891/1891
f 1926/1926 1927/1927 1920/1920
f 1923/1923 1920/1920 1927/1927
f 1926/1926 1920/1920 1925/1925
f 1921/1921 1925/1925 1920/1920
f 1928/1928 1914/1914 1929/1929
f 1915/1915 1929/1929 1914/1914
f 1928/1928 1929/1929 1930/1930
f 1931/1931 1930/1930 1929/1929
f 1928/1928 1930/1930 1927/1927
f 1923/1923 1927/1927 1930/1930
f 1928/1928 1927/1927 1914/1914
f 1899/1899 1914/1914 1927/1927
f 1933/1933 1932/1932 1934/1934
f 1935/1935 1934/1934 1932/1932
f 1933/1933 1934/1934 1922/1922
f 1924/1924 1922/1922 1934/1934
f 1933/1933 1922/1922 1930/1930
f 1923/1923 1930/1930 1922/1922
f 1933/1933 1930/1930 1932/1932
f 1931/1931 1932/1932 1930/1930
f 1937/1937 1936/1936 1938/1938
f 1939/1939 1938/1938 1936/1936
f 1937/1937 1938/1938 1940/1940
f 1941/1941 1940/1940 1938/1938
f 1937/1937 1940/1940 1942/1942
f 1943/1943 1942/1942 1940/1940
f 1937/1937 1942/1942 1936/1936
f 1944/1944 1936/1936 1942/1942
f 1946/1946 1945/1945 1916/1916
f 1919/1919 1916/1916 1945/1945
f 1946/1946 1916/1916 1947/1947
f 1924/1924 1947/1947 1916/1916
f 1946/1946 1947/1947 1940/1940
f 1943/1943 1940/1940 1947/1947
f 1946/1946 1940/1940 1945/1945
f 1941/1941 1945/1945 1940/1940
f 1948/1948 1934/1934 1949/1949
f 1935/1935 1949/1949 1934/1934
f 1948/1948 1949/1949 1950/1950
f 1951/1951 1950/1950 1949/1949
f 1948/1948 1950/1950 1947/1947
f 1943/1943 1947/1947 1950/1950
f 1948/1948 1947/1947 1934/1934
f 1924/1924 1934/1934 1947/1947
f 1953/1953 1952/1952 1954/1954
f 1955/1955 1954/1954 1952/1952
f 1953/1953 1954/1954 1942/1942
f 1944/1944 1942/1942 1954/1954
f 1953/1953 1942/1942 1950/1950
f 1943/1943 1950/1950 1942/1942
f 1953/1953 1950/1950 1952/1952
f 1951/1951 1952/1952 1950/1950
f 1957/1957 1956/1956 1958/1958
f 1959/1959 1958/1958 1956/1956
f 1957/1957 1958/1958 1960/1960
f 1961/1961 1960/1960 1958/1958
f 1957/1957 1960/1960 1962/1962
f 1963/1963 1962/1962 1960/1960
f 1957/1957 1962/1962 1956/1956
f 1964/1964 1956/1956 1962/1962
f 1966/1966 1965/1965 1936/1936
f 1939/1939 1936/1936 1965/1965
f 1966/1966 1936/1936 1967/1967
f 1944/1944 1967/1967 1936/1936
f 1966/1966 1967/1967 1960/1960
f 1963/1963 1960/1960 1967/1967
f 1966/1966 1960/1960 1965/1965
f 1961/1961 1965/1965 1960/1960
f 1968/1968 1954/1954 1969/1969
f 1955/1955 1969/1969 1954/1954
f 1968/1968 1969/1969 1970/1970
f 1971/1971 1970/1970 1969/1969
f 1968/1968 1970/1970 1967/1967
f 1963/1963 1967/1967 1970/1970
f 1968/1968 1967/1967 1954/1954
f 1944/1944 1954/1954 1967/1967
f 1973/1973 1972/1972 1974/1974
f 1975/1975 1974/1974 1972/1972
f 1973/1973 1974/1974 1962/1962
f 1964/1964 1962/1962 1974/1974
f 1973/1973 1962/1962 1970/1970
f 1963/1963 1970/1970 1962/1962
f 1973/1973 1970/1970 1972/1972
f 1971/1971 1972/1972 1970/1970
f 1976/1976 1974/1974 1977/1977
f 1975/1975 1977/1977 1974/1974
f 1976/1976 1977/1977 1978/1978
f 1979/1979 1978/1978 1977/1977
f 1976/1976 1978/1978 1980/1980
f 1981/1981 1980/1980 1978/1978
f 1976/1976 1980/1980 1974/1974
f 1964/1964 1974/1974 1980/1980
f 1983/1983 1982/1982 1984/1984
f 1985/1985 1984/1984 1982/1982
f 1983/1983 1984/1984 1986/1986
f 1987/1987 1986/1986 1984/1984
f 1983/1983 1986/1986 1978/1978
f 1981/1981 1978/1978 1986/1986
f 1983/1983 1978/1978 1982/1982
f 1979/1979 1982/1982 1978/1978
f 1989/1989 1988/1988 1990/1990
f 1991/1991 1990/1990 1988/1988
f 1989/1989 1990/1990 1992/1992
f 1993/1993 1992/1992 1990/1990
f 1989/1989 1992/1992 1986/1986
f 1981/1981 1986/1986 1992/1992
f 1989/1989 1986/1986 1988/1988
f 1987/1987 1988/1988 1986/1986
f 1995/1995 1994/1994 1956/1956
f 1959/1959 1956/1956 1994/1994
f 1995/1995 1956/1956 1980/1980
f 1964/1964 1980/1980 1956/1956
f 1995/1995 1980/1980 1992/1992
f 1981/1981 1992/1992 1980/1980
f 1995/1995 1992/1992 1994/1994
f 1993/1993 1994/1994 1992/1992
f 1997/1997 1996/1996 1998/1998
f 1999/1999 1998/1998 1996/1996
f 1997/1997 1998/1998 2000/2000
f 2001/2001 2000/2000 1998/1998
f 1997/1997 2000/2000 2002/2002
f 2003/2003 2002/2002 2000/2000
f 1997/1997 2002/2002 1996/1996
f 2004/2004 1996/1996 2002/2002
f 2006/2006 2005/2005 2007/2007
f 2008/2008 2007/2007 2005/2005
f 2006/2006 2007/2007 2009/2009
f 2010/2010 2009/2009 2007/2007
f 2006/2006 2009/2009 2000/2000
f 2003/2003 2000/2000 2009/2009
f 2006/2006 2000/2000 2005/2005
f 2001/2001 2005/2005 2000/2000
f 2012/2012 2011/2011 2013/2013
f 2014/2014 2013/2013 2011/2011
f 2012/2012 2013/2013 2015/2015
f 2016/2016 2015/2015 2013/2013
f 2012/2012 2015/2015 2009/2009
f 2003/2003 2009/2009 2015/2015
f 2012/2012 2009/2009 2011/2011
f 2010/2010 2011/2011 2009/2009
f 2018/2018 2017/2017 2019/2019
f 2020/2020 2019/2019 2017/2017
f 2018/2018 2019/2019 2002/2002
f 2004/2004 2002/2002 2019/2019
f 2018/2018 2002/2002 2015/2015
f 2003/2003 2015/2015 2002/2002
f 2018/2018 2015/2015 2017/2017
f 2016/2016 2017/2017 2015/2015
f 2022/2022 2021/2021 2023/2023
f 2024/2024 2023/2023 2021/2021
f 2022/2022 2023/2023 2025/2025
f 2026/2026 2025/2025 2023/2023
f 2022/2022 2025/2025 2027/2027
f 2028/2028 2027/2027 2025/2025
f 2022/2022 2027/2027 2021/2021
f 2029/2029 2021/2021 2027/2027
f 2031/2031 2030/2030 1996/1996
f 1999/1999 1996/1996 2030/2030
f 2031/2031 1996/1996 2032/2032
f 2004/2004 2032/2032 1996/1996
f 2031/2031 2032/2032 2025/2025
f 2028/2028 2025/2025 2032/2032
f 2031/2031 2025/2025 2030/2030
f 2026/2026 2030/2030 2025/2025
f 2033/2033 2019/2019 2034/2034
f 2020/2020 2034/2034 2019/2019
f 2033/2033 2034/2034 2035/2035
f 2036/2036 2035/2035 2034/2034
f 2033/2033 2035/2035 2032/2032
f 2028/2028 2032/2032 2035/2035
f 2033/2033 2032/2032 2019/2019
f 2004/2004 2019/2019 2032/2032
f 2038/2038 2037/2037 2039/2039
f 2040/2040 2039/2039 2037/2037
f 2038/2038 2039/2039 2027/2027
f 2029/2029 2027/2027 2039/2039
f 2038/2038 2027/2027 2035/2035
f 2028/2028 2035/2035 2027/2027
f 2038/2038 2035/2035 2037/2037
f 2036/2036 2037/2037 2035/2035
f 2042/2042 2041/2041 2043/2043
f 2044/2044 2043/2043 2041/2041
f 2042/2042 2043/2043 2045/2045
f 2046/2046 2045/2045 2043/2043
f 2042/2042 2045/2045 2047/2047
f 2048/2048 2047/2047 2045/2045
f 2042/2042 2047/2047 2041/2041
f 2049/2049 2041/2041 2047/2047
f 2051/2051 2050/2050 2021/2021
f 2024/2024 2021/2021 2050/2050
f 2051/2051 2021/2021 2052/2052
f 2029/2029 2052/2052 2021/2021
f 2051/2051 2052/2052 2045/2045
f 2048/2048 2045/2045 2052/2052
f 2051/2051 2045/2045 2050/2050
f 2046/2046 2050/2050 2045/2045
f 2053/2053 2039/2039 2054/2054
f 2040/2040 2054/2054 2039/2039
f 2053/2053 2054/2054 2055/2055
f 2056/2056 2055/2055 2054/2054
f 2053/2053 2055/2055 2052/2052
f 2048/2048 2052/2052 2055/2055
f 2053/2053 2052/2052 2039/2039
f 2029/2029 2039/2039 2052/2052
f 2058/2058 2057/2057 2059/2059
f 2060/2060 2059/2059 2057/2057
f 2058/2058 2059/2059 2047/2047
f 2049/2049 2047/2047 2059/2059
f 2058/2058 2047/2047 2055/2055
f 2048/2048 2055/2055 2047/2047
f 2058/2058 2055/2055 2057/2057
f 2056/2056 2057/2057 2055/2055
f 2062/2062 2061/2061 2063/2063
f 2064/2064 2063/2063 2061/2061
f 2062/2062 2063/2063 2065/2065
f 2066/2066 2065/2065 2063/2063
f 2062/2062 2065/2065 2067/2067
f 2068/2068 2067/2067 2065/2065
f 2062/2062 2067/2067 2061/2061
f 2069/2069 2061/2061 2067/2067
f 2071/2071 2070/2070 2041/2041
f 2044/2044 2041/2041 2070/2070
f 2071/2071 2041/2041 2072/2072
f 2049/2049 2072/2072 2041/2041
f 2071/2071 2072/2072 2065/2065
f 2068/2068 2065/2065 2072/2072
f 2071/2071 2065/2065 2070/2070
f 2066/2066 2070/2070 2065/2065
f 2073/2073 2059/2059 2074/2074
f 2060/2060 2074/2074 2059/2059
f 2073/2073 2074/2074 2075/2075
f 2076/2076 2075/2075 2074/2074
f 2073/2073 2075/2075 2072/2072
f 2068/2068 2072/2072 2075/2075
f 2073/2073 2072/2072 2059/2059
f 2049/2049 2059/2059 2072/2072
f 2078/2078 2077/2077 2079/2079
f 2080/2080 2079/2079 2077/2077
f 2078/2078 2079/2079 2067/2067
f 2069/2069 2067/2067 2079/2079
f 2078/2078 2067/2067 2075/2075
f 2068/2068 2075/2075 2067/2067
f 2078/2078 2075/2075 2077/2077
f 2076/2076 2077/2077 2075/2075
f 2081/2081 2079/2079 2082/2082
f 2080/2080 2082/2082 2079/2079
f 2081/2081 2082/2082 2083/2083
f 2084/2084 2083/2083 2082/2082
f 2081/2081 2083/2083 2085/2085
f 2086/2086 2085/2085 2083/2083
f 2081/2081 2085/2085 2079/2079
f 2069/2069 2079/2079 2085/2085
f 2088/2088 2087/2087 2089/2089
f 2090/2090 2089/2089 2087/2087
f 2088/2088 2089/2089 2091/2091
f 2092/2092 2091/2091 2089/2089
f 2088/2088 2091/2091 2083/2083
f 2086/2086 2083/2083 2091/2091
f 2088/2088 2083/2083 2087/2087
f 2084/2084 2087/2087 2083/2083
f 2094/2094 2093/2093 2095/2095
f 2096/2096 2095/2095 2093/2093
f 2094/2094 2095/2095 2097/2097
f 2098/2098 2097/2097 2095/2095
f 2094/2094 2097/2097 2091/2091
f 2086/2086 2091/2091 2097/2097
f 2094/2094 2091/2091 2093/2093
f 2092/2092 2093/2093 2091/2091
f 2100/2100 2099/2099 2061/2061
f 2064/2064 2061/2061 2099/2099
f 2100/2100 2061/2061 2085/2085
f 2069/2069 2085/2085 2061/2061
f 2100/2100 2085/2085 2097/2097
f 2086/2086 2097/2097 2085/2085
f 2100/2100 2097/2097 2099/2099
f 2098/2098 2099/2099 2097/2097
f 2102/2102 2101/2101 2103/2103
f 2104/2104 2103/2103 2101/2101
f 2102/2102 2103/2103 2105/2105
f 2106/2106 2105/2105 2103/2103
f 2102/2102 2105/2105 2107/2107
f 2108/2108 2107/2107 2105/2105
f 2102/2102 2107/2107 2101/2101
f 2109/2109 2101/2101 2107/2107
f 2111/2111 2110/2110 2112/2112
f 2113/2113 2112/2112 2110/2110
f 2111/2111 2112/2112 2114/2114
f 2115/2115 2114/2114 2112/2112
f 2111/2111 2114/2114 2105/2105
f 2108/2108 2105/2105 2114/2114
f 2111/2111 2105/2105 2110/2110
f 2106/2106 2110/2110 2105/2105
f 2117/2117 2116/2116 2118/2118
f 2119/2119 2118/2118 2116/2116
f 2117/2117 2118/2118 2120/2120
f 2121/2121 2120/2120 2118/2118
f 2117/2117 2120/2120 2114/2114
f 2108/2108 2114/2114 2120/2120
f 2117/2117 2114/2114 2116/2116
f 2115/2115 2116/2116 2114/2114
f 2123/2123 2122/2122 2124/2124
f 2125/2125 2124/2124 2122/2122
f 2123/2123 2124/2124 2107/2107
f 2109/2109 2107/2107 2124/2124
f 2123/2123 2107/2107 2120/2120
f 2108/2108 2120/2120 2107/2107
f 2123/2123 2120/2120 2122/2122
f 2121/2121 2122/2122 2120/2120
f 2127/2127 2126/2126 2128/2128
f 2129/2129 2128/2128 2126/2126
f 2127/2127 2128/2128 2130/2130
f 2131/2131 2130/2130 2128/2128
f 2127/2127 2130/2130 2132/2132
f 2133/2133 2132/2132 2130/2130
f 2127/2127 2132/2132 2126/2126
f 2134/2134 2126/2126 2132/2132
f 2136/2136 2135/2135 2101/2101
f 2104/2104 2101/2101 2135/2135
f 2136/2136 2101/2101 2137/2137
f 2109/2109 2137/2137 2101/2101
f 2136/2136 2137/2137 2130/2130
f 2133/2133 2130/2130 2137/2137
f 2136/2136 2130/2130 2135/2135
f 2131/2131 2135/2135 2130/2130
f 2138/2138 2124/2124 2139/2139
f 2125/2125 2139/2139 2124/2124
f 2138/2138 2139/2139 2140/2140
f 2141/2141 2140/2140 2139/2139
f 2138/2138 2140/2140 2137/2137
f 2133/2133 2137/2137 2140/2140
f 2138/2138 2137/2137 2124/2124
f 2109/2109 2124/2124 2137/2137
f 2143/2143 2142/2142 2144/2144
f 2145/2145 2144/2144 2142/2142
f 2143/2143 2144/2144 2132/2132
f 2134/2134 2132/2132 2144/2144
f 2143/2143 2132/2132 2140/2140
f 2133/2133 2140/2140 2132/2132
f 2143/2143 2140/2140 2142/2142
f 2141/2141 2142/2142 2140/2140
f 2147/2147 2146/2146 2148/2148
f 2149/2149 2148/2148 2146/2146
f 2147/2147 2148/2148 2150/2150
f 2151/2151 2150/2150 2148/2148
f 2147/2147 2150/2150 2152/2152
f 2153/2153 2152/2152 2150/2150
f 2147/2147 2152/2152 2146/2146
f 2154/2154 2146/2146 2152/2152
f 2156/2156 2155/2155 2126/2126
f 2129/2129 2126/2126 2155/2155
f 2156/2156 2126/2126 2157/2157
f 2134/2134 2157/2157 2126/2126
f 2156/2156 2157/2157 2150/2150
f 2153/2153 2150/2150 2157/2157
f 2156/2156 2150/2150 2155/2155
f 2151/2151 2155/2155 2150/2150
f 2158/2158 2144/2144 2159/2159
f 2145/2145 2159/2159 2144/2144
f 2158/2158 2159/2159 2160/2160
f 2161/2161 2160/2160 2159/2159
f 2158/2158 2160/2160 2157/2157
f 2153/2153 2157/2157 2160/2160
f 2158/2158 2157/2157 2144/2144
f 2134/2134 2144/2144 2157/2157
f 2163/2163 2162/2162 2164/2164
f 2165/2165 2164/2164 2162/2162
f 2163/2163 2164/2164 2152/2152
f 2154/2154 2152/2152 2164/2164
f 2163/2163 2152/2152 2160/2160
f 2153/2153 2160/2160 2152/2152
f 2163/2163 2160/2160 2162/2162
f 2161/2161 2162/2162 2160/2160
f 2167/2167 2166/2166 2168/2168
f 2169/2169 2168/2168 2166/2166
f 2167/2167 2168/2168 2170/2170
f 2171/2171 2170/2170 2168/2168
f 2167/2167 2170/2170 2172/2172
f 2173/2173 2172/2172 2170/2170
f 2167/2167 2172/2172 2166/2166
f 2174/2174 2166/2166 2172/2172
f 2176/2176 2175/2175 2146/2146
f 2149/2149 2146/2146 2175/2175
f 2176/2176 2146/2146 2177/2177
f 2154/2154 2177/2177 2146/2146
f 2176/2176 2177/2177 2170/2170
f 2173/2173 2170/2170 2177/2177
f 2176/2176 2170/2170 2175/2175
f 2171/2171 2175/2175 2170/2170
f 2178/2178 2164/2164 2179/2179
f 2165/2165 2179/2179 2164/2164
f 2178/2178 2179/2179 2180/2180
f 2181/2181 2180/2180 2179/2179
f 2178/2178 2180/2180 2177/2177
f 2173/2173 2177/2177 2180/2180
f 2178/2178 2177/2177 2164/2164
f 2154/2154 2164/2164 2177/2177
f 2183/2183 2182/2182 2184/2184
f 2185/2185 2184/2184 2182/2182
f 2183/2183 2184/2184 2172/2172
f 2174/2174 2172/2172 2184/2184
f 2183/2183 2172/2172 2180/2180
f 2173/2173 2180/2180 2172/2172
f 2183/2183 2180/2180 2182/2182
f 2181/2181 2182/2182 2180/2180
f 2186/2186 2184/2184 2187/2187
f 2185/2185 2187/2187 2184/2184
f 2186/2186 2187/2187 2188/2188
f 2189/2189 2188/2188 2187/2187
f 2186/2186 2188/2188 2190/2190
f 2191/2191 2190/2190 2188/2188
f 2186/2186 2190/2190 2184/2184
f 2174/2174 2184/2184 2190/2190
f 2193/2193 2192/2192 2194/2194
f 2195/2195 2194/2194 2192/2192
f 2193/2193 2194/2194 2196/2196
f 2197/2197 2196/2196 2194/2194
f 2193/2193 2196/2196 2188/2188
f 2191/2191 2188/2188 2196/2196
f 2193/2193 2188/2188 2192/2192
f 2189/2189 2192/2192 2188/2188
f 2199/2199 2198/2198 2200/2200
f 2201/2201 2200/2200 2198/2198
f 2199/2199 2200/2200 2202/2202
f 2203/2203 2202/2202 2200/2200
f 2199/2199 2202/2202 2196/2196
f 2191/2191 2196/2196 2202/2202
f 2199/2199 2196/2196 2198/2198
f 2197/2197 2198/2198 2196/2196
f 2205/2205 2204/2204 2166/2166
f 2169/2169 2166/2166 2204/2204
f 2205/2205 2166/2166 2190/2190
f 2174/2174 2190/2190 2166/2166
f 2205/2205 2190/2190 2202/2202
f 2191/2191 2202/2202 2190/2190
f 2205/2205 2202/2202 2204/2204
f 2203/2203 2204/2204 2202/2202
f 2207/2207 2206/2206 2208/2208
f 2209/2209 2208/2208 2206/2206
f 2207/2207 2208/2208 2210/2210
f 2211/2211 2210/2210 2208/2208
f 2207/2207 2210/2210 2212/2212
f 2213/2213 2212/2212 2210/2210
f 2207/2207 2212/2212 2206/2206
f 2214/2214 2206/2206 2212/2212
f 2216/2216 2215/2215 2217/2217
f 2218/2218 2217/2217 2215/2215
f 2216/2216 2217/2217 2219/2219
f 2220/2220 2219/2219 2217/2217
f 2216/2216 2219/2219 2210/2210
f 2213/2213 2210/2210 2219/2219
f 2216/2216 2210/2210 2215/2215
f 2211/2211 2215/2215 2210/2210
f 2222/2222 2221/2221 2223/2223
f 2224/2224 2223/2223 2221/2221
f 2222/2222 2223/2223 2225/2225
f 2226/2226 2225/2225 2223/2223
f 2222/2222 2225/2225 2219/2219
f 2213/2213 2219/2219 2225/2225
f 2222/2222 2219/2219 2221/2221
f 2220/2220 2221/2221 2219/2219
f 2228/2228 2227/2227 2229/2229
f 2230/2230 2229/2229 2227/2227
f 2228/2228 2229/2229 2212/2212
f 2214/2214 2212/2212 2229/2229
f 2228/2228 2212/2212 2225/2225
f 2213/2213 2225/2225 2212/2212
f 2228/2228 2225/2225 2227/2227
f 2226/2226 2227/2227 2225/2225
f 2232/2232 2231/2231 2233/2233
f 2234/2234 2233/2233 2231/2231
f 2232/2232 2233/2233 2235/2235
f 2236/2236 2235/2235 2233/2233
f 2232/2232 2235/2235 2237/2237
f 2238/2238 2237/2237 2235/2235
f 2232/2232 2237/2237 2231/2231
f 2239/2239 2231/2231 2237/2237
f 2241/2241 2240/2240 2206/2206
f 2209/2209 2206/2206 2240/2240
f 2241/2241 2206/2206 2242/2242
f 2214/2214 2242/2242 2206/2206
f 2241/2241 2242/2242 2235/2235
f 2238/2238 2235/2235 2242/2242
f 2241/2241 2235/2235 2240/2240
f 2236/2236 2240/2240 2235/2235
f 2243/2243 2229/2229 2244/2244
f 2230/2230 2244/2244 2229/2229
f 2243/2243 2244/2244 2245/2245
f 2246/2246 2245/2245 2244/2244
f 2243/2243 2245/2245 2242/2242
f 2238/2238 2242/2242 2245/2245
f 2243/2243 2242/2242 2229/2229
f 2214/2214 2229/2229 2242/2242
f 2248/2248 2247/2247 2249/2249
f 2250/2250 2249/2249 2247/2247
f 2248/2248 2249/2249 2237/2237
f 2239/2239 2237/2237 2249/2249
f 2248/2248 2237/2237 2245/2245
f 2238/2238 2245/2245 2237/2237
f 2248/2248 2245/2245 2247/2247
f 2246/2246 2247/2247 2245/2245
f 2252/2252 2251/2251 2253/2253
f 2254/2254 2253/2253 2251/2251
f 2252/2252 2253/2253 2255/2255
f 2256/2256 2255/2255 2253/2253
f 2252/2252 2255/2255 2257/2257
f 2258/2258 2257/2257 2255/2255
f 2252/2252 2257/2257 2251/2251
f 2259/2259 2251/2251 2257/2257
f 2261/2261 2260/2260 2231/2231
f 2234/2234 2231/2231 2260/2260
f 2261/2261 2231/2231 2262/2262
f 2239/2239 2262/2262 2231/2231
f 2261/2261 2262/2262 2255/2255
f 2258/2258 2255/2255 2262/2262
f 2261/2261 2255/2255 2260/2260
f 2256/2256 2260/2260 2255/2255
f 2263/2263 2249/2249 2264/2264
f 2250/2250 2264/2264 2249/2249
f 2263/2263 2264/2264 2265/2265
f 2266/2266 2265/2265 2264/2264
f 2263/2263 2265/2265 2262/2262
f 2258/2258 2262/2262 2265/2265
f 2263/2263 2262/2262 2249/2249
f 2239/2239 2249/2249 2262/2262
f 2268/2268 2267/2267 2269/2269
f 2270/2270 2269/2269 2267/2267
f 2268/2268 2269/2269 2257/2257
f 2259/2259 2257/2257 2269/2269
f 2268/2268 2257/2257 2265/2265
f 2258/2258 2265/2265 2257/2257
f 2268/2268 2265/2265 2267/2267
f 2266/2266 2267/2267 2265/2265
f 2272/2272 2271/2271 2273/2273
f 2274/2274 2273/2273 2271/2271
f 2272/2272 2273/2273 2275/2275
f 2276/2276 2275/2275 2273/2273
f 2272/2272 2275/2275 2277/2277
f 2278/2278 2277/2277 2275/2275
f 2272/2272 2277/2277 2271/2271
f 2279/2279 2271/2271 2277/2277
f 2281/2281 2280/2280 2251/2251
f 2254/2254 2251/2251 2280/2280
f 2281/2281 2251/2251 2282/2282
f 2259/2259 2282/2282 2251/2251
f 2281/2281 2282/2282 2275/2275
f 2278/2278 2275/2275 2282/2282
f 2281/2281 2275/2275 2280/2280
f 2276/2276 2280/2280 2275/2275
f 2283/2283 2269/2269 2284/2284
f 2270/2270 2284/2284 2269/2269
f 2283/2283 2284/2284 2285/2285
f 2286/2286 2285/2285 2284/2284
f 2283/2283 2285/2285 2282/2282
f 2278/2278 2282/2282 2285/2285
f 2283/2283 2282/2282 2269/2269
f 2259/2259 2269/2269 2282/2282
f 2288/2288 2287/2287 2289/2289
f 2290/2290 2289/2289 2287/2287
f 2288/2288 2289/2289 2277/2277
f 2279/2279 2277/2277 2289/2289
f 2288/2288 2277/2277 2285/2285
f 2278/2278 2285/2285 2277/2277
f 2288/2288 2285/2285 2287/2287
f 2286/2286 2287/2287 2285/2285
f 2291/2291 2289/2289 2292/2292
f 2290/2290 2292/2292 2289/2289
f 2291/2291 2292/2292 2293/2293
f 2294/2294 2293/2293 2292/2292
f 2291/2291 2293/2293 2295/2295
f 2296/2296 2295/2295 2293/2293
f 2291/2291 2295/2295 2289/2289
f 2279/2279 2289/2289 2295/2295
f 2298/2298 2297/2297 2299/2299
f 2300/2300 2299/2299 2297/2297
f 2298/2298 2299/2299 2301/2301
f 2302/2302 2301/2301 2299/2299
f 2298/2298 2301/2301 2293/2293
f 2296/2296 2293/2293 2301/2301
f 2298/2298 2293/2293 2297/2297
f 2294/2294 2297/2297 2293/2293
f 2304/2304 2303/2303 2305/2305
f 2306/2306 2305/2305 2303/2303
f 2304/2304 2305/2305 2307/2307
f 2308/2308 2307/2307 2305/2305
f 2304/2304 2307/2307 2301/2301
f 2296/2296 2301/2301 2307/2307
f 2304/2304 2301/2301 2303/2303
f 2302/2302 2303/2303 2301/2301
f 2310/2310 2309/2309 2271/2271
f 2274/2274 2271/2271 2309/2309
f 2310/2310 2271/2271 2295/2295
f 2279/2279 2295/2295 2271/2271
f 2310/2310 2295/2295 2307/2307
f 2296/2296 2307/2307 2295/2295
f 2310/2310 2307/2307 2309/2309
f 2308/2308 2309/2309 2307/2307
f 2312/2312 2311/2311 2313/2313
f 2314/2314 2313/2313 2311/2311
f 2312/2312 2313/2313 2315/2315
f 2316/2316 2315/2315 2313/2313
f 2312/2312 2315/2315 2317/2317
f 2318/2318 2317/2317 2315/2315
f 2312/2312 2317/2317 2311/2311
f 2319/2319 2311/2311 2317/2317
f 2321/2321 2320/2320 2322/2322
f 2323/2323 2322/2322 2320/2320
f 2321/2321 2322/2322 2324/2324
f 2325/2325 2324/2324 2322/2322
f 2321/2321 2324/2324 2315/2315
f 2318/2318 2315/2315 2324/2324
f 2321/2321 2315/2315 2320/2320
f 2316/2316 2320/2320 2315/2315
f 2327/2327 2326/2326 2328/2328
f 2329/2329 2328/2328 2326/2326
f 2327/2327 2328/2328 2330/2330
f 2331/2331 2330/2330 2328/2328
f 2327/2327 2330/2330 2324/2324
f 2318/2318 2324/2324 2330/2330
f 2327/2327 2324/2324 2326/2326
f 2325/2325 2326/2326 2324/2324
f 2333/2333 2332/2332 2334/2334
f 2335/2335 2334/2334 2332/2332
f 2333/2333 2334/2334 2317/2317
f 2319/2319 2317/2317 2334/2334
f 2333/2333 2317/2317 2330/2330
f 2318/2318 2330/2330 2317/2317
f 2333/2333 2330/2330 2332/2332
f 2331/2331 2332/2332 2330/2330
f 2337/2337 2336/2336 2338/2338
f 2339/2339 2338/2338 2336/2336
f 2337/2337 2338/2338 2340/2340
f 2341/2341 2340/2340 2338/2338
f 2337/2337 2340/2340 2342/2342
f 2343/2343 2342/2342 2340/2340
f 2337/2337 2342/2342 2336/2336
f 2344/2344 2336/2336 2342/2342
f 2346/2346 2345/2345 2311/2311
f 2314/2314 2311/2311 2345/2345
f 2346/2346 2311/2311 2347/2347
f 2319/2319 2347/2347 2311/2311
f 2346/2346 2347/2347 2340/2340
f 2343/2343 2340/2340 2347/2347
f 2346/2346 2340/2340 2345/2345
f 2341/2341 2345/2345 2340/2340
f 2348/2348 2334/2334 2349/2349
f 2335/2335 2349/2349 2334/2334
f 2348/2348 2349/2349 2350/2350
f 2351/2351 2350/2350 2349/2349
f 2348/2348 2350/2350 2347/2347
f 2343/2343 2347/2347 2350/2350
f 2348/2348 2347/2347 2334/2334
f 2319/2319 2334/2334 2347/2347
f 2353/2353 2352/2352 2354/2354
f 2355/2355 2354/2354 2352/2352
f 2353/2353 2354/2354 2342/2342
f 2344/2344 2342/2342 2354/2354
f 2353/2353 2342/2342 2350/2350
f 2343/2343 2350/2350 2342/2342
f 2353/2353 2350/2350 2352/2352
f 2351/2351 2352/2352 2350/2350
f 2357/2357 2356/2356 2358/2358
f 2359/2359 2358/2358 2356/2356
f 2357/2357 2358/2358 2360/2360
f 2361/2361 2360/2360 2358/2358
f 2357/2357 2360/2360 2362/2362
f 2363/2363 2362/2362 2360/2360
f 2357/2357 2362/2362 2356/2356
f 2364/2364 2356/2356 2362/2362
f 2366/2366 2365/2365 2336/2336
f 2339/2339 2336/2336 2365/2365
f 2366/2366 2336/2336 2367/2367
f 2344/2344 2367/2367 2336/2336
f 2366/2366 2367/2367 2360/2360
f 2363/2363 2360/2360 2367/2367
f 2366/2366 2360/2360 2365/2365
f 2361/2361 2365/2365 2360/2360
f 2368/2368 2354/2354 2369/2369
f 2355/2355 2369/2369 2354/2354
f 2368/2368 2369/2369 2370/2370
f 2371/2371 2370/2370 2369/2369
f 2368/2368 2370/2370 2367/2367
f 2363/2363 2367/2367 2370/2370
f 2368/2368 2367/2367 2354/2354
f 2344/2344 2354/2354 2367/2367
f 2373/2373 2372/2372 2374/2374
f 2375/2375 2374/2374 2372/2372
f 2373/2373 2374/2374 2362/2362
f 2364/2364 2362/2362 2374/2374
f 2373/2373 2362/2362 2370/2370
f 2363/2363 2370/2370 2362/2362
f 2373/2373 2370/2370 2372/2372
f 2371/2371 2372/2372 2370/2370
f 2377/2377 2376/2376 2378/2378
f 2379/2379 2378/2378 2376/2376
f 2377/2377 2378/2378 2380/2380
f 2381/2381 2380/2380 2378/2378
f 2377/2377 2380/2380 2382/2382
f 2383/2383 2382/2382 2380/2380
f 2377/2377 2382/2382 2376/2376
f 2384/2384 2376/2376 2382/2382
f 2386/2386 2385/2385 2356/2356
f 2359/2359 2356/2356 2385/2385
f 2386/2386 2356/2356 2387/2387
f 2364/2364 2387/2387 2356/2356
f 2386/2386 2387/2387 2380/2380
f 2383/2383 2380/2380 2387/2387
f 2386/2386 2380/2380 2385/2385
f 2381/2381 2385/2385 2380/2380
f 2388/2388 2374/2374 2389/2389
f 2375/2375 2389/2389 2374/2374
f 2388/2388 2389/2389 2390/2390
f 2391/2391 2390/2390 2389/2389
f 2388/2388 2390/2390 2387/2387
f 2383/2383 2387/2387 2390/2390
f 2388/2388 2387/2387 2374/2374
f 2364/2364 2374/2374 2387/2387
f 2393/2393 2392/2392 2394/2394
f 2395/2395 2394/2394 2392/2392
f 2393/2393 2394/2394 2382/2382
f 2384/2384 2382/2382 2394/2394
f 2393/2393 2382/2382 2390/2390
f 2383/2383 2390/2390 2382/2382
f 2393/2393 2390/2390 2392/2392
f 2391/2391 2392/2392 2390/2390
f 2396/2396 2394/2394 2397/2397
f 2395/2395 2397/2397 2394/2394
f 2396/2396 2397/2397 2398/2398
f 2399/2399 2398/2398 2397/2397
f 2396/2396 2398/2398 2400/2400
f 2401/2401 2400/2400 2398/2398
f 2396/2396 2400/2400 2394/2394
f 2384/2384 2394/2394 2400/2400
f 2403/2403 2402/2402 2404/2404
f 2405/2405 2404/2404 2402/2402
f 2403/2403 2404/2404 2406/2406
f 2407/2407 2406/2406 2404/2404
f 2403/2403 2406/2406 2398/2398
f 2401/2401 2398/2398 2406/2406
f 2403/2403 2398/2398 2402/2402
f 2399/2399 2402/2402 2398/2398
f 2409/2409 2408/2408 2410/2410
f 2411/2411 2410/2410 2408/2408
f 2409/2409 2410/2410 2412/2412
f 2413/2413 2412/2412 2410/2410
f 2409/2409 2412/2412 2406/2406
f 2401/2401 2406/2406 2412/2412
f 2409/2409 2406/2406 2408/2408
f 2407/2407 2408/2408 2406/2406
f 2415/2415 2414/2414 2376/2376
f 2379/2379 2376/2376 2414/2414
f 2415/2415 2376/2376 2400/2400
f 2384/2384 2400/2400 2376/2376
f 2415/2415 2400/2400 2412/2412
f 2401/2401 2412/2412 2400/2400
f 2415/2415 2412/2412 2414/2414
f 2413/2413 2414/2414 2412/2412
f 2417/2417 2416/2416 2418/2418
f 2419/2419 2418/2418 2416/2416
f 2417/2417 2418/2418 2420/2420
f 2421/2421 2420/2420 2418/2418
f 2417/2417 2420/2420 2422/2422
f 2423/2423 2422/2422 2420/2420
f 2417/2417 2422/2422 2416/2416
f 2424/2424 2416/2416 2422/2422
f 2426/2426 2425/2425 2427/2427
f 2428/2428 2427/2427 2425/2425
f 2426/2426 2427/2427 2429/2429
f 2430/2430 2429/2429 2427/2427
f 2426/2426 2429/2429 2420/2420
f 2423/2423 2420/2420 2429/2429
f 2426/2426 2420/2420 2425/2425
f 2421/2421 2425/2425 2420/2420
f 2432/2432 2431/2431 2433/2433
f 2434/2434 2433/2433 2431/2431
f 2432/2432 2433/2433 2435/2435
f 2436/2436 2435/2435 2433/2433
f 2432/2432 2435/2435 2429/2429
f 2423/2423 2429/2429 2435/2435
f 2432/2432 2429/2429 2431/2431
f 2430/2430 2431/2431 2429/2429
f 2438/2438 2437/2437 2439/2439
f 2440/2440 2439/2439 2437/2437
f 2438/2438 2439/2439 2422/2422
f 2424/2424 2422/2422 2439/2439
f 2438/2438 2422/2422 2435/2435
f 2423/2423 2435/2435 2422/2422
f 2438/2438 2435/2435 2437/2437
f 2436/2436 2437/2437 2435/2435
f 2442/2442 2441/2441 2443/2443
f 2444/2444 2443/2443 2441/2441
f 2442/2442 2443/2443 2445/2445
f 2446/2446 2445/2445 2443/2443
f 2442/2442 2445/2445 2447/2447
f 2448/2448 2447/2447 2445/2445
f 2442/2442 2447/2447 2441/2441
f 2449/2449 2441/2441 2447/2447
f 2451/2451 2450/2450 2416/2416
f 2419/2419 2416/2416 2450/2450
f 2451/2451 2416/2416 2452/2452
f 2424/2424 2452/2452 2416/2416
f 2451/2451 2452/2452 2445/2445
f 2448/2448 2445/2445 2452/2452
f 2451/2451 2445/2445 2450/2450
f 2446/2446 2450/2450 2445/2445
f 2453/2453 2439/2439 2454/2454
f 2440/2440 2454/2454 2439/2439
f 2453/2453 2454/2454 2455/2455
f 2456/2456 2455/2455 2454/2454
f 2453/2453 2455/2455 2452/2452
f 2448/2448 2452/2452 2455/2455
f 2453/2453 2452/2452 2439/2439
f 2424/2424 2439/2439 2452/2452
f 2458/2458 2457/2457 2459/2459
f 2460/2460 2459/2459 2457/2457
f 2458/2458 2459/2459 2447/2447
f 2449/2449 2447/2447 2459/2459
f 2458/2458 2447/2447 2455/2455
f 2448/2448 2455/2455 2447/2447
f 2458/2458 2455/2455 2457/2457
f 2456/2456 2457/2457 2455/2455
f 2462/2462 2461/2461 2463/2463
f 2464/2464 2463/2463 2461/2461
f 2462/2462 2463/2463 2465/2465
f 2466/2466 2465/2465 2463/2463
f 2462/2462 2465/2465 2467/2467
f 2468/2468 2467/2467 2465/2465
f 2462/2462 2467/2467 2461/2461
f 2469/2469 2461/2461 2467/2467
f 2471/2471 2470/2470 2441/2441
f 2444/2444 2441/2441 2470/2470
f 2471/2471 2441/2441 2472/2472
f 2449/2449 2472/2472 2441/2441
f 2471/2471 2472/2472 2465/2465
f 2468/2468 2465/2465 2472/2472
f 2471/2471 2465/2465 2470/2470
f 2466/2466 2470/2470 2465/2465
f 2473/2473 2459/2459 2474/2474
f 2460/2460 2474/2474 2459/2459
f 2473/2473 2474/2474 2475/2475
f 2476/2476 2475/2475 2474/2474
f 2473/2473 2475/2475 2472/2472
f 2468/2468 2472/2472 2475/2475
f 2473/2473 2472/2472 2459/2459
f 2449/2449 2459/2459 2472/2472
f 2478/2478 2477/2477 2479/2479
f 2480/2480 2479/2479 2477/2477
f 2478/2478 2479/2479 2467/2467
f 2469/2469 2467/2467 2479/2479
f 2478/2478 2467/2467 2475/2475
f 2468/2468 2475/2475 2467/2467
f 2478/2478 2475/2475 2477/2477
f 2476/2476 2477/2477 2475/2475
f 2482/2482 2481/2481 2483/2483
f 2484/2484 2483/2483 2481/2481
f 2482/2482 2483/2483 2485/2485
f 2486/2486 2485/2485 2483/2483
f 2482/2482 2485/2485 2487/2487
f 2488/2488 2487/2487 2485/2485
f 2482/2482 2487/2487 2481/2481
f 2489/2489 2481/2481 2487/2487
f 2491/2491 2490/2490 2461/2461
f 2464/2464 2461/2461 2490/2490
f 2491/2491 2461/2461 2492/2492
f 2469/2469 2492/2492 2461/2461
f 2491/2491 2492/2492 2485/2485
f 2488/2488 2485/2485 2492/2492
f 2491/2491 2485/2485 2490/2490
f 2486/2486 2490/2490 2485/2485
f 2493/2493 2479/2479 2494/2494
f 2480/2480 2494/2494 2479/2479
f 2493/2493 2494/2494 2495/2495
f 2496/2496 2495/2495 2494/2494
f 2493/2493 2495/2495 2492/2492
f 2488/2488 2492/2492 2495/2495
f 2493/2493 2492/2492 2479/2479
f 2469/2469 2479/2479 2492/2492
f 2498/2498 2497/2497 2499/2499
f 2500/2500 2499/2499 2497/2497
f 2498/2498 2499/2499 2487/2487
f 2489/2489 2487/2487 2499/2499
f 2498/2498 2487/2487 2495/2495
f 2488/2488 2495/2495 2487/2487
f 2498/2498 2495/2495 2497/2497
f 2496/2496 2497/2497 2495/2495
f 2501/2501 2499/2499 2502/2502
f 2500/2500 2502/2502 2499/2499
f 2501/2501 2502/2502 2503/2503
f 2504/2504 2503/2503 2502/2502
f 2501/2501 2503/2503 2505/2505
f 2506/2506 2505/2505 2503/2503
f 2501/2501 2505/2505 2499/2499
f 2489/2489 2499/2499 2505/2505
f 2508/2508 2507/2507 2509/2509
f 2510/2510 2509/2509 2507/2507
f 2508/2508 2509/2509 2511/2511
f 2512/2512 2511/2511 2509/2509
f 2508/2508 2511/2511 2503/2503
f 2506/2506 2503/2503 2511/2511
f 2508/2508 2503/2503 2507/2507
f 2504/2504 2507/2507 2503/2503
f 2514/2514 2513/2513 2515/2515
f 2516/2516 2515/2515 2513/2513
f 2514/2514 2515/2515 2517/2517
f 2518/2518 2517/2517 2515/2515
f 2514/2514 2517/2517 2511/2511
f 2506/2506 2511/2511 2517/2517
f 2514/2514 2511/2511 2513/2513
f 2512/2512 2513/2513 2511/2511
f 2520/2520 2519/2519 2481/2481
f 2484/2484 2481/2481 2519/2519
f 2520/2520 2481/2481 2505/2505
f 2489/2489 2505/2505 2481/2481
f 2520/2520 2505/2505 2517/2517
f 2506/2506 2517/2517 2505/2505
f 2520/2520 2517/2517 2519/2519
f 2518/2518 2519/2519 2517/2517
f 2522/2522 2521/2521 2523/2523
f 2524/2524 2523/2523 2521/2521
f 2522/2522 2523/2523 2525/2525
f 2526/2526 2525/2525 2523/2523
f 2522/2522 2525/2525 2527/2527
f 2528/2528 2527/2527 2525/2525
f 2522/2522 2527/2527 2521/2521
f 2529/2529 2521/2521 2527/2527
f 2531/2531 2530/2530 2532/2532
f 2533/2533 2532/2532 2530/2530
f 2531/2531 2532/2532 2534/2534
f 2535/2535 2534/2534 2532/2532
f 2531/2531 2534/2534 2525/2525
f 2528/2528 2525/2525 2534/2534
f 2531/2531 2525/2525 2530/2530
f 2526/2526 2530/2530 2525/2525
f 2537/2537 2536/2536 2538/2538
f 2539/2539 2538/2538 2536/2536
f 2537/2537 2538/2538 2540/2540
f 2541/2541 2540/2540 2538/2538
f 2537/2537 2540/2540 2534/2534
f 2528/2528 2534/2534 2540/2540
f 2537/2537 2534/2534 2536/2536
f 2535/2535 2536/2536 2534/2534
f 2543/2543 2542/2542 2544/2544
f 2545/2545 2544/2544 2542/2542
f 2543/2543 2544/2544 2527/2527
f 2529/2529 2527/2527 2544/2544
f 2543/2543 2527/2527 2540/2540
f 2528/2528 2540/2540 2527/2527
f 2543/2543 2540/2540 2542/2542
f 2541/2541 2542/2542 2540/2540
f 2547/2547 2546/2546 2548/2548
f 2549/2549 2548/2548 2546/2546
f 2547/2547 2548/2548 2550/2550
f 2551/2551 2550/2550 2548/2548
f 2547/2547 2550/2550 2552/2552
f 2553/2553 2552/2552 2550/2550
f 2547/2547 2552/2552 2546/2546
f 2554/2554 2546/2546 2552/2552
f 2556/2556 2555/2555 2521/2521
f 2524/2524 2521/2521 2555/2555
f 2556/2556 2521/2521 2557/2557
f 2529/2529 2557/2557 2521/2521
f 2556/2556 2557/2557 2550/2550
f 2553/2553 2550/2550 2557/2557
f 2556/2556 2550/2550 2555/2555
f 2551/2551 2555/2555 2550/2550
f 2558/2558 2544/2544 2559/2559
f 2545/2545 2559/2559 2544/2544
f 2558/2558 2559/2559 2560/2560
f 2561/2561 2560/2560 2559/2559
f 2558/2558 2560/2560 2557/2557
f 2553/2553 2557/2557 2560/2560
f 2558/2558 2557/2557 2544/2544
f 2529/2529 2544/2544 2557/2557
f 2563/2563 2562/2562 2564/2564
f 2565/2565 2564/2564 2562/2562
f 2563/2563 2564/2564 2552/2552
f 2554/2554 2552/2552 2564/2564
f 2563/2563 2552/2552 2560/2560
f 2553/2553 2560/2560 2552/2552
f 2563/2563 2560/2560 2562/2562
f 2561/2561 2562/2562 2560/2560
f 2567/2567 2566/2566 2568/2568
f 2569/2569 2568/2568 2566/2566
f 2567/2567 2568/2568 2570/2570
f 2571/2571 2570/2570 2568/2568
f 2567/2567 2570/2570 2572/2572
f 2573/2573 2572/2572 2570/2570
f 2567/2567 2572/2572 2566/2566
f 2574/2574 2566/2566 2572/2572
f 2576/2576 2575/2575 2546/2546
f 2549/2549 2546/2546 2575/2575
f 2576/2576 2546/2546 2577/2577
f 2554/2554 2577/2577 2546/2546
f 2576/2576 2577/2577 2570/2570
f 2573/2573 2570/2570 2577/2577
f 2576/2576 2570/2570 2575/2575
f 2571/2571 2575/2575 2570/2570
f 2578/2578 2564/2564 2579/2579
f 2565/2565 2579/2579 2564/2564
f 2578/2578 2579/2579 2580/2580
f 2581/2581 2580/2580 2579/2579
f 2578/2578 2580/2580 2577/2577
f 2573/2573 2577/2577 2580/2580
f 2578/2578 2577/2577 2564/2564
f 2554/2554 2564/2564 2577/2577
f 2583/2583 2582/2582 2584/2584
f 2585/2585 2584/2584 2582/2582
f 2583/2583 2584/2584 2572/2572
f 2574/2574 2572/2572 2584/2584
f 2583/2583 2572/2572 2580/2580
f 2573/2573 2580/2580 2572/2572
f 2583/2583 2580/2580 2582/2582
f 2581/2581 2582/2582 2580/2580
f 2587/2587 2586/2586 2588/2588
f 2589/2589 2588/2588 2586/2586
f 2587/2587 2588/2588 2590/2590
f 2591/2591 2590/2590 2588/2588
f 2587/2587 2590/2590 2592/2592
f 2593/2593 2592/2592 2590/2590
f 2587/2587 2592/2592 2586/2586
f 2594/2594 2586/2586 2592/2592
f 2596/2596 2595/2595 2566/2566
f 2569/2569 2566/2566 2595/2595
f 2596/2596 2566/2566 2597/2597
f 2574/2574 2597/2597 2566/2566
f 2596/2596 2597/2597 2590/2590
f 2593/2593 2590/2590 2597/2597
f 2596/2596 2590/2590 2595/2595
f 2591/2591 2595/2595 2590/2590
f 2598/2598 2584/2584 2599/2599
f 2585/2585 2599/2599 2584/2584
f 2598/2598 2599/2599 2600/2600
f 2601/2601 2600/2600 2599/2599
f 2598/2598 2600/2600 2597/2597
f 2593/2593 2597/2597 2600/2600
f 2598/2598 2597/2597 2584/2584
f 2574/2574 2584/2584 2597/2597
f 2603/2603 2602/2602 2604/2604
f 2605/2605 2604/2604 2602/2602
f 2603/2603 2604/2604 2592/2592
f 2594/2594 2592/2592 2604/2604
f 2603/2603 2592/2592 2600/2600
f 2593/2593 2600/2600 2592/2592
f 2603/2603 2600/2600 2602/2602
f 2601/2601 2602/2602 2600/2600
f 2606/2606 2604/2604 2607/2607
f 2605/2605 2607/2607 2604/2604
f 2606/2606 2607/2607 2608/2608
f 2609/2609 2608/2608 2607/2607
f 2606/2606 2608/2608 2610/2610
f 2611/2611 2610/2610 2608/2608
f 2606/2606 2610/2610 2604/2604
f 2594/2594 2604/2604 2610/2610
f 2613/2613 2612/2612 2614/2614
f 2615/2615 2614/2614 2612/2612
f 2613/2613 2614/2614 2616/2616
f 2617/2617 2616/2616 2614/2614
f 2613/2613 2616/2616 2608/2608
f 2611/2611 2608/2608 2616/2616
f 2613/2613 2608/2608 2612/2612
f 2609/2609 2612/2612 2608/2608
f 2619/2619 2618/2618 2620/2620
f 2621/2621 2620/2620 2618/2618
f 2619/2619 2620/2620 2622/2622
f 2623/2623 2622/2622 2620/2620
f 2619/2619 2622/2622 2616/2616
f 2611/2611 2616/2616 2622/2622
f 2619/2619 2616/2616 2618/2618
f 2617/2617 2618/2618 2616/2616
f 2625/2625 2624/2624 2586/2586
f 2589/2589 2586/2586 2624/2624
f 2625/2625 2586/2586 2610/2610
f 2594/2594 2610/2610 2586/2586
f 2625/2625 2610/2610 2622/2622
f 2611/2611 2622/2622 2610/2610
f 2625/2625 2622/2622 2624/2624
f 2623/2623 2624/2624 2622/2622
f 2627/2627 2626/2626 2628/2628
f 2629/2629 2628/2628 2626/2626
f 2627/2627 2628/2628 2630/2630
f 2631/2631 2630/2630 2628/2628
f 2627/2627 2630/2630 2632/2632
f 2633/2633 2632/2632 2630/2630
f 2627/2627 2632/2632 2626/2626
f 2634/2634 2626/2626 2632/2632
f 2636/2636 2635/2635 2637/2637
f 2638/2638 2637/2637 2635/2635
f 2636/2636 2637/2637 2639/2639
f 2640/2640 2639/2639 2637/2637
f 2636/2636 2639/2639 2630/2630
f 2633/2633 2630/2630 2639/2639
f 2636/2636 2630/2630 2635/2635
f 2631/2631 2635/2635 2630/2630
f 2642/2642 2641/2641 2643/2643
f 2644/2644 2643/2643 2641/2641
f 2642/2642 2643/2643 2645/2645
f 2646/2646 2645/2645 2643/2643
f 2642/2642 2645/2645 2639/2639
f 2633/2633 2639/2639 2645/2645
f 2642/2642 2639/2639 2641/2641
f 2640/2640 2641/2641 2639/2639
f 2648/2648 2647/2647 2649/2649
f 2650/2650 2649/2649 2647/2647
f 2648/2648 2649/2649 2632/2632
f 2634/2634 2632/2632 2649/2649
f 2648/2648 2632/2632 2645/2645
f 2633/2633 2645/2645 2632/2632
f 2648/2648 2645/2645 2647/2647
f 2646/2646 2647/2647 2645/2645
f 2652/2652 2651/2651 2653/2653
f 2654/2654 2653/2653 2651/2651
f 2652/2652 2653/2653 2655/2655
f 2656/2656 2655/2655 2653/2653
f 2652/2652 2655/2655 2657/2657
f 2658/2658 2657/2657 2655/2655
f 2652/2652 2657/2657 2651/2651
f 2659/2659 2651/2651 2657/2657
f 2661/2661 2660/2660 2626/2626
f 2629/2629 2626/2626 2660/2660
f 2661/2661 2626/2626 2662/2662
f 2634/2634 2662/2662 2626/2626
f 2661/2661 2662/2662 2655/2655
f 2658/2658 2655/2655 2662/2662
f 2661/2661 2655/2655 2660/2660
f 2656/2656 2660/2660 2655/2655
f 2663/2663 2649/2649 2664/2664
f 2650/2650 2664/2664 2649/2649
f 2663/2663 2664/2664 2665/2665
f 2666/2666 2665/2665 2664/2664
f 2663/2663 2665/2665 2662/2662
f 2658/2658 2662/2662 2665/2665
f 2663/2663 2662/2662 2649/2649
f 2634/2634 2649/2649 2662/2662
f 2668/2668 2667/2667 2669/2669
f 2670/2670 2669/2669 2667/2667
f 2668/2668 2669/2669 2657/2657
f 2659/2659 2657/2657 2669/2669
f 2668/2668 2657/2657 2665/2665
f 2658/2658 2665/2665 2657/2657
f 2668/2668 2665/2665 2667/2667
f 2666/2666 2667/2667 2665/2665
f 2672/2672 2671/2671 2673/2673
f 2674/2674 2673/2673 2671/2671
f 2672/2672 2673/2673 2675/2675
f 2676/2676 2675/2675 2673/2673
f 2672/2672 2675/2675 2677/2677
f 2678/2678 2677/2677 2675/2675
f 2672/2672 2677/2677 2671/2671
f 2679/2679 2671/2671 2677/2677
f 2681/2681 2680/2680 2651/2651
f 2654/2654 2651/2651 2680/2680
f 2681/2681 2651/2651 2682/2682
f 2659/2659 2682/2682 2651/2651
f 2681/2681 2682/2682 2675/2675
f 2678/2678 2675/2675 2682/2682
f 2681/2681 2675/2675 2680/2680
f 2676/2676 2680/2680 2675/2675
f 2683/2683 2669/2669 2684/2684
f 2670/2670 2684/2684 2669/2669
f 2683/2683 2684/2684 2685/2685
f 2686/2686 2685/2685 2684/2684
f 2683/2683 2685/2685 2682/2682
f 2678/2678 2682/2682 2685/2685
f 2683/2683 2682/2682 2669/2669
f 2659/2659 2669/2669 2682/2682
f 2688/2688 2687/2687 2689/2689
f 2690/2690 2689/2689 2687/2687
f 2688/2688 2689/2689 2677/2677
f 2679/2679 2677/2677 2689/2689
f 2688/2688 2677/2677 2685/2685
f 2678/2678 2685/2685 2677/2677
f 2688/2688 2685/2685 2687/2687
f 2686/2686 2687/2687 2685/2685
f 2692/2692 2691/2691 2693/2693
f 2694/2694 2693/2693 2691/2691
f 2692/2692 2693/2693 2695/2695
f 2696/2696 2695/2695 2693/2693
f 2692/2692 2695/2695 2697/2697
f 2698/2698 2697/2697 2695/2695
f 2692/2692 2697/2697 2691/2691
f 2699/2699 2691/2691 2697/2697
f 2701/2701 2700/2700 2671/2671
f 2674/2674 2671/2671 2700/2700
f 2701/2701 2671/2671 2702/2702
f 2679/2679 2702/2702 2671/2671
f 2701/2701 2702/2702 2695/2695
f 2698/2698 2695/2695 2702/2702
f 2701/2701 2695/2695 2700/2700
f 2696/2696 2700/2700 2695/2695
f 2703/2703 2689/2689 2704/2704
f 2690/2690 2704/2704 2689/2689
f 2703/2703 2704/2704 2705/2705
f 2706/2706 2705/2705 2704/2704
f 2703/2703 2705/2705 2702/2702
f 2698/2698 2702/2702 2705/2705
f 2703/2703 2702/2702 2689/2689
f 2679/2679 2689/2689 2702/2702
f 2708/2708 2707/2707 2709/2709
f 2710/2710 2709/2709 2707/2707
f 2708/2708 2709/2709 2697/2697
f 2699/2699 2697/2697 2709/2709
f 2708/2708 2697/2697 2705/2705
f 2698/2698 2705/2705 2697/2697
f 2708/2708 2705/2705 2707/2707
f 2706/2706 2707/2707 2705/2705
f 2711/2711 2709/2709 2712/2712
f 2710/2710 2712/2712 2709/2709
f 2711/2711 2712/2712 2713/2713
f 2714/2714 2713/2713 2712/2712
f 2711/2711 2713/2713 2715/2715
f 2716/2716 2715/2715 2713/2713
f 2711/2711 2715/2715 2709/2709
f 2699/2699 2709/2709 2715/2715
f 2718/2718 2717/2717 2719/2719
f 2720/2720 2719/2719 2717/2717
f 2718/2718 2719/2719 2721/2721
f 2722/2722 2721/2721 2719/2719
f 2718/2718 2721/2721 2713/2713
f 2716/2716 2713/2713 2721/2721
f 2718/2718 2713/2713 2717/2717
f 2714/2714 2717/2717 2713/2713
f 2724/2724 2723/2723 2725/2725
f 2726/2726 2725/2725 2723/2723
f 2724/2724 2725/2725 2727/2727
f 2728/2728 2727/2727 2725/2725
f 2724/2724 2727/2727 2721/2721
f 2716/2716 2721/2721 2727/2727
f 2724/2724 2721/2721 2723/2723
f 2722/2722 2723/2723 2721/2721
f 2730/2730 2729/2729 2691/2691
f 2694/2694 2691/2691 2729/2729
f 2730/2730 2691/2691 2715/2715
f 2699/2699 2715/2715 2691/2691
f 2730/2730 2715/2715 2727/2727
f 2716/2716 2727/2727 2715/2715
f 2730/2730 2727/2727 2729/2729
f 2728/2728 2729/2729 2727/2727
f 2732/2732 2731/2731 2733/2733
f 2734/2734 2733/2733 2731/2731
f 2732/2732 2733/2733 2735/2735
f 2736/2736 2735/2735 2733/2733
f 2732/2732 2735/2735 2737/2737
f 2738/2738 2737/2737 2735/2735
f 2732/2732 2737/2737 2731/2731
f 2739/2739 2731/2731 2737/2737
f 2741/2741 2740/2740 2742/2742
f 2743/2743 2742/2742 2740/2740
f 2741/2741 2742/2742 2744/2744
f 2745/2745 2744/2744 2742/2742
f 2741/2741 2744/2744 2735/2735
f 2738/2738 2735/2735 2744/2744
f 2741/2741 2735/2735 2740/2740
f 2736/2736 2740/2740 2735/2735
f 2747/2747 2746/2746 2748/2748
f 2749/2749 2748/2748 2746/2746
f 2747/2747 2748/2748 2750/2750
f 2751/2751 2750/2750 2748/2748
f 2747/2747 2750/2750 2744/2744
f 2738/2738 2744/2744 2750/2750
f 2747/2747 2744/2744 2746/2746
f 2745/2745 2746/2746 2744/2744
f 2753/2753 2752/2752 2754/2754
f 2755/2755 2754/2754 2752/2752
f 2753/2753 2754/2754 2737/2737
f 2739/2739 2737/2737 2754/2754
f 2753/2753 2737/2737 2750/2750
f 2738/2738 2750/2750 2737/2737
f 2753/2753 2750/2750 2752/2752
f 2751/2751 2752/2752 2750/2750
f 2757/2757 2756/2756 2758/2758
f 2759/2759 2758/2758 2756/2756
f 2757/2757 2758/2758 2760/2760
f 2761/2761 2760/2760 2758/2758
f 2757/2757 2760/2760 2762/2762
f 2763/2763 2762/2762 2760/2760
f 2757/2757 2762/2762 2756/2756
f 2764/2764 2756/2756 2762/2762
f 2766/2766 2765/2765 2731/2731
f 2734/2734 2731/2731 2765/2765
f 2766/2766 2731/2731 2767/2767
f 2739/2739 2767/2767 2731/2731
f 2766/2766 2767/2767 2760/2760
f 2763/2763 2760/2760 2767/2767
f 2766/2766 2760/2760 2765/2765
f 2761/2761 2765/2765 2760/2760
f 2768/2768 2754/2754 2769/2769
f 2755/2755 2769/2769 2754/2754
f 2768/2768 2769/2769 2770/2770
f 2771/2771 2770/2770 2769/2769
f 2768/2768 2770/2770 2767/2767
f 2763/2763 2767/2767 2770/2770
f 2768/2768 2767/2767 2754/2754
f 2739/2739 2754/2754 2767/2767
f 2773/2773 2772/2772 2774/2774
f 2775/2775 2774/2774 2772/2772
f 2773/2773 2774/2774 2762/2762
f 2764/2764 2762/2762 2774/2774
f 2773/2773 2762/2762 2770/2770
f 2763/2763 2770/2770 2762/2762
f 2773/2773 2770/2770 2772/2772
f 2771/2771 2772/2772 2770/2770
f 2777/2777 2776/2776 2778/2778
f 2779/2779 2778/2778 2776/2776
f 2777/2777 2778/2778 2780/2780
f 2781/2781 2780/2780 2778/2778
f 2777/2777 2780/2780 2782/2782
f 2783/2783 2782/2782 2780/2780
f 2777/2777 2782/2782 2776/2776
f 2784/2784 2776/2776 2782/2782
f 2786/2786 2785/2785 2756/2756
f 2759/2759 2756/2756 2785/2785
f 2786/2786 2756/2756 2787/2787
f 2764/2764 2787/2787 2756/2756
f 2786/2786 2787/2787 2780/2780
f 2783/2783 2780/2780 2787/2787
f 2786/2786 2780/2780 2785/2785
f 2781/2781 2785/2785 2780/2780
f 2788/2788 2774/2774 2789/2789
f 2775/2775 2789/2789 2774/2774
f 2788/2788 2789/2789 2790/2790
f 2791/2791 2790/2790 2789/2789
f 2788/2788 2790/2790 2787/2787
f 2783/2783 2787/2787 2790/2790
f 2788/2788 2787/2787 2774/2774
f 2764/2764 2774/2774 2787/2787
f 2793/2793 2792/2792 2794/2794
f 2795/2795 2794/2794 2792/2792
f 2793/2793 2794/2794 2782/2782
f 2784/2784 2782/2782 2794/2794
f 2793/2793 2782/2782 2790/2790
f 2783/2783 2790/2790 2782/2782
f 2793/2793 2790/2790 2792/2792
f 2791/2791 2792/2792 2790/2790
f 2797/2797 2796/2796 2798/2798
f 2799/2799 2798/2798 2796/2796
f 2797/2797 2798/2798 2800/2800
f 2801/2801 2800/2800 2798/2798
f 2797/2797 2800/2800 2802/2802
f 2803/2803 2802/2802 2800/2800
f 2797/2797 2802/2802 2796/2796
f 2804/2804 2796/2796 2802/2802
f 2806/2806 2805/2805 2776/2776
f 2779/2779 2776/2776 2805/2805
f 2806/2806 2776/2776 2807/2807
f 2784/2784 2807/2807 2776/2776
f 2806/2806 2807/2807 2800/2800
f 2803/2803 2800/2800 2807/2807
f 2806/2806 2800/2800 2805/2805
f 2801/2801 2805/2805 2800/2800
f 2808/2808 2794/2794 2809/2809
f 2795/2795 2809/2809 2794/2794
f 2808/2808 2809/2809 2810/2810
f 2811/2811 2810/2810 2809/2809
f 2808/2808 2810/2810 2807/2807
f 2803/2803 2807/2807 2810/2810
f 2808/2808 2807/2807 2794/2794
f 2784/2784 2794/2794 2807/2807
f 2813/2813 2812/2812 2814/2814
f 2815/2815 2814/2814 2812/2812
f 2813/2813 2814/2814 2802/2802
f 2804/2804 2802/2802 2814/2814
f 2813/2813 2802/2802 2810/2810
f 2803/2803 2810/2810 2802/2802
f 2813/2813 2810/2810 2812/2812
f 2811/2811 2812/2812 2810/2810
f 2816/2816 2814/2814 2817/2817
f 2815/2815 2817/2817 2814/2814
f 2816/2816 2817/2817 2818/2818
f 2819/2819 2818/2818 2817/2817
f 2816/2816 2818/2818 2820/2820
f 2821/2821 2820/2820 2818/2818
f 2816/2816 2820/2820 2814/2814
f 2804/2804 2814/2814 2820/2820
f 2823/2823 2822/2822 2824/2824
f 2825/2825 2824/2824 2822/2822
f 2823/2823 2824/2824 2826/2826
f 2827/2827 2826/2826 2824/2824
f 2823/2823 2826/2826 2818/2818
f 2821/2821 2818/2818 2826/2826
f 2823/2823 2818/2818 2822/2822
f 2819/2819 2822/2822 2818/2818
f 2829/2829 2828/2828 2830/2830
f 2831/2831 2830/2830 2828/2828
f 2829/2829 2830/2830 2832/2832
f 2833/2833 2832/2832 2830/2830
f 2829/2829 2832/2832 2826/2826
f 2821/2821 2826/2826 2832/2832
f 2829/2829 2826/2826 2828/2828
f 2827/2827 2828/2828 2826/2826
f 2835/2835 2834/2834 2796/2796
f 2799/2799 2796/2796 2834/2834
f 2835/2835 2796/2796 2820/2820
f 2804/2804 2820/2820 2796/2796
f 2835/2835 2820/2820 2832/2832
f 2821/2821 2832/2832 2820/2820
f 2835/2835 2832/2832 2834/2834
f 2833/2833 2834/2834 2832/2832

v -3.232337 1.547981 0.810232
v -3.406739 1.506365 0.801673
v -3.407171 1.506593 0.321120
v -3.233316 1.548497 0.329804
v -3.570119 1.458950 0.790582
v -3.570494 1.459147 0.310015
v -3.406567 1.506274 1.282287
v -3.569478 1.458612 1.271087
v -3.231269 1.547419 1.290639
v -3.727448 1.408351 0.297447
v -3.727448 1.408351 0.778100
v -3.880239 1.355363 0.764574
v -3.880238 1.355363 0.283922
v -3.727448 1.408351 1.258752
v -3.880238 1.355363 1.245227
v -3.880239 1.355363 1.725880
v -3.727448 1.408351 1.739405
v -3.727448 1.408351 2.220058
v -3.880239 1.355363 2.206533
v -3.570119 1.458950 1.751888
v -3.570494 1.459147 2.232626
v -3.407172 1.506593 2.243731
v -3.406739 1.506365 1.762979
v -3.232337 1.547981 1.771538
v -3.233317 1.548497 2.252415
v -2.454361 1.602506 0.822977
v -2.656713 1.616569 0.822618
v -2.656667 1.617364 0.341990
v -2.454256 1.604308 0.342381
v -2.855704 1.607967 0.820581
v -2.856038 1.608853 0.340036
v -2.656731 1.616250 1.303261
v -2.855130 1.606448 1.301049
v -2.454475 1.600541 1.303569
v -3.049721 1.585276 0.336250
v -3.049289 1.585048 0.816804
v -3.049116 1.584957 1.297417
v -3.049289 1.585048 1.778109
v -3.049721 1.585276 2.258862
v -2.855704 1.607967 1.781887
v -2.856039 1.608853 2.262647
v -2.656667 1.617364 2.264602
v -2.656713 1.616569 1.783924
v -2.454361 1.602506 1.784283
v -2.454256 1.604308 2.264993
v -1.674190 1.375683 0.820280
v -1.861407 1.454533 0.821238
v -1.861169 1.454716 0.340576
v -1.673650 1.376096 0.339608
v -2.055179 1.520380 0.822152
v -2.054933 1.521228 0.341514
v -1.861502 1.454460 1.301894
v -2.055602 1.518929 1.302781
v -1.674778 1.375232 1.300954
v -2.252885 1.573335 0.342210
v -2.252932 1.572540 0.822838
v -2.252950 1.572222 1.303481
v -2.252932 1.572540 1.784144
v -2.252886 1.573335 2.264822
v -2.055179 1.520380 1.783458
v -2.054933 1.521228 2.264125
v -1.861169 1.454716 2.263188
v -1.861407 1.454533 1.782544
v -1.674190 1.375683 1.781586
v -1.673650 1.376096 2.262220
v -0.971867 0.974528 0.815994
v -1.142348 1.095661 0.817603
v -1.142347 1.096251 0.336975
v -0.971864 0.975866 0.335397
v -1.315365 1.199830 0.818664
v -1.315158 1.200500 0.338025
v -1.142349 1.095425 1.298246
v -1.315721 1.198683 1.299292
v -0.971870 0.973071 1.296585
v -1.491496 1.293364 0.338832
v -1.491735 1.293182 0.819494
v -1.491830 1.293109 1.300150
v -1.491735 1.293182 1.780800
v -1.491497 1.293364 2.261445
v -1.315365 1.199830 1.779970
v -1.315158 1.200500 2.260637
v -1.142347 1.096251 2.259587
v -1.142348 1.095661 1.778908
v -0.971867 0.974528 1.777299
v -0.971864 0.975866 2.258009
v -0.801413 0.841593 1.775190
v -0.801412 0.842183 2.255868
v -0.630995 0.693609 1.772442
v -0.630994 0.694121 2.253117
v -0.801414 0.841357 1.294527
v -0.630997 0.692733 1.291752
v -0.460596 0.537364 2.249997
v -0.460596 0.537364 1.769344
v -0.290211 0.374923 1.765983
v -0.290212 0.374923 2.246636
v -0.460596 0.537364 1.288691
v -0.290211 0.374923 1.285330
v -0.290211 0.374923 0.804677
v -0.460596 0.537364 0.808038
v -0.460596 0.537364 0.327385
v -0.290211 0.374923 0.324024
v -0.630995 0.693609 0.811136
v -0.630994 0.694121 0.330505
v -0.801412 0.842183 0.333256
v -0.801413 0.841593 0.813884
v -0.066985 1.121185 -1.594539
v -0.080503 1.068014 -1.753531
v 0.357944 0.969198 -1.780833
v 0.371369 1.022614 -1.622377
v -0.092049 1.009891 -1.901873
v 0.346411 0.911049 -1.929127
v -0.519007 1.166951 -1.726472
v -0.530468 1.108614 -1.874367
v -0.505328 1.219719 -1.566615
v 0.336019 0.850040 -2.071266
v -0.102512 0.949052 -2.044372
v -0.112166 0.886171 -2.182483
v 0.326367 0.787159 -2.209378
v -0.541045 1.048061 -2.017483
v -0.550696 0.985183 -2.155593
v -0.989224 1.084196 -2.128708
v -0.979574 1.147076 -1.990594
v -1.418105 1.246087 -1.963708
v -1.427756 1.183207 -2.101813
v -0.969112 1.207915 -1.848098
v -1.407710 1.307095 -1.821569
v -1.396175 1.365245 -1.673281
v -0.957566 1.266038 -1.699749
v -0.944049 1.319210 -1.540756
v -1.382754 1.418664 -1.514817
v -0.009704 1.233719 -0.874681
v -0.021651 1.230785 -1.064343
v 0.417015 1.132505 -1.091262
v 0.429138 1.136370 -0.901634
v -0.036350 1.207120 -1.248888
v 0.402240 1.108914 -1.276165
v -0.460238 1.329501 -1.037444
v -0.474973 1.304753 -1.221336
v -0.448581 1.330922 -0.847721
v 0.386533 1.071662 -1.454499
v -0.051919 1.170479 -1.427187
v -0.490419 1.269410 -1.400134
v -0.928980 1.368500 -1.373411
v -1.367590 1.467705 -1.346937
v -0.913410 1.405147 -1.195111
v -1.351886 1.504961 -1.168611
v -1.337103 1.528554 -0.983705
v -0.898711 1.428809 -1.010567
v -0.886764 1.431745 -0.820902
v -1.324978 1.532416 -0.794078
v 0.005562 1.086995 -0.127816
v 0.006498 1.144510 -0.309265
v 0.445090 1.045682 -0.335950
v 0.444229 0.988397 -0.154244
v 0.004385 1.189666 -0.495624
v 0.443091 1.091449 -0.522363
v -0.432058 1.243448 -0.282457
v -0.434444 1.287317 -0.468997
v -0.433123 1.185555 -0.101431
v 0.438115 1.123719 -0.711365
v -0.000553 1.221996 -0.684444
v -0.439138 1.320717 -0.657545
v -0.877611 1.420022 -0.630666
v -1.316003 1.519766 -0.603806
v -0.872675 1.387689 -0.441847
v -1.311031 1.487495 -0.414805
v -1.309031 1.441727 -0.228392
v -0.870565 1.342534 -0.255485
v -0.871502 1.285017 -0.074036
v -1.309892 1.384443 -0.046684
v -0.018402 0.775132 0.562501
v -0.008349 0.872589 0.392784
v 0.430276 0.774118 0.365844
v 0.420346 0.677350 0.535496
v -0.001385 0.954283 0.222236
v 0.437286 0.855901 0.195477
v -0.446921 0.971384 0.419695
v -0.440148 1.052218 0.248898
v -0.457167 0.872803 0.589518
v 0.441969 0.926992 0.022860
v 0.003380 1.025822 0.049546
v -0.435176 1.124757 0.076353
v -0.873681 1.223843 0.103324
v -1.312151 1.323039 0.130418
v -0.878444 1.152307 0.276014
v -1.316840 1.251947 0.303036
v -1.323847 1.170167 0.473403
v -0.885413 1.070612 0.446563
v -0.895460 0.973156 0.616280
v -1.333774 1.073396 0.643053
v -0.907417 0.864845 0.787025
v -1.345850 0.964401 0.813864
v -0.921799 0.742694 0.959085
v -1.360249 0.842177 0.985930
v -0.468923 0.765617 0.760158
v -0.483410 0.642877 0.932272
v -1.376049 0.711959 1.158754
v -0.937521 0.612946 1.131863
v -0.954238 0.477499 1.305182
v -1.392769 0.576510 1.332070
v -0.498989 0.513934 1.104975
v -0.515709 0.378486 1.278291
v -0.077184 0.279475 1.251403
v -0.060458 0.414922 1.078085
v 0.378071 0.315911 1.051196
v 0.361351 0.180464 1.224516
v -0.044740 0.544672 0.905306
v 0.393870 0.446130 0.878372
v 0.408269 0.568353 0.706307
v -0.030355 0.666822 0.733246
v -0.829032 1.290838 3.935604
v -0.840092 1.236911 4.094690
v -1.288140 1.284779 4.102870
v -1.276930 1.338913 3.944318
v -0.854165 1.178873 4.243003
v -1.302230 1.226722 4.251124
v -0.391973 1.189140 4.086764
v -0.406174 1.130926 4.234615
v -0.381158 1.242733 3.926805
v -1.318060 1.166288 4.393152
v -0.869893 1.118580 4.385395
v -0.886861 1.056594 4.523352
v -1.335028 1.104303 4.531110
v -0.421725 1.070873 4.377640
v -0.438694 1.008886 4.515595
v 0.009474 0.961178 4.507837
v 0.026445 1.023163 4.369883
v 0.474611 0.975455 4.362125
v 0.457640 0.913470 4.500080
v 0.042171 1.083457 4.227489
v 0.490437 1.035888 4.220099
v 0.504530 1.093949 4.071840
v 0.056244 1.141496 4.079180
v 0.067302 1.195424 3.920093
v 0.515738 1.148081 3.913293
v -0.816568 1.412262 3.214372
v -0.814218 1.406595 3.404500
v -1.262282 1.455044 3.412286
v -1.264501 1.461645 3.222197
v -0.815730 1.380376 3.589446
v -1.263705 1.428861 3.597594
v -0.366092 1.358590 3.396734
v -0.367891 1.331330 3.581016
v -0.368653 1.362726 3.206544
v -1.268384 1.389412 3.776248
v -0.820335 1.341544 3.768066
v -0.372215 1.293773 3.760144
v 0.076001 1.246130 3.752554
v 0.524287 1.198581 3.745220
v 0.080605 1.284961 3.573934
v 0.528967 1.238032 3.566567
v 0.530390 1.264210 3.381258
v 0.082119 1.311178 3.388989
v 0.079769 1.316845 3.198860
v 0.528170 1.270813 3.191167
v -0.846752 1.274345 2.465607
v -0.836768 1.330070 2.647516
v -1.284926 1.377969 2.655068
v -1.294899 1.322490 2.472898
v -0.828089 1.373123 2.834354
v -1.276158 1.421641 2.841959
v -0.388604 1.282285 2.639842
v -0.380086 1.324032 2.826860
v -0.398607 1.226161 2.458357
v -1.269035 1.451581 3.031444
v -0.820971 1.403132 3.023658
v -0.372845 1.355128 3.015890
v 0.075365 1.307718 3.008145
v 0.523633 1.260748 3.000417
v 0.068246 1.277708 2.818841
v 0.516512 1.230808 2.810931
v 0.507744 1.187138 2.624041
v 0.059570 1.234653 2.632003
v 0.049586 1.178929 2.450093
v 0.497771 1.131655 2.441871
v -0.895424 0.967603 1.773569
v -0.880696 1.064052 1.943717
v -1.328780 1.112304 1.951527
v -1.343404 1.016547 1.781445
v -0.868164 1.144575 2.114689
v -1.316252 1.192923 2.122313
v -0.432560 1.016124 1.935939
v -0.420134 1.095772 2.107160
v -0.447462 0.918549 1.765683
v -1.305070 1.262675 2.295356
v -0.856913 1.214774 2.287804
v -0.408748 1.166989 2.280130
v 0.039422 1.119358 2.272291
v 0.487601 1.071841 2.264329
v 0.028172 1.049159 2.099176
v 0.476418 1.002090 2.091287
v 0.463890 0.921470 1.920500
v 0.015640 0.968633 1.928204
v 0.000911 0.872187 1.758056
v 0.449265 0.825715 1.750419
v -0.015469 0.764836 1.586862
v 0.432778 0.717673 1.579159
v -0.033958 0.643581 1.414335
v 0.414283 0.596345 1.406622
v -0.463673 0.812326 1.594598
v -0.482247 0.690479 1.422014
v 0.394570 0.466985 1.233318
v -0.053597 0.514692 1.241076
v -0.074106 0.380080 1.067268
v 0.374063 0.332372 1.059509
v -0.501767 0.562400 1.248833
v -0.522273 0.427787 1.075024
v -0.970441 0.475495 1.082782
v -0.949933 0.610109 1.256589
v -1.398099 0.657817 1.264348
v -1.418607 0.523204 1.090538
v -0.930291 0.738997 1.429847
v -1.378386 0.787177 1.437650
v -1.359890 0.908505 1.610184
v -0.911806 0.860252 1.602375
v 2.851740 1.398190 1.601279
v 3.036526 1.338000 1.617594
v 3.037253 1.398823 2.136137
v 2.853090 1.459257 2.119654
v 3.208828 1.272940 1.637252
v 3.209484 1.333739 2.155816
v 3.036098 1.277294 1.098973
v 3.207867 1.212023 1.118773
v 2.850293 1.337087 1.082928
v 3.374511 1.265837 2.177427
v 3.374277 1.205205 1.658750
v 3.534583 1.135465 1.681624
v 3.534827 1.196098 2.200299
v 3.374041 1.144573 1.140074
v 3.534347 1.074832 1.162949
v 3.534115 1.014200 0.644272
v 3.373809 1.083939 0.621396
v 3.373571 1.023305 0.102721
v 3.533877 0.953567 0.125600
v 3.208360 1.151673 0.599900
v 3.208546 1.091206 0.081116
v 3.036307 1.156294 0.061433
v 3.036058 1.216734 0.580241
v 2.851279 1.276929 0.563928
v 2.852145 1.216726 0.044954
v 2.014970 1.528961 1.572430
v 2.235307 1.524936 1.573193
v 2.235571 1.586426 2.091741
v 2.015268 1.591530 2.090817
v 2.449849 1.497077 1.578580
v 2.450533 1.558612 2.097032
v 2.235068 1.463958 1.054569
v 2.448847 1.434890 1.060291
v 2.014671 1.466214 1.054066
v 2.657892 1.515386 2.106134
v 2.657168 1.454561 1.587589
v 2.656745 1.393855 1.068967
v 2.656698 1.333299 0.550236
v 2.656953 1.272852 0.031431
v 2.449377 1.375814 0.541229
v 2.449590 1.316086 0.022324
v 2.234627 1.343892 0.017035
v 2.234840 1.403669 0.535837
v 2.014502 1.407694 0.535075
v 2.014320 1.349002 0.016113
v 1.148984 1.359454 1.595587
v 1.359123 1.426340 1.586627
v 1.359119 1.487194 2.105284
v 1.148673 1.420586 2.114226
v 1.575121 1.478630 1.579417
v 1.575171 1.540198 2.097964
v 1.358983 1.365621 1.067956
v 1.575204 1.416401 1.060951
v 1.149342 1.298277 1.076953
v 1.794375 1.577353 2.092761
v 1.794111 1.515865 1.574215
v 1.793867 1.454888 1.055588
v 1.793642 1.394598 0.536860
v 1.793435 1.334821 0.018060
v 1.574651 1.357367 0.542062
v 1.574229 1.297665 0.023262
v 1.358179 1.244660 0.030581
v 1.358655 1.305073 0.549269
v 1.148512 1.238188 0.558233
v 1.147735 1.178052 0.039521
v 0.350619 0.995371 1.643196
v 0.546678 1.109215 1.628041
v 0.546970 1.170479 2.146614
v 0.350980 1.057434 2.161644
v 0.743867 1.204651 1.615635
v 0.743942 1.266022 2.134210
v 0.546421 1.048328 1.109404
v 0.743906 1.142753 1.097136
v 0.350249 0.933179 1.124773
v 0.943647 1.349022 2.123532
v 0.943650 1.288168 1.604874
v 0.943512 1.227447 1.086205
v 0.943180 1.166902 0.567522
v 0.942704 1.106491 0.048829
v 0.743397 1.083383 0.578281
v 0.743000 1.023489 0.059507
v 0.546030 0.927945 0.071910
v 0.546210 0.987947 0.590687
v 0.350149 0.874105 0.605846
v 0.350040 0.814903 0.086942
v 0.152990 0.747636 0.623028
v 0.152814 0.687635 0.104252
v -0.045559 0.605069 0.642790
v -0.045749 0.544984 0.124026
v 0.153205 0.808017 1.141746
v -0.045408 0.664765 1.161617
v -0.245119 0.393032 0.145291
v -0.244883 0.453664 0.663966
v -0.444778 0.295631 0.686206
v -0.445014 0.234998 0.167531
v -0.244647 0.514296 1.182645
v -0.444543 0.356262 1.204884
v -0.444307 0.416896 1.723561
v -0.244412 0.574930 1.701319
v -0.244173 0.635563 2.219990
v -0.444072 0.477529 2.242233
v -0.045093 0.726336 1.680141
v -0.044809 0.787515 2.198727
v 0.153750 0.930166 2.178952
v 0.153464 0.868901 1.660381
v 0.263862 2.150944 3.067226
v 0.319892 2.155874 3.209817
v -0.054209 2.150305 3.378382
v -0.109986 2.145741 3.236095
v 0.370860 2.153512 3.346166
v -0.003271 2.147903 3.514698
v 0.694105 2.161613 3.041402
v 0.744859 2.158938 3.177486
v 0.637666 2.156093 2.898299
v 0.044742 2.141288 3.647408
v 0.419043 2.147141 3.479089
v 0.465139 2.137771 3.609433
v 0.090844 2.131924 3.777762
v 0.793344 2.152997 3.310767
v 0.839439 2.143628 3.441115
v 1.213738 2.149480 3.272798
v 1.167645 2.158852 3.142449
v 1.541937 2.164703 2.974130
v 1.588037 2.155333 3.104479
v 1.119458 2.165220 3.009530
v 1.493930 2.171320 2.841426
v 1.442982 2.173719 2.705103
v 1.068494 2.167583 2.873184
v 1.012460 2.162656 2.730594
v 1.387208 2.169152 2.562824
v 0.007638 2.020669 2.466386
v 0.073671 2.077854 2.615961
v -0.300706 2.072645 2.784075
v -0.366835 2.016280 2.634249
v 0.139611 2.115589 2.768143
v -0.234585 2.110542 2.936500
v 0.448005 2.083447 2.447725
v 0.513724 2.120059 2.599761
v 0.382131 2.024931 2.298568
v -0.170243 2.134730 3.088300
v 0.203858 2.140300 2.919738
v 0.578077 2.146038 2.751326
v 0.952457 2.152005 2.583099
v 1.326957 2.158144 2.415030
v 0.888205 2.127300 2.431504
v 1.262623 2.133961 2.263223
v 1.196494 2.096057 2.110798
v 0.822273 2.089559 2.279323
v 0.756240 2.032379 2.129749
v 1.130363 2.039691 1.960968
v -0.232321 1.658007 1.925781
v -0.177014 1.765150 2.050499
v -0.551420 1.759393 2.218604
v -0.606858 1.652373 2.093616
v -0.118207 1.863060 2.182780
v -0.492661 1.857849 2.350735
v 0.197324 1.770965 1.882264
v 0.256364 1.867817 2.015076
v 0.142239 1.663619 1.757988
v -0.431208 1.945385 2.488992
v -0.056832 1.950593 2.320874
v 0.317500 1.956188 2.152637
v 0.691768 1.962298 1.984236
v 1.065988 1.968796 1.815716
v 0.630391 1.874766 1.846139
v 1.004531 1.881261 1.677459
v 0.945776 1.782802 1.545328
v 0.571588 1.776855 1.713861
v 0.516277 1.669711 1.589141
v 0.890338 1.675783 1.420341
v -0.429467 1.169290 1.479311
v -0.383620 1.307494 1.582716
v -0.757959 1.302128 1.750907
v -0.803860 1.164540 1.647339
v -0.335601 1.432291 1.691631
v -0.710029 1.426944 1.859654
v -0.009303 1.313152 1.414449
v 0.038915 1.437276 1.523819
v -0.055065 1.173943 1.311308
v -0.659923 1.543175 1.973426
v -0.285521 1.548931 1.805321
v 0.088818 1.554744 1.637087
v 0.463077 1.560636 1.468682
v 0.837272 1.566584 1.300149
v 0.412998 1.443996 1.354993
v 0.787168 1.450354 1.186378
v 0.739236 1.325536 1.077631
v 0.364981 1.319200 1.246078
v 0.319134 1.180997 1.142672
v 0.693332 1.187954 0.974065
v 0.274122 1.033075 1.041828
v 0.648379 1.039414 0.873384
v 0.230180 0.872759 0.944260
v 0.604439 0.879034 0.775830
v -0.100162 1.027028 1.210200
v -0.144059 0.866185 1.112769
v 0.561119 0.711494 0.680163
v 0.186820 0.705640 0.848481
v 0.143906 0.533421 0.754054
v 0.518202 0.539271 0.585735
v -0.187481 0.699786 1.016802
v -0.230395 0.527564 0.922374
v -0.604698 0.521714 1.090693
v -0.561778 0.693936 1.185121
v -0.936073 0.688083 1.353441
v -0.978993 0.515861 1.259011
v -0.518421 0.861054 1.280896
v -0.892754 0.855622 1.449104
v -0.848818 1.016000 1.546657
v -0.474478 1.021369 1.378469
v 1.562407 2.441937 -0.080817
v 1.696759 2.464637 -0.187398
v 2.001667 2.467624 0.161166
v 1.867517 2.445384 0.267400
v 1.826783 2.478328 -0.286897
v 2.131655 2.481272 0.061714
v 1.391962 2.461851 -0.536126
v 1.521800 2.475154 -0.635322
v 1.257251 2.438420 -0.428969
v 2.259171 2.489708 -0.033654
v 1.954435 2.487066 -0.382493
v 2.080292 2.492102 -0.475176
v 2.385047 2.494754 -0.126337
v 1.649703 2.484419 -0.731344
v 1.775568 2.489459 -0.824020
v 1.470819 2.486819 -1.172866
v 1.344970 2.481783 -1.080196
v 1.040230 2.479135 -1.429033
v 1.166097 2.484175 -1.521709
v 1.217311 2.473042 -0.984586
v 0.912729 2.470701 -1.333671
v 0.782721 2.457057 -1.234213
v 1.087293 2.459348 -0.885094
v 0.952945 2.436661 -0.778506
v 0.648586 2.434813 -1.127986
v 1.013692 2.222844 0.383869
v 1.147113 2.305244 0.267153
v 1.451592 2.308577 0.616185
v 1.317848 2.227086 0.733135
v 1.285285 2.366077 0.148596
v 1.589947 2.369638 0.497364
v 0.842483 2.302317 -0.081769
v 0.980680 2.361871 -0.200106
v 0.709591 2.218479 0.034563
v 1.729573 2.415177 0.379893
v 1.424665 2.412185 0.031326
v 1.119868 2.409403 -0.317410
v 0.815190 2.406897 -0.666363
v 0.510631 2.404608 -1.015490
v 0.675815 2.360797 -0.549087
v 0.370999 2.359068 -0.898028
v 0.232653 2.298006 -0.779194
v 0.537642 2.299951 -0.430538
v 0.404223 2.217564 -0.313823
v 0.098898 2.216505 -0.662249
v 0.547250 1.749881 0.798369
v 0.652563 1.885354 0.704119
v 0.957095 1.888080 1.053154
v 0.851523 1.752714 1.147642
v 0.765767 2.011385 0.603110
v 1.070098 2.014703 0.952276
v 0.347910 1.882681 0.355202
v 0.461711 2.007583 0.253712
v 0.243013 1.747032 0.449059
v 1.189873 2.129811 0.845888
v 0.885389 2.126469 0.496857
v 0.580759 2.123543 0.147937
v 0.275919 2.121178 -0.200833
v -0.029068 2.119236 -0.549489
v 0.156290 2.006096 -0.094578
v -0.148841 2.004129 -0.443096
v -0.261844 1.877501 -0.342226
v 0.043090 1.880065 0.006425
v -0.062225 1.744592 0.100683
v -0.367421 1.742134 -0.247734
v 0.180306 1.146850 1.128970
v 0.262772 1.314608 1.053601
v 0.567333 1.317785 1.402559
v 0.484654 1.150699 1.478072
v 0.351757 1.467977 0.973347
v 0.656172 1.471149 1.322455
v -0.041898 1.311751 0.704712
v 0.047577 1.464419 0.624057
v -0.124001 1.142896 0.779839
v 0.750538 1.615488 1.237887
v 0.446006 1.612762 0.888853
v 0.141351 1.610086 0.539939
v -0.163462 1.607474 0.191166
v -0.468404 1.604910 -0.157488
v -0.257715 1.462688 0.275656
v -0.562773 1.460577 -0.072922
v -0.651610 1.307205 0.007184
v -0.346703 1.309321 0.355911
v -0.429164 1.141566 0.431277
v -0.734285 1.140126 0.082697
v -0.508192 0.963200 0.504364
v -0.813094 0.961087 0.155633
v -0.582826 0.771308 0.574533
v -0.887710 0.769124 0.225794
v -0.203384 0.965632 0.853164
v -0.277840 0.773163 0.923211
v -0.959800 0.569345 0.294270
v -0.655067 0.571988 0.643112
v -0.725492 0.367100 0.710482
v -1.030224 0.364456 0.361641
v -0.350328 0.574630 0.991958
v -0.420756 0.369741 1.059330
v -0.116017 0.372387 1.408181
v -0.045588 0.577277 1.340801
v 0.259144 0.579920 1.689642
v 0.188717 0.375030 1.757022
v 0.026644 0.776594 1.272226
v 0.331230 0.779696 1.621167
v 0.405844 0.971659 1.551013
v 0.101286 0.968486 1.202053
v -1.650945 2.601803 -0.852218
v -1.763494 2.623891 -0.987065
v -1.415006 2.622838 -1.308248
v -1.302817 2.601214 -1.173603
v -1.868702 2.636784 -1.117576
v -1.520165 2.635682 -1.438723
v -2.112150 2.625152 -0.665994
v -2.217044 2.637653 -0.796320
v -1.999007 2.602323 -0.530786
v -1.621092 2.643218 -1.566728
v -1.969866 2.644630 -1.245716
v -2.068012 2.648694 -1.372054
v -1.719238 2.647289 -1.693082
v -2.318650 2.646031 -0.924710
v -2.416789 2.650106 -1.051057
v -2.765569 2.651516 -0.730031
v -2.667436 2.647454 -0.603700
v -3.016207 2.648853 -0.282682
v -3.114343 2.652918 -0.409031
v -2.566260 2.639604 -0.475554
v -2.915283 2.641323 -0.154696
v -2.810119 2.628474 -0.024201
v -2.461057 2.626711 -0.345047
v -2.348502 2.604633 -0.210206
v -2.697938 2.606859 0.110427
v -1.161507 2.382202 -0.300921
v -1.284260 2.465412 -0.435180
v -0.935283 2.464712 -0.755943
v -0.812279 2.382434 -0.621366
v -1.409072 2.526511 -0.574023
v -1.060368 2.526041 -0.894966
v -1.633120 2.466534 -0.114272
v -1.757712 2.526317 -0.253130
v -1.510776 2.381847 0.019472
v -1.184143 2.571468 -1.035159
v -1.532634 2.572523 -0.713976
v -1.881299 2.573789 -0.392904
v -2.230190 2.575343 -0.071952
v -2.579260 2.577114 0.248883
v -2.106623 2.529335 0.067998
v -2.455493 2.531674 0.389085
v -2.330396 2.470352 0.528101
v -1.981818 2.468226 0.206842
v -1.859065 2.385026 0.341098
v -2.207396 2.388063 0.662685
v -0.726178 1.902083 0.170244
v -0.825079 2.039840 0.063578
v -0.476102 2.038517 -0.257229
v -0.376947 1.900872 -0.150308
v -0.931128 2.167871 -0.050879
v -0.582008 2.167159 -0.371494
v -1.173934 2.041219 0.384506
v -1.280493 2.168091 0.269462
v -1.075444 1.903276 0.490757
v -0.693758 2.283955 -0.492414
v -1.042735 2.284647 -0.171652
v -1.391594 2.285764 0.149258
v -1.740292 2.287460 0.470370
v -2.088870 2.289591 0.791627
v -1.628682 2.170693 0.591147
v -1.977114 2.172792 0.912548
v -1.871215 2.044150 1.026809
v -1.522641 2.042658 0.705601
v -1.423730 1.904898 0.812269
v -1.772058 1.906502 1.133738
v -0.379621 1.288028 0.543233
v -0.458524 1.459019 0.459094
v -0.109624 1.458156 0.138252
v -0.030566 1.287855 0.222600
v -0.542633 1.615224 0.368568
v -0.193577 1.614359 0.047876
v -0.807351 1.460208 0.780040
v -0.891884 1.615694 0.689033
v -0.728705 1.288094 0.863826
v -0.282259 1.761281 -0.047945
v -0.631238 1.762605 0.272863
v -0.980090 1.763980 0.593795
v -1.328794 1.765422 0.914882
v -1.677372 1.766913 1.236100
v -1.240192 1.618040 1.010592
v -1.588688 1.619999 1.331919
v -1.504733 1.463786 1.422298
v -1.156081 1.461835 1.101120
v -1.077177 1.290849 1.185253
v -1.425673 1.293494 1.506640
v -1.000724 1.108976 1.266047
v -1.349380 1.110929 1.587219
v -0.927401 0.913222 1.342569
v -1.276067 0.915103 1.663723
v -0.651993 1.107350 0.944967
v -0.578801 0.911005 1.021313
v -1.204562 0.711256 1.737771
v -0.855785 0.709847 1.416761
v -0.785468 0.500758 1.489188
v -1.134244 0.502164 1.810196
v -0.507005 0.708436 1.095746
v -0.436687 0.499346 1.168179
v -0.087901 0.497940 0.847163
v -0.158231 0.707031 0.774732
v 0.190544 0.705623 0.453724
v 0.260874 0.496531 0.526154
v -0.229840 0.910405 0.700549
v 0.119040 0.909465 0.379684
v 0.045734 1.105291 0.303180
v -0.303166 1.106156 0.624020
v -2.240798 2.729333 2.060197
v -2.391944 2.761671 2.137327
v -2.611093 2.818769 1.734128
v -2.460175 2.786894 1.657328
v -2.538264 2.784962 2.207778
v -2.757373 2.842010 1.804538
v -2.172915 2.704778 2.540676
v -2.319029 2.727679 2.610841
v -2.021370 2.671712 2.463005
v -2.900898 2.860030 1.871089
v -2.681942 2.803282 2.274548
v -2.823618 2.817884 2.338578
v -3.042593 2.874640 1.935115
v -2.462989 2.746527 2.678015
v -2.604671 2.761138 2.742036
v -2.385699 2.704386 3.145504
v -2.244033 2.689783 3.081487
v -2.025067 2.633025 3.484940
v -2.166752 2.647629 3.548961
v -2.100347 2.671459 3.014706
v -1.881557 2.615010 3.418387
v -1.735257 2.591767 3.347977
v -1.954032 2.648168 2.944257
v -1.802889 2.615847 2.867121
v -1.584355 2.559897 3.271183
v -1.629939 2.473708 1.706787
v -1.776322 2.564511 1.798606
v -1.994922 2.621927 1.395069
v -1.848080 2.531998 1.303161
v -1.929904 2.634408 1.889538
v -2.148713 2.692054 1.486237
v -1.557510 2.507487 2.202097
v -1.711198 2.576128 2.292714
v -1.411870 2.415304 2.110430
v -2.305021 2.747029 1.574622
v -2.085871 2.689928 1.977823
v -1.866844 2.633035 2.381183
v -1.647954 2.576425 2.784749
v -1.429190 2.520032 3.188474
v -1.491987 2.520911 2.696458
v -1.272879 2.465046 3.100100
v -1.119089 2.394922 3.008918
v -1.338406 2.451002 2.605531
v -1.192026 2.360212 2.513712
v -0.972243 2.304987 2.917017
v -1.135571 1.973510 1.365162
v -1.244419 2.114820 1.445166
v -1.463127 2.171639 1.041569
v -1.353969 2.030419 0.961394
v -1.363345 2.247326 1.529351
v -1.581772 2.304724 1.125712
v -1.025559 2.058045 1.848679
v -1.145285 2.189483 1.933117
v -0.917222 1.916587 1.768954
v -1.709351 2.426886 1.212897
v -1.490751 2.369465 1.616432
v -1.271940 2.312441 2.019924
v -1.052838 2.255952 2.423357
v -0.833522 2.199881 2.826744
v -0.925423 2.133832 2.336275
v -0.705940 2.077713 2.739555
v -0.587301 1.944629 2.655416
v -0.806502 2.001314 2.252095
v -0.697651 1.860004 2.172083
v -0.478135 1.803407 2.575242
v -0.769162 1.351526 1.074095
v -0.848466 1.523176 1.143050
v -1.067175 1.580441 0.739554
v -0.987566 1.409439 0.670558
v -0.936614 1.681065 1.214266
v -1.155147 1.738317 0.810659
v -0.629602 1.466217 1.546525
v -0.718383 1.623449 1.617975
v -0.550816 1.293512 1.477643
v -1.250371 1.887658 0.884235
v -1.031662 1.830838 1.287834
v -0.812800 1.774060 1.691345
v -0.593749 1.717336 2.094759
v -0.374538 1.660647 2.498083
v -0.498698 1.567559 2.021194
v -0.279314 1.511314 2.424508
v -0.191342 1.353429 2.353400
v -0.410544 1.409670 1.949975
v -0.331250 1.238026 1.881020
v -0.111736 1.182435 2.284401
v -0.256856 1.056149 1.812738
v -0.037655 0.999907 2.216166
v -0.188730 0.861227 1.745315
v 0.030441 0.804921 2.148746
v -0.475915 1.112697 1.409287
v -0.408051 0.917220 1.341902
v 0.094928 0.602393 2.081822
v -0.124030 0.659145 1.678361
v -0.061918 0.451693 1.611768
v 0.157038 0.394939 2.015227
v -0.342991 0.715896 1.274895
v -0.280874 0.508441 1.208302
v -0.499835 0.565197 0.804832
v -0.561952 0.772651 0.871437
v -0.780910 0.829402 0.467977
v -0.718792 0.621947 0.401373
v -0.626643 0.974731 0.938388
v -0.845390 1.031925 0.534901
v -0.913485 1.226914 0.602316
v -0.694777 1.169651 1.005810
v 0.870990 3.180824 1.658943
v 1.010225 3.258447 1.692601
v 0.910278 3.298860 2.115220
v 0.771256 3.221774 2.081447
v 1.144870 3.325712 1.728511
v 1.044879 3.366070 2.151140
v 1.110293 3.218258 1.269933
v 1.244735 3.285080 1.305942
v 0.970673 3.139806 1.236455
v 1.176839 3.427319 2.188382
v 1.276983 3.387301 1.765677
v 1.407189 3.444633 1.803756
v 1.307062 3.484665 2.226470
v 1.377126 3.347280 1.342966
v 1.507330 3.404615 1.381054
v 1.607454 3.364587 0.958331
v 1.477267 3.307264 0.920252
v 1.577394 3.267226 0.497544
v 1.707606 3.324563 0.535632
v 1.345141 3.245668 0.883089
v 1.445441 3.205991 0.460309
v 1.310826 3.138772 0.424382
v 1.210509 3.178399 0.847176
v 1.071266 3.100804 0.813525
v 1.171814 3.061699 0.390610
v 0.319781 2.748378 1.557373
v 0.447558 2.879674 1.575548
v 0.346941 2.920199 1.998075
v 0.218548 2.789567 1.979662
v 0.585739 2.993785 1.599386
v 0.485337 3.034604 2.021861
v 0.547893 2.839452 1.152915
v 0.686323 2.952403 1.177090
v 0.421109 2.707124 1.135124
v 0.628175 3.135558 2.049685
v 0.728135 3.095139 1.627062
v 0.828211 3.054948 1.204391
v 0.928410 3.015094 0.781640
v 1.028731 2.975475 0.358845
v 0.786013 2.913741 0.753971
v 0.885899 2.874505 0.331012
v 0.747495 2.760102 0.307235
v 0.647836 2.799626 0.730129
v 0.520057 2.668343 0.711953
v 0.619098 2.629470 0.288812
v -0.074709 2.126183 1.525360
v 0.006011 2.291934 1.527889
v -0.094399 2.331944 1.950544
v -0.175457 2.166169 1.947949
v 0.098591 2.452869 1.533733
v -0.002202 2.493317 1.956226
v 0.106252 2.251925 1.105206
v 0.199831 2.412135 1.111376
v 0.026088 2.086209 1.102780
v 0.101018 2.647518 1.965431
v 0.201634 2.606989 1.542906
v 0.301969 2.566760 1.120275
v 0.401916 2.526933 0.697489
v 0.501572 2.487421 0.274593
v 0.298861 2.372826 0.688307
v 0.398346 2.333215 0.265393
v 0.306159 2.171844 0.259711
v 0.206287 2.211886 0.682465
v 0.125561 2.046131 0.679937
v 0.225096 2.006067 0.257106
v -0.317224 1.433391 1.537518
v -0.271868 1.617535 1.529321
v -0.372342 1.657955 1.951889
v -0.418117 1.474316 1.959909
v -0.215198 1.791805 1.525254
v -0.315848 1.832154 1.947797
v -0.171599 1.577350 1.106666
v -0.114163 1.751221 1.102831
v -0.216252 1.392397 1.115156
v -0.250505 2.000825 1.946550
v -0.150099 1.960823 1.523892
v -0.049858 1.920804 1.101207
v 0.050181 1.880775 0.678474
v 0.150044 1.840727 0.255711
v -0.014915 1.711757 0.679832
v 0.084699 1.672062 0.256958
v 0.028210 1.497856 0.261050
v -0.071593 1.537487 0.683898
v -0.116945 1.353351 0.692101
v -0.017570 1.314223 0.269077
v -0.155619 1.161310 0.703095
v -0.055813 1.121682 0.280248
v -0.185758 0.959198 0.717665
v -0.085913 0.919520 0.294838
v -0.255621 1.201177 1.125866
v -0.285407 0.998637 1.140583
v -0.111097 0.711532 0.311485
v -0.211232 0.751559 0.734191
v -0.233186 0.539769 0.752190
v -0.133049 0.499746 0.329486
v -0.311371 0.791580 1.156908
v -0.333327 0.579788 1.174903
v -0.433465 0.619818 1.597620
v -0.411504 0.831606 1.579617
v -0.511643 0.871630 2.002323
v -0.533601 0.659837 2.020327
v -0.386042 1.039246 1.563087
v -0.486464 1.079612 1.985671
v -0.456368 1.281774 1.971084
v -0.355893 1.241359 1.548521
# 945 vertices

vt 0.331138 0.862575
vt 0.332900 0.892007
vt 0.417129 0.892083
vt 0.415350 0.862727
vt 0.334661 0.921439
vt 0.418908 0.921439
vt 0.248670 0.891932
vt 0.250414 0.921439
vt 0.246927 0.862424
vt 0.421278 0.948220
vt 0.337032 0.948220
vt 0.339402 0.975000
vt 0.423649 0.975000
vt 0.252785 0.948220
vt 0.255155 0.975000
vt 0.170909 0.975000
vt 0.168538 0.948220
vt 0.084292 0.948220
vt 0.086662 0.975000
vt 0.166168 0.921439
vt 0.081921 0.921439
vt 0.080142 0.892083
vt 0.164406 0.892007
vt 0.162645 0.862575
vt 0.078364 0.862727
vt 0.329100 0.724957
vt 0.329228 0.760546
vt 0.413471 0.760538
vt 0.413338 0.724941
vt 0.329357 0.796135
vt 0.413604 0.796135
vt 0.244986 0.760554
vt 0.245110 0.796135
vt 0.244862 0.724974
vt 0.414477 0.829431
vt 0.330248 0.829355
vt 0.246018 0.829279
vt 0.161754 0.829355
vt 0.077490 0.829431
vt 0.160864 0.796135
vt 0.076617 0.796135
vt 0.076484 0.760538
vt 0.160735 0.760546
vt 0.160607 0.724957
vt 0.076351 0.724941
vt 0.329661 0.587708
vt 0.329470 0.621148
vt 0.413719 0.621107
vt 0.413911 0.587624
vt 0.329280 0.654589
vt 0.413527 0.654589
vt 0.245222 0.621190
vt 0.245033 0.654589
vt 0.245411 0.587791
vt 0.413432 0.689765
vt 0.329190 0.689773
vt 0.244948 0.689781
vt 0.160697 0.689773
vt 0.076446 0.689765
vt 0.160787 0.654589
vt 0.076540 0.654589
vt 0.076732 0.621107
vt 0.160977 0.621148
vt 0.161167 0.587708
vt 0.076924 0.587624
vt 0.360606 0.294598
vt 0.360319 0.320686
vt 0.471991 0.320823
vt 0.472272 0.294872
vt 0.360033 0.346774
vt 0.471710 0.346774
vt 0.248648 0.320549
vt 0.245645 0.525000
vt 0.248940 0.294324
vt 0.414024 0.556312
vt 0.329776 0.556354
vt 0.245528 0.556396
vt 0.161283 0.556354
vt 0.077038 0.556312
vt 0.161398 0.525000
vt 0.077151 0.525000
vt 0.025281 0.320823
vt 0.136964 0.320686
vt 0.137251 0.294598
vt 0.025562 0.294872
vt 0.137828 0.261654
vt 0.026145 0.261792
vt 0.138406 0.228711
vt 0.026728 0.228711
vt 0.249512 0.261517
vt 0.250083 0.228711
vt 0.027509 0.190968
vt 0.139187 0.190968
vt 0.139967 0.153226
vt 0.028290 0.153226
vt 0.250864 0.190968
vt 0.251645 0.153226
vt 0.363323 0.153226
vt 0.362542 0.190968
vt 0.474219 0.190968
vt 0.475000 0.153226
vt 0.361761 0.228711
vt 0.473438 0.228711
vt 0.472855 0.261792
vt 0.361183 0.261654
vt 0.331138 0.862575
vt 0.332900 0.892007
vt 0.417129 0.892083
vt 0.415350 0.862727
vt 0.334661 0.921439
vt 0.418908 0.921439
vt 0.248670 0.891932
vt 0.250414 0.921439
vt 0.246927 0.862424
vt 0.421278 0.948220
vt 0.337032 0.948220
vt 0.339402 0.975000
vt 0.423649 0.975000
vt 0.252785 0.948220
vt 0.255155 0.975000
vt 0.170909 0.975000
vt 0.168538 0.948220
vt 0.084292 0.948220
vt 0.086662 0.975000
vt 0.166168 0.921439
vt 0.081921 0.921439
vt 0.080142 0.892083
vt 0.164406 0.892007
vt 0.162645 0.862575
vt 0.078364 0.862727
vt 0.329100 0.724957
vt 0.329228 0.760546
vt 0.413471 0.760538
vt 0.413338 0.724941
vt 0.329357 0.796135
vt 0.413604 0.796135
vt 0.244986 0.760554
vt 0.245110 0.796135
vt 0.244862 0.724974
vt 0.414477 0.829431
vt 0.330248 0.829355
vt 0.246018 0.829279
vt 0.161754 0.829355
vt 0.077490 0.829431
vt 0.160864 0.796135
vt 0.076617 0.796135
vt 0.076484 0.760538
vt 0.160735 0.760546
vt 0.160607 0.724957
vt 0.076351 0.724941
vt 0.329661 0.587708
vt 0.329470 0.621148
vt 0.413719 0.621107
vt 0.413911 0.587624
vt 0.329280 0.654589
vt 0.413527 0.654589
vt 0.245222 0.621190
vt 0.245033 0.654589
vt 0.245411 0.587791
vt 0.413432 0.689765
vt 0.329190 0.689773
vt 0.244948 0.689781
vt 0.160697 0.689773
vt 0.076446 0.689765
vt 0.160787 0.654589
vt 0.076540 0.654589
vt 0.076732 0.621107
vt 0.160977 0.621148
vt 0.161167 0.587708
vt 0.076924 0.587624
vt 0.360606 0.294598
vt 0.360319 0.320686
vt 0.471991 0.320823
vt 0.472272 0.294872
vt 0.360033 0.346774
vt 0.471710 0.346774
vt 0.248648 0.320549
vt 0.245645 0.525000
vt 0.248940 0.294324
vt 0.414024 0.556312
vt 0.329776 0.556354
vt 0.245528 0.556396
vt 0.161283 0.556354
vt 0.077038 0.556312
vt 0.161398 0.525000
vt 0.077151 0.525000
vt 0.025281 0.320823
vt 0.136964 0.320686
vt 0.137251 0.294598
vt 0.025562 0.294872
vt 0.137828 0.261654
vt 0.026145 0.261792
vt 0.138406 0.228711
vt 0.026728 0.228711
vt 0.249512 0.261517
vt 0.250083 0.228711
vt 0.027509 0.190968
vt 0.139187 0.190968
vt 0.139967 0.153226
vt 0.028290 0.153226
vt 0.250864 0.190968
vt 0.251645 0.153226
vt 0.363323 0.153226
vt 0.362542 0.190968
vt 0.474219 0.190968
vt 0.475000 0.153226
vt 0.361761 0.228711
vt 0.473438 0.228711
vt 0.472855 0.261792
vt 0.361183 0.261654
vt 0.331138 0.862575
vt 0.332900 0.892007
vt 0.417129 0.892083
vt 0.415350 0.862727
vt 0.334661 0.921439
vt 0.418908 0.921439
vt 0.248670 0.891932
vt 0.250414 0.921439
vt 0.246927 0.862424
vt 0.421278 0.948220
vt 0.337032 0.948220
vt 0.339402 0.975000
vt 0.423649 0.975000
vt 0.252785 0.948220
vt 0.255155 0.975000
vt 0.170909 0.975000
vt 0.168538 0.948220
vt 0.084292 0.948220
vt 0.086662 0.975000
vt 0.166168 0.921439
vt 0.081921 0.921439
vt 0.080142 0.892083
vt 0.164406 0.892007
vt 0.162645 0.862575
vt 0.078364 0.862727
vt 0.329100 0.724957
vt 0.329228 0.760546
vt 0.413471 0.760538
vt 0.413338 0.724941
vt 0.329357 0.796135
vt 0.413604 0.796135
vt 0.244986 0.760554
vt 0.245110 0.796135
vt 0.244862 0.724974
vt 0.414477 0.829431
vt 0.330248 0.829355
vt 0.246018 0.829279
vt 0.161754 0.829355
vt 0.077490 0.829431
vt 0.160864 0.796135
vt 0.076617 0.796135
vt 0.076484 0.760538
vt 0.160735 0.760546
vt 0.160607 0.724957
vt 0.076351 0.724941
vt 0.329661 0.587708
vt 0.329470 0.621148
vt 0.413719 0.621107
vt 0.413911 0.587624
vt 0.329280 0.654589
vt 0.413527 0.654589
vt 0.245222 0.621190
vt 0.245033 0.654589
vt 0.245411 0.587791
vt 0.413432 0.689765
vt 0.329190 0.689773
vt 0.244948 0.689781
vt 0.160697 0.689773
vt 0.076446 0.689765
vt 0.160787 0.654589
vt 0.076540 0.654589
vt 0.076732 0.621107
vt 0.160977 0.621148
vt 0.161167 0.587708
vt 0.076924 0.587624
vt 0.360606 0.294598
vt 0.360319 0.320686
vt 0.471991 0.320823
vt 0.472272 0.294872
vt 0.360033 0.346774
vt 0.471710 0.346774
vt 0.248648 0.320549
vt 0.245645 0.525000
vt 0.248940 0.294324
vt 0.414024 0.556312
vt 0.329776 0.556354
vt 0.245528 0.556396
vt 0.161283 0.556354
vt 0.077038 0.556312
vt 0.161398 0.525000
vt 0.077151 0.525000
vt 0.025281 0.320823
vt 0.136964 0.320686
vt 0.137251 0.294598
vt 0.025562 0.294872
vt 0.137828 0.261654
vt 0.026145 0.261792
vt 0.138406 0.228711
vt 0.026728 0.228711
vt 0.249512 0.261517
vt 0.250083 0.228711
vt 0.027509 0.190968
vt 0.139187 0.190968
vt 0.139967 0.153226
vt 0.028290 0.153226
vt 0.250864 0.190968
vt 0.251645 0.153226
vt 0.363323 0.153226
vt 0.362542 0.190968
vt 0.474219 0.190968
vt 0.475000 0.153226
vt 0.361761 0.228711
vt 0.473438 0.228711
vt 0.472855 0.261792
vt 0.361183 0.261654
vt 0.331138 0.862575
vt 0.332900 0.892007
vt 0.417129 0.892083
vt 0.415350 0.862727
vt 0.334661 0.921439
vt 0.418908 0.921439
vt 0.248670 0.891932
vt 0.250414 0.921439
vt 0.246927 0.862424
vt 0.421278 0.948220
vt 0.337032 0.948220
vt 0.339402 0.975000
vt 0.423649 0.975000
vt 0.252785 0.948220
vt 0.255155 0.975000
vt 0.170909 0.975000
vt 0.168538 0.948220
vt 0.084292 0.948220
vt 0.086662 0.975000
vt 0.166168 0.921439
vt 0.081921 0.921439
vt 0.080142 0.892083
vt 0.164406 0.892007
vt 0.162645 0.862575
vt 0.078364 0.862727
vt 0.329100 0.724957
vt 0.329228 0.760546
vt 0.413471 0.760538
vt 0.413338 0.724941
vt 0.329357 0.796135
vt 0.413604 0.796135
vt 0.244986 0.760554
vt 0.245110 0.796135
vt 0.244862 0.724974
vt 0.414477 0.829431
vt 0.330248 0.829355
vt 0.246018 0.829279
vt 0.161754 0.829355
vt 0.077490 0.829431
vt 0.160864 0.796135
vt 0.076617 0.796135
vt 0.076484 0.760538
vt 0.160735 0.760546
vt 0.160607 0.724957
vt 0.076351 0.724941
vt 0.329661 0.587708
vt 0.329470 0.621148
vt 0.413719 0.621107
vt 0.413911 0.587624
vt 0.329280 0.654589
vt 0.413527 0.654589
vt 0.245222 0.621190
vt 0.245033 0.654589
vt 0.245411 0.587791
vt 0.413432 0.689765
vt 0.329190 0.689773
vt 0.244948 0.689781
vt 0.160697 0.689773
vt 0.076446 0.689765
vt 0.160787 0.654589
vt 0.076540 0.654589
vt 0.076732 0.621107
vt 0.160977 0.621148
vt 0.161167 0.587708
vt 0.076924 0.587624
vt 0.360606 0.294598
vt 0.360319 0.320686
vt 0.471991 0.320823
vt 0.472272 0.294872
vt 0.360033 0.346774
vt 0.471710 0.346774
vt 0.248648 0.320549
vt 0.245645 0.525000
vt 0.248940 0.294324
vt 0.414024 0.556312
vt 0.329776 0.556354
vt 0.245528 0.556396
vt 0.161283 0.556354
vt 0.077038 0.556312
vt 0.161398 0.525000
vt 0.077151 0.525000
vt 0.025281 0.320823
vt 0.136964 0.320686
vt 0.137251 0.294598
vt 0.025562 0.294872
vt 0.137828 0.261654
vt 0.026145 0.261792
vt 0.138406 0.228711
vt 0.026728 0.228711
vt 0.249512 0.261517
vt 0.250083 0.228711
vt 0.027509 0.190968
vt 0.139187 0.190968
vt 0.139967 0.153226
vt 0.028290 0.153226
vt 0.250864 0.190968
vt 0.251645 0.153226
vt 0.363323 0.153226
vt 0.362542 0.190968
vt 0.474219 0.190968
vt 0.475000 0.153226
vt 0.361761 0.228711
vt 0.473438 0.228711
vt 0.472855 0.261792
vt 0.361183 0.261654
vt 0.331138 0.862575
vt 0.332900 0.892007
vt 0.417129 0.892083
vt 0.415350 0.862727
vt 0.334661 0.921439
vt 0.418908 0.921439
vt 0.248670 0.891932
vt 0.250414 0.921439
vt 0.246927 0.862424
vt 0.421278 0.948220
vt 0.337032 0.948220
vt 0.339402 0.975000
vt 0.423649 0.975000
vt 0.252785 0.948220
vt 0.255155 0.975000
vt 0.170909 0.975000
vt 0.168538 0.948220
vt 0.084292 0.948220
vt 0.086662 0.975000
vt 0.166168 0.921439
vt 0.081921 0.921439
vt 0.080142 0.892083
vt 0.164406 0.892007
vt 0.162645 0.862575
vt 0.078364 0.862727
vt 0.329100 0.724957
vt 0.329228 0.760546
vt 0.413471 0.760538
vt 0.413338 0.724941
vt 0.329357 0.796135
vt 0.413604 0.796135
vt 0.244986 0.760554
vt 0.245110 0.796135
vt 0.244862 0.724974
vt 0.414477 0.829431
vt 0.330248 0.829355
vt 0.246018 0.829279
vt 0.161754 0.829355
vt 0.077490 0.829431
vt 0.160864 0.796135
vt 0.076617 0.796135
vt 0.076484 0.760538
vt 0.160735 0.760546
vt 0.160607 0.724957
vt 0.076351 0.724941
vt 0.329661 0.587708
vt 0.329470 0.621148
vt 0.413719 0.621107
vt 0.413911 0.587624
vt 0.329280 0.654589
vt 0.413527 0.654589
vt 0.245222 0.621190
vt 0.245033 0.654589
vt 0.245411 0.587791
vt 0.413432 0.689765
vt 0.329190 0.689773
vt 0.244948 0.689781
vt 0.160697 0.689773
vt 0.076446 0.689765
vt 0.160787 0.654589
vt 0.076540 0.654589
vt 0.076732 0.621107
vt 0.160977 0.621148
vt 0.161167 0.587708
vt 0.076924 0.587624
vt 0.360606 0.294598
vt 0.360319 0.320686
vt 0.471991 0.320823
vt 0.472272 0.294872
vt 0.360033 0.346774
vt 0.471710 0.346774
vt 0.248648 0.320549
vt 0.245645 0.525000
vt 0.248940 0.294324
vt 0.414024 0.556312
vt 0.329776 0.556354
vt 0.245528 0.556396
vt 0.161283 0.556354
vt 0.077038 0.556312
vt 0.161398 0.525000
vt 0.077151 0.525000
vt 0.025281 0.320823
vt 0.136964 0.320686
vt 0.137251 0.294598
vt 0.025562 0.294872
vt 0.137828 0.261654
vt 0.026145 0.261792
vt 0.138406 0.228711
vt 0.026728 0.228711
vt 0.249512 0.261517
vt 0.250083 0.228711
vt 0.027509 0.190968
vt 0.139187 0.190968
vt 0.139967 0.153226
vt 0.028290 0.153226
vt 0.250864 0.190968
vt 0.251645 0.153226
vt 0.363323 0.153226
vt 0.362542 0.190968
vt 0.474219 0.190968
vt 0.475000 0.153226
vt 0.361761 0.228711
vt 0.473438 0.228711
vt 0.472855 0.261792
vt 0.361183 0.261654
vt 0.331138 0.862575
vt 0.332900 0.892007
vt 0.417129 0.892083
vt 0.415350 0.862727
vt 0.334661 0.921439
vt 0.418908 0.921439
vt 0.248670 0.891932
vt 0.250414 0.921439
vt 0.246927 0.862424
vt 0.421278 0.948220
vt 0.337032 0.948220
vt 0.339402 0.975000
vt 0.423649 0.975000
vt 0.252785 0.948220
vt 0.255155 0.975000
vt 0.170909 0.975000
vt 0.168538 0.948220
vt 0.084292 0.948220
vt 0.086662 0.975000
vt 0.166168 0.921439
vt 0.081921 0.921439
vt 0.080142 0.892083
vt 0.164406 0.892007
vt 0.162645 0.862575
vt 0.078364 0.862727
vt 0.329100 0.724957
vt 0.329228 0.760546
vt 0.413471 0.760538
vt 0.413338 0.724941
vt 0.329357 0.796135
vt 0.413604 0.796135
vt 0.244986 0.760554
vt 0.245110 0.796135
vt 0.244862 0.724974
vt 0.414477 0.829431
vt 0.330248 0.829355
vt 0.246018 0.829279
vt 0.161754 0.829355
vt 0.077490 0.829431
vt 0.160864 0.796135
vt 0.076617 0.796135
vt 0.076484 0.760538
vt 0.160735 0.760546
vt 0.160607 0.724957
vt 0.076351 0.724941
vt 0.329661 0.587708
vt 0.329470 0.621148
vt 0.413719 0.621107
vt 0.413911 0.587624
vt 0.329280 0.654589
vt 0.413527 0.654589
vt 0.245222 0.621190
vt 0.245033 0.654589
vt 0.245411 0.587791
vt 0.413432 0.689765
vt 0.329190 0.689773
vt 0.244948 0.689781
vt 0.160697 0.689773
vt 0.076446 0.689765
vt 0.160787 0.654589
vt 0.076540 0.654589
vt 0.076732 0.621107
vt 0.160977 0.621148
vt 0.161167 0.587708
vt 0.076924 0.587624
vt 0.360606 0.294598
vt 0.360319 0.320686
vt 0.471991 0.320823
vt 0.472272 0.294872
vt 0.360033 0.346774
vt 0.471710 0.346774
vt 0.248648 0.320549
vt 0.245645 0.525000
vt 0.248940 0.294324
vt 0.414024 0.556312
vt 0.329776 0.556354
vt 0.245528 0.556396
vt 0.161283 0.556354
vt 0.077038 0.556312
vt 0.161398 0.525000
vt 0.077151 0.525000
vt 0.025281 0.320823
vt 0.136964 0.320686
vt 0.137251 0.294598
vt 0.025562 0.294872
vt 0.137828 0.261654
vt 0.026145 0.261792
vt 0.138406 0.228711
vt 0.026728 0.228711
vt 0.249512 0.261517
vt 0.250083 0.228711
vt 0.027509 0.190968
vt 0.139187 0.190968
vt 0.139967 0.153226
vt 0.028290 0.153226
vt 0.250864 0.190968
vt 0.251645 0.153226
vt 0.363323 0.153226
vt 0.362542 0.190968
vt 0.474219 0.190968
vt 0.475000 0.153226
vt 0.361761 0.228711
vt 0.473438 0.228711
vt 0.472855 0.261792
vt 0.361183 0.261654
vt 0.331138 0.862575
vt 0.332900 0.892007
vt 0.417129 0.892083
vt 0.415350 0.862727
vt 0.334661 0.921439
vt 0.418908 0.921439
vt 0.248670 0.891932
vt 0.250414 0.921439
vt 0.246927 0.862424
vt 0.421278 0.948220
vt 0.337032 0.948220
vt 0.339402 0.975000
vt 0.423649 0.975000
vt 0.252785 0.948220
vt 0.255155 0.975000
vt 0.170909 0.975000
vt 0.168538 0.948220
vt 0.084292 0.948220
vt 0.086662 0.975000
vt 0.166168 0.921439
vt 0.081921 0.921439
vt 0.080142 0.892083
vt 0.164406 0.892007
vt 0.162645 0.862575
vt 0.078364 0.862727
vt 0.329100 0.724957
vt 0.329228 0.760546
vt 0.413471 0.760538
vt 0.413338 0.724941
vt 0.329357 0.796135
vt 0.413604 0.796135
vt 0.244986 0.760554
vt 0.245110 0.796135
vt 0.244862 0.724974
vt 0.414477 0.829431
vt 0.330248 0.829355
vt 0.246018 0.829279
vt 0.161754 0.829355
vt 0.077490 0.829431
vt 0.160864 0.796135
vt 0.076617 0.796135
vt 0.076484 0.760538
vt 0.160735 0.760546
vt 0.160607 0.724957
vt 0.076351 0.724941
vt 0.329661 0.587708
vt 0.329470 0.621148
vt 0.413719 0.621107
vt 0.413911 0.587624
vt 0.329280 0.654589
vt 0.413527 0.654589
vt 0.245222 0.621190
vt 0.245033 0.654589
vt 0.245411 0.587791
vt 0.413432 0.689765
vt 0.329190 0.689773
vt 0.244948 0.689781
vt 0.160697 0.689773
vt 0.076446 0.689765
vt 0.160787 0.654589
vt 0.076540 0.654589
vt 0.076732 0.621107
vt 0.160977 0.621148
vt 0.161167 0.587708
vt 0.076924 0.587624
vt 0.360606 0.294598
vt 0.360319 0.320686
vt 0.471991 0.320823
vt 0.472272 0.294872
vt 0.360033 0.346774
vt 0.471710 0.346774
vt 0.248648 0.320549
vt 0.245645 0.525000
vt 0.248940 0.294324
vt 0.414024 0.556312
vt 0.329776 0.556354
vt 0.245528 0.556396
vt 0.161283 0.556354
vt 0.077038 0.556312
vt 0.161398 0.525000
vt 0.077151 0.525000
vt 0.025281 0.320823
vt 0.136964 0.320686
vt 0.137251 0.294598
vt 0.025562 0.294872
vt 0.137828 0.261654
vt 0.026145 0.261792
vt 0.138406 0.228711
vt 0.026728 0.228711
vt 0.249512 0.261517
vt 0.250083 0.228711
vt 0.027509 0.190968
vt 0.139187 0.190968
vt 0.139967 0.153226
vt 0.028290 0.153226
vt 0.250864 0.190968
vt 0.251645 0.153226
vt 0.363323 0.153226
vt 0.362542 0.190968
vt 0.474219 0.190968
vt 0.475000 0.153226
vt 0.361761 0.228711
vt 0.473438 0.228711
vt 0.472855 0.261792
vt 0.361183 0.261654
vt 0.331138 0.862575
vt 0.332900 0.892007
vt 0.417129 0.892083
vt 0.415350 0.862727
vt 0.334661 0.921439
vt 0.418908 0.921439
vt 0.248670 0.891932
vt 0.250414 0.921439
vt 0.246927 0.862424
vt 0.421278 0.948220
vt 0.337032 0.948220
vt 0.339402 0.975000
vt 0.423649 0.975000
vt 0.252785 0.948220
vt 0.255155 0.975000
vt 0.170909 0.975000
vt 0.168538 0.948220
vt 0.084292 0.948220
vt 0.086662 0.975000
vt 0.166168 0.921439
vt 0.081921 0.921439
vt 0.080142 0.892083
vt 0.164406 0.892007
vt 0.162645 0.862575
vt 0.078364 0.862727
vt 0.329100 0.724957
vt 0.329228 0.760546
vt 0.413471 0.760538
vt 0.413338 0.724941
vt 0.329357 0.796135
vt 0.413604 0.796135
vt 0.244986 0.760554
vt 0.245110 0.796135
vt 0.244862 0.724974
vt 0.414477 0.829431
vt 0.330248 0.829355
vt 0.246018 0.829279
vt 0.161754 0.829355
vt 0.077490 0.829431
vt 0.160864 0.796135
vt 0.076617 0.796135
vt 0.076484 0.760538
vt 0.160735 0.760546
vt 0.160607 0.724957
vt 0.076351 0.724941
vt 0.329661 0.587708
vt 0.329470 0.621148
vt 0.413719 0.621107
vt 0.413911 0.587624
vt 0.329280 0.654589
vt 0.413527 0.654589
vt 0.245222 0.621190
vt 0.245033 0.654589
vt 0.245411 0.587791
vt 0.413432 0.689765
vt 0.329190 0.689773
vt 0.244948 0.689781
vt 0.160697 0.689773
vt 0.076446 0.689765
vt 0.160787 0.654589
vt 0.076540 0.654589
vt 0.076732 0.621107
vt 0.160977 0.621148
vt 0.161167 0.587708
vt 0.076924 0.587624
vt 0.360606 0.294598
vt 0.360319 0.320686
vt 0.471991 0.320823
vt 0.472272 0.294872
vt 0.360033 0.346774
vt 0.471710 0.346774
vt 0.248648 0.320549
vt 0.245645 0.525000
vt 0.248940 0.294324
vt 0.414024 0.556312
vt 0.329776 0.556354
vt 0.245528 0.556396
vt 0.161283 0.556354
vt 0.077038 0.556312
vt 0.161398 0.525000
vt 0.077151 0.525000
vt 0.025281 0.320823
vt 0.136964 0.320686
vt 0.137251 0.294598
vt 0.025562 0.294872
vt 0.137828 0.261654
vt 0.026145 0.261792
vt 0.138406 0.228711
vt 0.026728 0.228711
vt 0.249512 0.261517
vt 0.250083 0.228711
vt 0.027509 0.190968
vt 0.139187 0.190968
vt 0.139967 0.153226
vt 0.028290 0.153226
vt 0.250864 0.190968
vt 0.251645 0.153226
vt 0.363323 0.153226
vt 0.362542 0.190968
vt 0.474219 0.190968
vt 0.475000 0.153226
vt 0.361761 0.228711
vt 0.473438 0.228711
vt 0.472855 0.261792
vt 0.361183 0.261654
vt 0.331138 0.862575
vt 0.332900 0.892007
vt 0.417129 0.892083
vt 0.415350 0.862727
vt 0.334661 0.921439
vt 0.418908 0.921439
vt 0.248670 0.891932
vt 0.250414 0.921439
vt 0.246927 0.862424
vt 0.421278 0.948220
vt 0.337032 0.948220
vt 0.339402 0.975000
vt 0.423649 0.975000
vt 0.252785 0.948220
vt 0.255155 0.975000
vt 0.170909 0.975000
vt 0.168538 0.948220
vt 0.084292 0.948220
vt 0.086662 0.975000
vt 0.166168 0.921439
vt 0.081921 0.921439
vt 0.080142 0.892083
vt 0.164406 0.892007
vt 0.162645 0.862575
vt 0.078364 0.862727
vt 0.329100 0.724957
vt 0.329228 0.760546
vt 0.413471 0.760538
vt 0.413338 0.724941
vt 0.329357 0.796135
vt 0.413604 0.796135
vt 0.244986 0.760554
vt 0.245110 0.796135
vt 0.244862 0.724974
vt 0.414477 0.829431
vt 0.330248 0.829355
vt 0.246018 0.829279
vt 0.161754 0.829355
vt 0.077490 0.829431
vt 0.160864 0.796135
vt 0.076617 0.796135
vt 0.076484 0.760538
vt 0.160735 0.760546
vt 0.160607 0.724957
vt 0.076351 0.724941
vt 0.329661 0.587708
vt 0.329470 0.621148
vt 0.413719 0.621107
vt 0.413911 0.587624
vt 0.329280 0.654589
vt 0.413527 0.654589
vt 0.245222 0.621190
vt 0.245033 0.654589
vt 0.245411 0.587791
vt 0.413432 0.689765
vt 0.329190 0.689773
vt 0.244948 0.689781
vt 0.160697 0.689773
vt 0.076446 0.689765
vt 0.160787 0.654589
vt 0.076540 0.654589
vt 0.076732 0.621107
vt 0.160977 0.621148
vt 0.161167 0.587708
vt 0.076924 0.587624
vt 0.360606 0.294598
vt 0.360319 0.320686
vt 0.471991 0.320823
vt 0.472272 0.294872
vt 0.360033 0.346774
vt 0.471710 0.346774
vt 0.248648 0.320549
vt 0.245645 0.525000
vt 0.248940 0.294324
vt 0.414024 0.556312
vt 0.329776 0.556354
vt 0.245528 0.556396
vt 0.161283 0.556354
vt 0.077038 0.556312
vt 0.161398 0.525000
vt 0.077151 0.525000
vt 0.025281 0.320823
vt 0.136964 0.320686
vt 0.137251 0.294598
vt 0.025562 0.294872
vt 0.137828 0.261654
vt 0.026145 0.261792
vt 0.138406 0.228711
vt 0.026728 0.228711
vt 0.249512 0.261517
vt 0.250083 0.228711
vt 0.027509 0.190968
vt 0.139187 0.190968
vt 0.139967 0.153226
vt 0.028290 0.153226
vt 0.250864 0.190968
vt 0.251645 0.153226
vt 0.363323 0.153226
vt 0.362542 0.190968
vt 0.474219 0.190968
vt 0.475000 0.153226
vt 0.361761 0.228711
vt 0.473438 0.228711
vt 0.472855 0.261792
vt 0.361183 0.261654

o name 2
usemtl Material
usemap Material
f 2837/2837 2836/2836 2838/2838
f 2839/2839 2838/2838 2836/2836
f 2837/2837 2838/2838 2840/2840
f 2841/2841 2840/2840 2838/2838
f 2837/2837 2840/2840 2842/2842
f 2843/2843 2842/2842 2840/2840
f 2837/2837 2842/2842 2836/2836
f 2844/2844 2836/2836 2842/2842
f 2846/2846 2845/2845 2847/2847
f 2848/2848 2847/2847 2845/2845
f 2846/2846 2847/2847 2849/2849
f 2850/2850 2849/2849 2847/2847
f 2846/2846 2849/2849 2840/2840
f 2843/2843 2840/2840 2849/2849
f 2846/2846 2840/2840 2845/2845
f 2841/2841 2845/2845 2840/2840
f 2852/2852 2851/2851 2853/2853
f 2854/2854 2853/2853 2851/2851
f 2852/2852 2853/2853 2855/2855
f 2856/2856 2855/2855 2853/2853
f 2852/2852 2855/2855 2849/2849
f 2843/2843 2849/2849 2855/2855
f 2852/2852 2849/2849 2851/2851
f 2850/2850 2851/2851 2849/2849
f 2858/2858 2857/2857 2859/2859
f 2860/2860 2859/2859 2857/2857
f 2858/2858 2859/2859 2842/2842
f 2844/2844 2842/2842 2859/2859
f 2858/2858 2842/2842 2855/2855
f 2843/2843 2855/2855 2842/2842
f 2858/2858 2855/2855 2857/2857
f 2856/2856 2857/2857 2855/2855
f 2862/2862 2861/2861 2863/2863
f 2864/2864 2863/2863 2861/2861
f 2862/2862 2863/2863 2865/2865
f 2866/2866 2865/2865 2863/2863
f 2862/2862 2865/2865 2867/2867
f 2868/2868 2867/2867 2865/2865
f 2862/2862 2867/2867 2861/2861
f 2869/2869 2861/2861 2867/2867
f 2871/2871 2870/2870 2836/2836
f 2839/2839 2836/2836 2870/2870
f 2871/2871 2836/2836 2872/2872
f 2844/2844 2872/2872 2836/2836
f 2871/2871 2872/2872 2865/2865
f 2868/2868 2865/2865 2872/2872
f 2871/2871 2865/2865 2870/2870
f 2866/2866 2870/2870 2865/2865
f 2873/2873 2859/2859 2874/2874
f 2860/2860 2874/2874 2859/2859
f 2873/2873 2874/2874 2875/2875
f 2876/2876 2875/2875 2874/2874
f 2873/2873 2875/2875 2872/2872
f 2868/2868 2872/2872 2875/2875
f 2873/2873 2872/2872 2859/2859
f 2844/2844 2859/2859 2872/2872
f 2878/2878 2877/2877 2879/2879
f 2880/2880 2879/2879 2877/2877
f 2878/2878 2879/2879 2867/2867
f 2869/2869 2867/2867 2879/2879
f 2878/2878 2867/2867 2875/2875
f 2868/2868 2875/2875 2867/2867
f 2878/2878 2875/2875 2877/2877
f 2876/2876 2877/2877 2875/2875
f 2882/2882 2881/2881 2883/2883
f 2884/2884 2883/2883 2881/2881
f 2882/2882 2883/2883 2885/2885
f 2886/2886 2885/2885 2883/2883
f 2882/2882 2885/2885 2887/2887
f 2888/2888 2887/2887 2885/2885
f 2882/2882 2887/2887 2881/2881
f 2889/2889 2881/2881 2887/2887
f 2891/2891 2890/2890 2861/2861
f 2864/2864 2861/2861 2890/2890
f 2891/2891 2861/2861 2892/2892
f 2869/2869 2892/2892 2861/2861
f 2891/2891 2892/2892 2885/2885
f 2888/2888 2885/2885 2892/2892
f 2891/2891 2885/2885 2890/2890
f 2886/2886 2890/2890 2885/2885
f 2893/2893 2879/2879 2894/2894
f 2880/2880 2894/2894 2879/2879
f 2893/2893 2894/2894 2895/2895
f 2896/2896 2895/2895 2894/2894
f 2893/2893 2895/2895 2892/2892
f 2888/2888 2892/2892 2895/2895
f 2893/2893 2892/2892 2879/2879
f 2869/2869 2879/2879 2892/2892
f 2898/2898 2897/2897 2899/2899
f 2900/2900 2899/2899 2897/2897
f 2898/2898 2899/2899 2887/2887
f 2889/2889 2887/2887 2899/2899
f 2898/2898 2887/2887 2895/2895
f 2888/2888 2895/2895 2887/2887
f 2898/2898 2895/2895 2897/2897
f 2896/2896 2897/2897 2895/2895
f 2902/2902 2901/2901 2903/2903
f 2904/2904 2903/2903 2901/2901
f 2902/2902 2903/2903 2905/2905
f 2906/2906 2905/2905 2903/2903
f 2902/2902 2905/2905 2907/2907
f 2908/2908 2907/2907 2905/2905
f 2902/2902 2907/2907 2901/2901
f 2909/2909 2901/2901 2907/2907
f 2911/2911 2910/2910 2881/2881
f 2884/2884 2881/2881 2910/2910
f 2911/2911 2881/2881 2912/2912
f 2889/2889 2912/2912 2881/2881
f 2911/2911 2912/2912 2905/2905
f 2908/2908 2905/2905 2912/2912
f 2911/2911 2905/2905 2910/2910
f 2906/2906 2910/2910 2905/2905
f 2913/2913 2899/2899 2914/2914
f 2900/2900 2914/2914 2899/2899
f 2913/2913 2914/2914 2915/2915
f 2916/2916 2915/2915 2914/2914
f 2913/2913 2915/2915 2912/2912
f 2908/2908 2912/2912 2915/2915
f 2913/2913 2912/2912 2899/2899
f 2889/2889 2899/2899 2912/2912
f 2918/2918 2917/2917 2919/2919
f 2920/2920 2919/2919 2917/2917
f 2918/2918 2919/2919 2907/2907
f 2909/2909 2907/2907 2919/2919
f 2918/2918 2907/2907 2915/2915
f 2908/2908 2915/2915 2907/2907
f 2918/2918 2915/2915 2917/2917
f 2916/2916 2917/2917 2915/2915
f 2921/2921 2919/2919 2922/2922
f 2920/2920 2922/2922 2919/2919
f 2921/2921 2922/2922 2923/2923
f 2924/2924 2923/2923 2922/2922
f 2921/2921 2923/2923 2925/2925
f 2926/2926 2925/2925 2923/2923
f 2921/2921 2925/2925 2919/2919
f 2909/2909 2919/2919 2925/2925
f 2928/2928 2927/2927 2929/2929
f 2930/2930 2929/2929 2927/2927
f 2928/2928 2929/2929 2931/2931
f 2932/2932 2931/2931 2929/2929
f 2928/2928 2931/2931 2923/2923
f 2926/2926 2923/2923 2931/2931
f 2928/2928 2923/2923 2927/2927
f 2924/2924 2927/2927 2923/2923
f 2934/2934 2933/2933 2935/2935
f 2936/2936 2935/2935 2933/2933
f 2934/2934 2935/2935 2937/2937
f 2938/2938 2937/2937 2935/2935
f 2934/2934 2937/2937 2931/2931
f 2926/2926 2931/2931 2937/2937
f 2934/2934 2931/2931 2933/2933
f 2932/2932 2933/2933 2931/2931
f 2940/2940 2939/2939 2901/2901
f 2904/2904 2901/2901 2939/2939
f 2940/2940 2901/2901 2925/2925
f 2909/2909 2925/2925 2901/2901
f 2940/2940 2925/2925 2937/2937
f 2926/2926 2937/2937 2925/2925
f 2940/2940 2937/2937 2939/2939
f 2938/2938 2939/2939 2937/2937
f 2942/2942 2941/2941 2943/2943
f 2944/2944 2943/2943 2941/2941
f 2942/2942 2943/2943 2945/2945
f 2946/2946 2945/2945 2943/2943
f 2942/2942 2945/2945 2947/2947
f 2948/2948 2947/2947 2945/2945
f 2942/2942 2947/2947 2941/2941
f 2949/2949 2941/2941 2947/2947
f 2951/2951 2950/2950 2952/2952
f 2953/2953 2952/2952 2950/2950
f 2951/2951 2952/2952 2954/2954
f 2955/2955 2954/2954 2952/2952
f 2951/2951 2954/2954 2945/2945
f 2948/2948 2945/2945 2954/2954
f 2951/2951 2945/2945 2950/2950
f 2946/2946 2950/2950 2945/2945
f 2957/2957 2956/2956 2958/2958
f 2959/2959 2958/2958 2956/2956
f 2957/2957 2958/2958 2960/2960
f 2961/2961 2960/2960 2958/2958
f 2957/2957 2960/2960 2954/2954
f 2948/2948 2954/2954 2960/2960
f 2957/2957 2954/2954 2956/2956
f 2955/2955 2956/2956 2954/2954
f 2963/2963 2962/2962 2964/2964
f 2965/2965 2964/2964 2962/2962
f 2963/2963 2964/2964 2947/2947
f 2949/2949 2947/2947 2964/2964
f 2963/2963 2947/2947 2960/2960
f 2948/2948 2960/2960 2947/2947
f 2963/2963 2960/2960 2962/2962
f 2961/2961 2962/2962 2960/2960
f 2967/2967 2966/2966 2968/2968
f 2969/2969 2968/2968 2966/2966
f 2967/2967 2968/2968 2970/2970
f 2971/2971 2970/2970 2968/2968
f 2967/2967 2970/2970 2972/2972
f 2973/2973 2972/2972 2970/2970
f 2967/2967 2972/2972 2966/2966
f 2974/2974 2966/2966 2972/2972
f 2976/2976 2975/2975 2941/2941
f 2944/2944 2941/2941 2975/2975
f 2976/2976 2941/2941 2977/2977
f 2949/2949 2977/2977 2941/2941
f 2976/2976 2977/2977 2970/2970
f 2973/2973 2970/2970 2977/2977
f 2976/2976 2970/2970 2975/2975
f 2971/2971 2975/2975 2970/2970
f 2978/2978 2964/2964 2979/2979
f 2965/2965 2979/2979 2964/2964
f 2978/2978 2979/2979 2980/2980
f 2981/2981 2980/2980 2979/2979
f 2978/2978 2980/2980 2977/2977
f 2973/2973 2977/2977 2980/2980
f 2978/2978 2977/2977 2964/2964
f 2949/2949 2964/2964 2977/2977
f 2983/2983 2982/2982 2984/2984
f 2985/2985 2984/2984 2982/2982
f 2983/2983 2984/2984 2972/2972
f 2974/2974 2972/2972 2984/2984
f 2983/2983 2972/2972 2980/2980
f 2973/2973 2980/2980 2972/2972
f 2983/2983 2980/2980 2982/2982
f 2981/2981 2982/2982 2980/2980
f 2987/2987 2986/2986 2988/2988
f 2989/2989 2988/2988 2986/2986
f 2987/2987 2988/2988 2990/2990
f 2991/2991 2990/2990 2988/2988
f 2987/2987 2990/2990 2992/2992
f 2993/2993 2992/2992 2990/2990
f 2987/2987 2992/2992 2986/2986
f 2994/2994 2986/2986 2992/2992
f 2996/2996 2995/2995 2966/2966
f 2969/2969 2966/2966 2995/2995
f 2996/2996 2966/2966 2997/2997
f 2974/2974 2997/2997 2966/2966
f 2996/2996 2997/2997 2990/2990
f 2993/2993 2990/2990 2997/2997
f 2996/2996 2990/2990 2995/2995
f 2991/2991 2995/2995 2990/2990
f 2998/2998 2984/2984 2999/2999
f 2985/2985 2999/2999 2984/2984
f 2998/2998 2999/2999 3000/3000
f 3001/3001 3000/3000 2999/2999
f 2998/2998 3000/3000 2997/2997
f 2993/2993 2997/2997 3000/3000
f 2998/2998 2997/2997 2984/2984
f 2974/2974 2984/2984 2997/2997
f 3003/3003 3002/3002 3004/3004
f 3005/3005 3004/3004 3002/3002
f 3003/3003 3004/3004 2992/2992
f 2994/2994 2992/2992 3004/3004
f 3003/3003 2992/2992 3000/3000
f 2993/2993 3000/3000 2992/2992
f 3003/3003 3000/3000 3002/3002
f 3001/3001 3002/3002 3000/3000
f 3007/3007 3006/3006 3008/3008
f 3009/3009 3008/3008 3006/3006
f 3007/3007 3008/3008 3010/3010
f 3011/3011 3010/3010 3008/3008
f 3007/3007 3010/3010 3012/3012
f 3013/3013 3012/3012 3010/3010
f 3007/3007 3012/3012 3006/3006
f 3014/3014 3006/3006 3012/3012
f 3016/3016 3015/3015 2986/2986
f 2989/2989 2986/2986 3015/3015
f 3016/3016 2986/2986 3017/3017
f 2994/2994 3017/3017 2986/2986
f 3016/3016 3017/3017 3010/3010
f 3013/3013 3010/3010 3017/3017
f 3016/3016 3010/3010 3015/3015
f 3011/3011 3015/3015 3010/3010
f 3018/3018 3004/3004 3019/3019
f 3005/3005 3019/3019 3004/3004
f 3018/3018 3019/3019 3020/3020
f 3021/3021 3020/3020 3019/3019
f 3018/3018 3020/3020 3017/3017
f 3013/3013 3017/3017 3020/3020
f 3018/3018 3017/3017 3004/3004
f 2994/2994 3004/3004 3017/3017
f 3023/3023 3022/3022 3024/3024
f 3025/3025 3024/3024 3022/3022
f 3023/3023 3024/3024 3012/3012
f 3014/3014 3012/3012 3024/3024
f 3023/3023 3012/3012 3020/3020
f 3013/3013 3020/3020 3012/3012
f 3023/3023 3020/3020 3022/3022
f 3021/3021 3022/3022 3020/3020
f 3026/3026 3024/3024 3027/3027
f 3025/3025 3027/3027 3024/3024
f 3026/3026 3027/3027 3028/3028
f 3029/3029 3028/3028 3027/3027
f 3026/3026 3028/3028 3030/3030
f 3031/3031 3030/3030 3028/3028
f 3026/3026 3030/3030 3024/3024
f 3014/3014 3024/3024 3030/3030
f 3033/3033 3032/3032 3034/3034
f 3035/3035 3034/3034 3032/3032
f 3033/3033 3034/3034 3036/3036
f 3037/3037 3036/3036 3034/3034
f 3033/3033 3036/3036 3028/3028
f 3031/3031 3028/3028 3036/3036
f 3033/3033 3028/3028 3032/3032
f 3029/3029 3032/3032 3028/3028
f 3039/3039 3038/3038 3040/3040
f 3041/3041 3040/3040 3038/3038
f 3039/3039 3040/3040 3042/3042
f 3043/3043 3042/3042 3040/3040
f 3039/3039 3042/3042 3036/3036
f 3031/3031 3036/3036 3042/3042
f 3039/3039 3036/3036 3038/3038
f 3037/3037 3038/3038 3036/3036
f 3045/3045 3044/3044 3006/3006
f 3009/3009 3006/3006 3044/3044
f 3045/3045 3006/3006 3030/3030
f 3014/3014 3030/3030 3006/3006
f 3045/3045 3030/3030 3042/3042
f 3031/3031 3042/3042 3030/3030
f 3045/3045 3042/3042 3044/3044
f 3043/3043 3044/3044 3042/3042
f 3047/3047 3046/3046 3048/3048
f 3049/3049 3048/3048 3046/3046
f 3047/3047 3048/3048 3050/3050
f 3051/3051 3050/3050 3048/3048
f 3047/3047 3050/3050 3052/3052
f 3053/3053 3052/3052 3050/3050
f 3047/3047 3052/3052 3046/3046
f 3054/3054 3046/3046 3052/3052
f 3056/3056 3055/3055 3057/3057
f 3058/3058 3057/3057 3055/3055
f 3056/3056 3057/3057 3059/3059
f 3060/3060 3059/3059 3057/3057
f 3056/3056 3059/3059 3050/3050
f 3053/3053 3050/3050 3059/3059
f 3056/3056 3050/3050 3055/3055
f 3051/3051 3055/3055 3050/3050
f 3062/3062 3061/3061 3063/3063
f 3064/3064 3063/3063 3061/3061
f 3062/3062 3063/3063 3065/3065
f 3066/3066 3065/3065 3063/3063
f 3062/3062 3065/3065 3059/3059
f 3053/3053 3059/3059 3065/3065
f 3062/3062 3059/3059 3061/3061
f 3060/3060 3061/3061 3059/3059
f 3068/3068 3067/3067 3069/3069
f 3070/3070 3069/3069 3067/3067
f 3068/3068 3069/3069 3052/3052
f 3054/3054 3052/3052 3069/3069
f 3068/3068 3052/3052 3065/3065
f 3053/3053 3065/3065 3052/3052
f 3068/3068 3065/3065 3067/3067
f 3066/3066 3067/3067 3065/3065
f 3072/3072 3071/3071 3073/3073
f 3074/3074 3073/3073 3071/3071
f 3072/3072 3073/3073 3075/3075
f 3076/3076 3075/3075 3073/3073
f 3072/3072 3075/3075 3077/3077
f 3078/3078 3077/3077 3075/3075
f 3072/3072 3077/3077 3071/3071
f 3079/3079 3071/3071 3077/3077
f 3081/3081 3080/3080 3046/3046
f 3049/3049 3046/3046 3080/3080
f 3081/3081 3046/3046 3082/3082
f 3054/3054 3082/3082 3046/3046
f 3081/3081 3082/3082 3075/3075
f 3078/3078 3075/3075 3082/3082
f 3081/3081 3075/3075 3080/3080
f 3076/3076 3080/3080 3075/3075
f 3083/3083 3069/3069 3084/3084
f 3070/3070 3084/3084 3069/3069
f 3083/3083 3084/3084 3085/3085
f 3086/3086 3085/3085 3084/3084
f 3083/3083 3085/3085 3082/3082
f 3078/3078 3082/3082 3085/3085
f 3083/3083 3082/3082 3069/3069
f 3054/3054 3069/3069 3082/3082
f 3088/3088 3087/3087 3089/3089
f 3090/3090 3089/3089 3087/3087
f 3088/3088 3089/3089 3077/3077
f 3079/3079 3077/3077 3089/3089
f 3088/3088 3077/3077 3085/3085
f 3078/3078 3085/3085 3077/3077
f 3088/3088 3085/3085 3087/3087
f 3086/3086 3087/3087 3085/3085
f 3092/3092 3091/3091 3093/3093
f 3094/3094 3093/3093 3091/3091
f 3092/3092 3093/3093 3095/3095
f 3096/3096 3095/3095 3093/3093
f 3092/3092 3095/3095 3097/3097
f 3098/3098 3097/3097 3095/3095
f 3092/3092 3097/3097 3091/3091
f 3099/3099 3091/3091 3097/3097
f 3101/3101 3100/3100 3071/3071
f 3074/3074 3071/3071 3100/3100
f 3101/3101 3071/3071 3102/3102
f 3079/3079 3102/3102 3071/3071
f 3101/3101 3102/3102 3095/3095
f 3098/3098 3095/3095 3102/3102
f 3101/3101 3095/3095 3100/3100
f 3096/3096 3100/3100 3095/3095
f 3103/3103 3089/3089 3104/3104
f 3090/3090 3104/3104 3089/3089
f 3103/3103 3104/3104 3105/3105
f 3106/3106 3105/3105 3104/3104
f 3103/3103 3105/3105 3102/3102
f 3098/3098 3102/3102 3105/3105
f 3103/3103 3102/3102 3089/3089
f 3079/3079 3089/3089 3102/3102
f 3108/3108 3107/3107 3109/3109
f 3110/3110 3109/3109 3107/3107
f 3108/3108 3109/3109 3097/3097
f 3099/3099 3097/3097 3109/3109
f 3108/3108 3097/3097 3105/3105
f 3098/3098 3105/3105 3097/3097
f 3108/3108 3105/3105 3107/3107
f 3106/3106 3107/3107 3105/3105
f 3112/3112 3111/3111 3113/3113
f 3114/3114 3113/3113 3111/3111
f 3112/3112 3113/3113 3115/3115
f 3116/3116 3115/3115 3113/3113
f 3112/3112 3115/3115 3117/3117
f 3118/3118 3117/3117 3115/3115
f 3112/3112 3117/3117 3111/3111
f 3119/3119 3111/3111 3117/3117
f 3121/3121 3120/3120 3091/3091
f 3094/3094 3091/3091 3120/3120
f 3121/3121 3091/3091 3122/3122
f 3099/3099 3122/3122 3091/3091
f 3121/3121 3122/3122 3115/3115
f 3118/3118 3115/3115 3122/3122
f 3121/3121 3115/3115 3120/3120
f 3116/3116 3120/3120 3115/3115
f 3123/3123 3109/3109 3124/3124
f 3110/3110 3124/3124 3109/3109
f 3123/3123 3124/3124 3125/3125
f 3126/3126 3125/3125 3124/3124
f 3123/3123 3125/3125 3122/3122
f 3118/3118 3122/3122 3125/3125
f 3123/3123 3122/3122 3109/3109
f 3099/3099 3109/3109 3122/3122
f 3128/3128 3127/3127 3129/3129
f 3130/3130 3129/3129 3127/3127
f 3128/3128 3129/3129 3117/3117
f 3119/3119 3117/3117 3129/3129
f 3128/3128 3117/3117 3125/3125
f 3118/3118 3125/3125 3117/3117
f 3128/3128 3125/3125 3127/3127
f 3126/3126 3127/3127 3125/3125
f 3131/3131 3129/3129 3132/3132
f 3130/3130 3132/3132 3129/3129
f 3131/3131 3132/3132 3133/3133
f 3134/3134 3133/3133 3132/3132
f 3131/3131 3133/3133 3135/3135
f 3136/3136 3135/3135 3133/3133
f 3131/3131 3135/3135 3129/3129
f 3119/3119 3129/3129 3135/3135
f 3138/3138 3137/3137 3139/3139
f 3140/3140 3139/3139 3137/3137
f 3138/3138 3139/3139 3141/3141
f 3142/3142 3141/3141 3139/3139
f 3138/3138 3141/3141 3133/3133
f 3136/3136 3133/3133 3141/3141
f 3138/3138 3133/3133 3137/3137
f 3134/3134 3137/3137 3133/3133
f 3144/3144 3143/3143 3145/3145
f 3146/3146 3145/3145 3143/3143
f 3144/3144 3145/3145 3147/3147
f 3148/3148 3147/3147 3145/3145
f 3144/3144 3147/3147 3141/3141
f 3136/3136 3141/3141 3147/3147
f 3144/3144 3141/3141 3143/3143
f 3142/3142 3143/3143 3141/3141
f 3150/3150 3149/3149 3111/3111
f 3114/3114 3111/3111 3149/3149
f 3150/3150 3111/3111 3135/3135
f 3119/3119 3135/3135 3111/3111
f 3150/3150 3135/3135 3147/3147
f 3136/3136 3147/3147 3135/3135
f 3150/3150 3147/3147 3149/3149
f 3148/3148 3149/3149 3147/3147
f 3152/3152 3151/3151 3153/3153
f 3154/3154 3153/3153 3151/3151
f 3152/3152 3153/3153 3155/3155
f 3156/3156 3155/3155 3153/3153
f 3152/3152 3155/3155 3157/3157
f 3158/3158 3157/3157 3155/3155
f 3152/3152 3157/3157 3151/3151
f 3159/3159 3151/3151 3157/3157
f 3161/3161 3160/3160 3162/3162
f 3163/3163 3162/3162 3160/3160
f 3161/3161 3162/3162 3164/3164
f 3165/3165 3164/3164 3162/3162
f 3161/3161 3164/3164 3155/3155
f 3158/3158 3155/3155 3164/3164
f 3161/3161 3155/3155 3160/3160
f 3156/3156 3160/3160 3155/3155
f 3167/3167 3166/3166 3168/3168
f 3169/3169 3168/3168 3166/3166
f 3167/3167 3168/3168 3170/3170
f 3171/3171 3170/3170 3168/3168
f 3167/3167 3170/3170 3164/3164
f 3158/3158 3164/3164 3170/3170
f 3167/3167 3164/3164 3166/3166
f 3165/3165 3166/3166 3164/3164
f 3173/3173 3172/3172 3174/3174
f 3175/3175 3174/3174 3172/3172
f 3173/3173 3174/3174 3157/3157
f 3159/3159 3157/3157 3174/3174
f 3173/3173 3157/3157 3170/3170
f 3158/3158 3170/3170 3157/3157
f 3173/3173 3170/3170 3172/3172
f 3171/3171 3172/3172 3170/3170
f 3177/3177 3176/3176 3178/3178
f 3179/3179 3178/3178 3176/3176
f 3177/3177 3178/3178 3180/3180
f 3181/3181 3180/3180 3178/3178
f 3177/3177 3180/3180 3182/3182
f 3183/3183 3182/3182 3180/3180
f 3177/3177 3182/3182 3176/3176
f 3184/3184 3176/3176 3182/3182
f 3186/3186 3185/3185 3151/3151
f 3154/3154 3151/3151 3185/3185
f 3186/3186 3151/3151 3187/3187
f 3159/3159 3187/3187 3151/3151
f 3186/3186 3187/3187 3180/3180
f 3183/3183 3180/3180 3187/3187
f 3186/3186 3180/3180 3185/3185
f 3181/3181 3185/3185 3180/3180
f 3188/3188 3174/3174 3189/3189
f 3175/3175 3189/3189 3174/3174
f 3188/3188 3189/3189 3190/3190
f 3191/3191 3190/3190 3189/3189
f 3188/3188 3190/3190 3187/3187
f 3183/3183 3187/3187 3190/3190
f 3188/3188 3187/3187 3174/3174
f 3159/3159 3174/3174 3187/3187
f 3193/3193 3192/3192 3194/3194
f 3195/3195 3194/3194 3192/3192
f 3193/3193 3194/3194 3182/3182
f 3184/3184 3182/3182 3194/3194
f 3193/3193 3182/3182 3190/3190
f 3183/3183 3190/3190 3182/3182
f 3193/3193 3190/3190 3192/3192
f 3191/3191 3192/3192 3190/3190
f 3197/3197 3196/3196 3198/3198
f 3199/3199 3198/3198 3196/3196
f 3197/3197 3198/3198 3200/3200
f 3201/3201 3200/3200 3198/3198
f 3197/3197 3200/3200 3202/3202
f 3203/3203 3202/3202 3200/3200
f 3197/3197 3202/3202 3196/3196
f 3204/3204 3196/3196 3202/3202
f 3206/3206 3205/3205 3176/3176
f 3179/3179 3176/3176 3205/3205
f 3206/3206 3176/3176 3207/3207
f 3184/3184 3207/3207 3176/3176
f 3206/3206 3207/3207 3200/3200
f 3203/3203 3200/3200 3207/3207
f 3206/3206 3200/3200 3205/3205
f 3201/3201 3205/3205 3200/3200
f 3208/3208 3194/3194 3209/3209
f 3195/3195 3209/3209 3194/3194
f 3208/3208 3209/3209 3210/3210
f 3211/3211 3210/3210 3209/3209
f 3208/3208 3210/3210 3207/3207
f 3203/3203 3207/3207 3210/3210
f 3208/3208 3207/3207 3194/3194
f 3184/3184 3194/3194 3207/3207
f 3213/3213 3212/3212 3214/3214
f 3215/3215 3214/3214 3212/3212
f 3213/3213 3214/3214 3202/3202
f 3204/3204 3202/3202 3214/3214
f 3213/3213 3202/3202 3210/3210
f 3203/3203 3210/3210 3202/3202
f 3213/3213 3210/3210 3212/3212
f 3211/3211 3212/3212 3210/3210
f 3217/3217 3216/3216 3218/3218
f 3219/3219 3218/3218 3216/3216
f 3217/3217 3218/3218 3220/3220
f 3221/3221 3220/3220 3218/3218
f 3217/3217 3220/3220 3222/3222
f 3223/3223 3222/3222 3220/3220
f 3217/3217 3222/3222 3216/3216
f 3224/3224 3216/3216 3222/3222
f 3226/3226 3225/3225 3196/3196
f 3199/3199 3196/3196 3225/3225
f 3226/3226 3196/3196 3227/3227
f 3204/3204 3227/3227 3196/3196
f 3226/3226 3227/3227 3220/3220
f 3223/3223 3220/3220 3227/3227
f 3226/3226 3220/3220 3225/3225
f 3221/3221 3225/3225 3220/3220
f 3228/3228 3214/3214 3229/3229
f 3215/3215 3229/3229 3214/3214
f 3228/3228 3229/3229 3230/3230
f 3231/3231 3230/3230 3229/3229
f 3228/3228 3230/3230 3227/3227
f 3223/3223 3227/3227 3230/3230
f 3228/3228 3227/3227 3214/3214
f 3204/3204 3214/3214 3227/3227
f 3233/3233 3232/3232 3234/3234
f 3235/3235 3234/3234 3232/3232
f 3233/3233 3234/3234 3222/3222
f 3224/3224 3222/3222 3234/3234
f 3233/3233 3222/3222 3230/3230
f 3223/3223 3230/3230 3222/3222
f 3233/3233 3230/3230 3232/3232
f 3231/3231 3232/3232 3230/3230
f 3236/3236 3234/3234 3237/3237
f 3235/3235 3237/3237 3234/3234
f 3236/3236 3237/3237 3238/3238
f 3239/3239 3238/3238 3237/3237
f 3236/3236 3238/3238 3240/3240
f 3241/3241 3240/3240 3238/3238
f 3236/3236 3240/3240 3234/3234
f 3224/3224 3234/3234 3240/3240
f 3243/3243 3242/3242 3244/3244
f 3245/3245 3244/3244 3242/3242
f 3243/3243 3244/3244 3246/3246
f 3247/3247 3246/3246 3244/3244
f 3243/3243 3246/3246 3238/3238
f 3241/3241 3238/3238 3246/3246
f 3243/3243 3238/3238 3242/3242
f 3239/3239 3242/3242 3238/3238
f 3249/3249 3248/3248 3250/3250
f 3251/3251 3250/3250 3248/3248
f 3249/3249 3250/3250 3252/3252
f 3253/3253 3252/3252 3250/3250
f 3249/3249 3252/3252 3246/3246
f 3241/3241 3246/3246 3252/3252
f 3249/3249 3246/3246 3248/3248
f 3247/3247 3248/3248 3246/3246
f 3255/3255 3254/3254 3216/3216
f 3219/3219 3216/3216 3254/3254
f 3255/3255 3216/3216 3240/3240
f 3224/3224 3240/3240 3216/3216
f 3255/3255 3240/3240 3252/3252
f 3241/3241 3252/3252 3240/3240
f 3255/3255 3252/3252 3254/3254
f 3253/3253 3254/3254 3252/3252
f 3257/3257 3256/3256 3258/3258
f 3259/3259 3258/3258 3256/3256
f 3257/3257 3258/3258 3260/3260
f 3261/3261 3260/3260 3258/3258
f 3257/3257 3260/3260 3262/3262
f 3263/3263 3262/3262 3260/3260
f 3257/3257 3262/3262 3256/3256
f 3264/3264 3256/3256 3262/3262
f 3266/3266 3265/3265 3267/3267
f 3268/3268 3267/3267 3265/3265
f 3266/3266 3267/3267 3269/3269
f 3270/3270 3269/3269 3267/3267
f 3266/3266 3269/3269 3260/3260
f 3263/3263 3260/3260 3269/3269
f 3266/3266 3260/3260 3265/3265
f 3261/3261 3265/3265 3260/3260
f 3272/3272 3271/3271 3273/3273
f 3274/3274 3273/3273 3271/3271
f 3272/3272 3273/3273 3275/3275
f 3276/3276 3275/3275 3273/3273
f 3272/3272 3275/3275 3269/3269
f 3263/3263 3269/3269 3275/3275
f 3272/3272 3269/3269 3271/3271
f 3270/3270 3271/3271 3269/3269
f 3278/3278 3277/3277 3279/3279
f 3280/3280 3279/3279 3277/3277
f 3278/3278 3279/3279 3262/3262
f 3264/3264 3262/3262 3279/3279
f 3278/3278 3262/3262 3275/3275
f 3263/3263 3275/3275 3262/3262
f 3278/3278 3275/3275 3277/3277
f 3276/3276 3277/3277 3275/3275
f 3282/3282 3281/3281 3283/3283
f 3284/3284 3283/3283 3281/3281
f 3282/3282 3283/3283 3285/3285
f 3286/3286 3285/3285 3283/3283
f 3282/3282 3285/3285 3287/3287
f 3288/3288 3287/3287 3285/3285
f 3282/3282 3287/3287 3281/3281
f 3289/3289 3281/3281 3287/3287
f 3291/3291 3290/3290 3256/3256
f 3259/3259 3256/3256 3290/3290
f 3291/3291 3256/3256 3292/3292
f 3264/3264 3292/3292 3256/3256
f 3291/3291 3292/3292 3285/3285
f 3288/3288 3285/3285 3292/3292
f 3291/3291 3285/3285 3290/3290
f 3286/3286 3290/3290 3285/3285
f 3293/3293 3279/3279 3294/3294
f 3280/3280 3294/3294 3279/3279
f 3293/3293 3294/3294 3295/3295
f 3296/3296 3295/3295 3294/3294
f 3293/3293 3295/3295 3292/3292
f 3288/3288 3292/3292 3295/3295
f 3293/3293 3292/3292 3279/3279
f 3264/3264 3279/3279 3292/3292
f 3298/3298 3297/3297 3299/3299
f 3300/3300 3299/3299 3297/3297
f 3298/3298 3299/3299 3287/3287
f 3289/3289 3287/3287 3299/3299
f 3298/3298 3287/3287 3295/3295
f 3288/3288 3295/3295 3287/3287
f 3298/3298 3295/3295 3297/3297
f 3296/3296 3297/3297 3295/3295
f 3302/3302 3301/3301 3303/3303
f 3304/3304 3303/3303 3301/3301
f 3302/3302 3303/3303 3305/3305
f 3306/3306 3305/3305 3303/3303
f 3302/3302 3305/3305 3307/3307
f 3308/3308 3307/3307 3305/3305
f 3302/3302 3307/3307 3301/3301
f 3309/3309 3301/3301 3307/3307
f 3311/3311 3310/3310 3281/3281
f 3284/3284 3281/3281 3310/3310
f 3311/3311 3281/3281 3312/3312
f 3289/3289 3312/3312 3281/3281
f 3311/3311 3312/3312 3305/3305
f 3308/3308 3305/3305 3312/3312
f 3311/3311 3305/3305 3310/3310
f 3306/3306 3310/3310 3305/3305
f 3313/3313 3299/3299 3314/3314
f 3300/3300 3314/3314 3299/3299
f 3313/3313 3314/3314 3315/3315
f 3316/3316 3315/3315 3314/3314
f 3313/3313 3315/3315 3312/3312
f 3308/3308 3312/3312 3315/3315
f 3313/3313 3312/3312 3299/3299
f 3289/3289 3299/3299 3312/3312
f 3318/3318 3317/3317 3319/3319
f 3320/3320 3319/3319 3317/3317
f 3318/3318 3319/3319 3307/3307
f 3309/3309 3307/3307 3319/3319
f 3318/3318 3307/3307 3315/3315
f 3308/3308 3315/3315 3307/3307
f 3318/3318 3315/3315 3317/3317
f 3316/3316 3317/3317 3315/3315
f 3322/3322 3321/3321 3323/3323
f 3324/3324 3323/3323 3321/3321
f 3322/3322 3323/3323 3325/3325
f 3326/3326 3325/3325 3323/3323
f 3322/3322 3325/3325 3327/3327
f 3328/3328 3327/3327 3325/3325
f 3322/3322 3327/3327 3321/3321
f 3329/3329 3321/3321 3327/3327
f 3331/3331 3330/3330 3301/3301
f 3304/3304 3301/3301 3330/3330
f 3331/3331 3301/3301 3332/3332
f 3309/3309 3332/3332 3301/3301
f 3331/3331 3332/3332 3325/3325
f 3328/3328 3325/3325 3332/3332
f 3331/3331 3325/3325 3330/3330
f 3326/3326 3330/3330 3325/3325
f 3333/3333 3319/3319 3334/3334
f 3320/3320 3334/3334 3319/3319
f 3333/3333 3334/3334 3335/3335
f 3336/3336 3335/3335 3334/3334
f 3333/3333 3335/3335 3332/3332
f 3328/3328 3332/3332 3335/3335
f 3333/3333 3332/3332 3319/3319
f 3309/3309 3319/3319 3332/3332
f 3338/3338 3337/3337 3339/3339
f 3340/3340 3339/3339 3337/3337
f 3338/3338 3339/3339 3327/3327
f 3329/3329 3327/3327 3339/3339
f 3338/3338 3327/3327 3335/3335
f 3328/3328 3335/3335 3327/3327
f 3338/3338 3335/3335 3337/3337
f 3336/3336 3337/3337 3335/3335
f 3341/3341 3339/3339 3342/3342
f 3340/3340 3342/3342 3339/3339
f 3341/3341 3342/3342 3343/3343
f 3344/3344 3343/3343 3342/3342
f 3341/3341 3343/3343 3345/3345
f 3346/3346 3345/3345 3343/3343
f 3341/3341 3345/3345 3339/3339
f 3329/3329 3339/3339 3345/3345
f 3348/3348 3347/3347 3349/3349
f 3350/3350 3349/3349 3347/3347
f 3348/3348 3349/3349 3351/3351
f 3352/3352 3351/3351 3349/3349
f 3348/3348 3351/3351 3343/3343
f 3346/3346 3343/3343 3351/3351
f 3348/3348 3343/3343 3347/3347
f 3344/3344 3347/3347 3343/3343
f 3354/3354 3353/3353 3355/3355
f 3356/3356 3355/3355 3353/3353
f 3354/3354 3355/3355 3357/3357
f 3358/3358 3357/3357 3355/3355
f 3354/3354 3357/3357 3351/3351
f 3346/3346 3351/3351 3357/3357
f 3354/3354 3351/3351 3353/3353
f 3352/3352 3353/3353 3351/3351
f 3360/3360 3359/3359 3321/3321
f 3324/3324 3321/3321 3359/3359
f 3360/3360 3321/3321 3345/3345
f 3329/3329 3345/3345 3321/3321
f 3360/3360 3345/3345 3357/3357
f 3346/3346 3357/3357 3345/3345
f 3360/3360 3357/3357 3359/3359
f 3358/3358 3359/3359 3357/3357
f 3362/3362 3361/3361 3363/3363
f 3364/3364 3363/3363 3361/3361
f 3362/3362 3363/3363 3365/3365
f 3366/3366 3365/3365 3363/3363
f 3362/3362 3365/3365 3367/3367
f 3368/3368 3367/3367 3365/3365
f 3362/3362 3367/3367 3361/3361
f 3369/3369 3361/3361 3367/3367
f 3371/3371 3370/3370 3372/3372
f 3373/3373 3372/3372 3370/3370
f 3371/3371 3372/3372 3374/3374
f 3375/3375 3374/3374 3372/3372
f 3371/3371 3374/3374 3365/3365
f 3368/3368 3365/3365 3374/3374
f 3371/3371 3365/3365 3370/3370
f 3366/3366 3370/3370 3365/3365
f 3377/3377 3376/3376 3378/3378
f 3379/3379 3378/3378 3376/3376
f 3377/3377 3378/3378 3380/3380
f 3381/3381 3380/3380 3378/3378
f 3377/3377 3380/3380 3374/3374
f 3368/3368 3374/3374 3380/3380
f 3377/3377 3374/3374 3376/3376
f 3375/3375 3376/3376 3374/3374
f 3383/3383 3382/3382 3384/3384
f 3385/3385 3384/3384 3382/3382
f 3383/3383 3384/3384 3367/3367
f 3369/3369 3367/3367 3384/3384
f 3383/3383 3367/3367 3380/3380
f 3368/3368 3380/3380 3367/3367
f 3383/3383 3380/3380 3382/3382
f 3381/3381 3382/3382 3380/3380
f 3387/3387 3386/3386 3388/3388
f 3389/3389 3388/3388 3386/3386
f 3387/3387 3388/3388 3390/3390
f 3391/3391 3390/3390 3388/3388
f 3387/3387 3390/3390 3392/3392
f 3393/3393 3392/3392 3390/3390
f 3387/3387 3392/3392 3386/3386
f 3394/3394 3386/3386 3392/3392
f 3396/3396 3395/3395 3361/3361
f 3364/3364 3361/3361 3395/3395
f 3396/3396 3361/3361 3397/3397
f 3369/3369 3397/3397 3361/3361
f 3396/3396 3397/3397 3390/3390
f 3393/3393 3390/3390 3397/3397
f 3396/3396 3390/3390 3395/3395
f 3391/3391 3395/3395 3390/3390
f 3398/3398 3384/3384 3399/3399
f 3385/3385 3399/3399 3384/3384
f 3398/3398 3399/3399 3400/3400
f 3401/3401 3400/3400 3399/3399
f 3398/3398 3400/3400 3397/3397
f 3393/3393 3397/3397 3400/3400
f 3398/3398 3397/3397 3384/3384
f 3369/3369 3384/3384 3397/3397
f 3403/3403 3402/3402 3404/3404
f 3405/3405 3404/3404 3402/3402
f 3403/3403 3404/3404 3392/3392
f 3394/3394 3392/3392 3404/3404
f 3403/3403 3392/3392 3400/3400
f 3393/3393 3400/3400 3392/3392
f 3403/3403 3400/3400 3402/3402
f 3401/3401 3402/3402 3400/3400
f 3407/3407 3406/3406 3408/3408
f 3409/3409 3408/3408 3406/3406
f 3407/3407 3408/3408 3410/3410
f 3411/3411 3410/3410 3408/3408
f 3407/3407 3410/3410 3412/3412
f 3413/3413 3412/3412 3410/3410
f 3407/3407 3412/3412 3406/3406
f 3414/3414 3406/3406 3412/3412
f 3416/3416 3415/3415 3386/3386
f 3389/3389 3386/3386 3415/3415
f 3416/3416 3386/3386 3417/3417
f 3394/3394 3417/3417 3386/3386
f 3416/3416 3417/3417 3410/3410
f 3413/3413 3410/3410 3417/3417
f 3416/3416 3410/3410 3415/3415
f 3411/3411 3415/3415 3410/3410
f 3418/3418 3404/3404 3419/3419
f 3405/3405 3419/3419 3404/3404
f 3418/3418 3419/3419 3420/3420
f 3421/3421 3420/3420 3419/3419
f 3418/3418 3420/3420 3417/3417
f 3413/3413 3417/3417 3420/3420
f 3418/3418 3417/3417 3404/3404
f 3394/3394 3404/3404 3417/3417
f 3423/3423 3422/3422 3424/3424
f 3425/3425 3424/3424 3422/3422
f 3423/3423 3424/3424 3412/3412
f 3414/3414 3412/3412 3424/3424
f 3423/3423 3412/3412 3420/3420
f 3413/3413 3420/3420 3412/3412
f 3423/3423 3420/3420 3422/3422
f 3421/3421 3422/3422 3420/3420
f 3427/3427 3426/3426 3428/3428
f 3429/3429 3428/3428 3426/3426
f 3427/3427 3428/3428 3430/3430
f 3431/3431 3430/3430 3428/3428
f 3427/3427 3430/3430 3432/3432
f 3433/3433 3432/3432 3430/3430
f 3427/3427 3432/3432 3426/3426
f 3434/3434 3426/3426 3432/3432
f 3436/3436 3435/3435 3406/3406
f 3409/3409 3406/3406 3435/3435
f 3436/3436 3406/3406 3437/3437
f 3414/3414 3437/3437 3406/3406
f 3436/3436 3437/3437 3430/3430
f 3433/3433 3430/3430 3437/3437
f 3436/3436 3430/3430 3435/3435
f 3431/3431 3435/3435 3430/3430
f 3438/3438 3424/3424 3439/3439
f 3425/3425 3439/3439 3424/3424
f 3438/3438 3439/3439 3440/3440
f 3441/3441 3440/3440 3439/3439
f 3438/3438 3440/3440 3437/3437
f 3433/3433 3437/3437 3440/3440
f 3438/3438 3437/3437 3424/3424
f 3414/3414 3424/3424 3437/3437
f 3443/3443 3442/3442 3444/3444
f 3445/3445 3444/3444 3442/3442
f 3443/3443 3444/3444 3432/3432
f 3434/3434 3432/3432 3444/3444
f 3443/3443 3432/3432 3440/3440
f 3433/3433 3440/3440 3432/3432
f 3443/3443 3440/3440 3442/3442
f 3441/3441 3442/3442 3440/3440
f 3446/3446 3444/3444 3447/3447
f 3445/3445 3447/3447 3444/3444
f 3446/3446 3447/3447 3448/3448
f 3449/3449 3448/3448 3447/3447
f 3446/3446 3448/3448 3450/3450
f 3451/3451 3450/3450 3448/3448
f 3446/3446 3450/3450 3444/3444
f 3434/3434 3444/3444 3450/3450
f 3453/3453 3452/3452 3454/3454
f 3455/3455 3454/3454 3452/3452
f 3453/3453 3454/3454 3456/3456
f 3457/3457 3456/3456 3454/3454
f 3453/3453 3456/3456 3448/3448
f 3451/3451 3448/3448 3456/3456
f 3453/3453 3448/3448 3452/3452
f 3449/3449 3452/3452 3448/3448
f 3459/3459 3458/3458 3460/3460
f 3461/3461 3460/3460 3458/3458
f 3459/3459 3460/3460 3462/3462
f 3463/3463 3462/3462 3460/3460
f 3459/3459 3462/3462 3456/3456
f 3451/3451 3456/3456 3462/3462
f 3459/3459 3456/3456 3458/3458
f 3457/3457 3458/3458 3456/3456
f 3465/3465 3464/3464 3426/3426
f 3429/3429 3426/3426 3464/3464
f 3465/3465 3426/3426 3450/3450
f 3434/3434 3450/3450 3426/3426
f 3465/3465 3450/3450 3462/3462
f 3451/3451 3462/3462 3450/3450
f 3465/3465 3462/3462 3464/3464
f 3463/3463 3464/3464 3462/3462
f 3467/3467 3466/3466 3468/3468
f 3469/3469 3468/3468 3466/3466
f 3467/3467 3468/3468 3470/3470
f 3471/3471 3470/3470 3468/3468
f 3467/3467 3470/3470 3472/3472
f 3473/3473 3472/3472 3470/3470
f 3467/3467 3472/3472 3466/3466
f 3474/3474 3466/3466 3472/3472
f 3476/3476 3475/3475 3477/3477
f 3478/3478 3477/3477 3475/3475
f 3476/3476 3477/3477 3479/3479
f 3480/3480 3479/3479 3477/3477
f 3476/3476 3479/3479 3470/3470
f 3473/3473 3470/3470 3479/3479
f 3476/3476 3470/3470 3475/3475
f 3471/3471 3475/3475 3470/3470
f 3482/3482 3481/3481 3483/3483
f 3484/3484 3483/3483 3481/3481
f 3482/3482 3483/3483 3485/3485
f 3486/3486 3485/3485 3483/3483
f 3482/3482 3485/3485 3479/3479
f 3473/3473 3479/3479 3485/3485
f 3482/3482 3479/3479 3481/3481
f 3480/3480 3481/3481 3479/3479
f 3488/3488 3487/3487 3489/3489
f 3490/3490 3489/3489 3487/3487
f 3488/3488 3489/3489 3472/3472
f 3474/3474 3472/3472 3489/3489
f 3488/3488 3472/3472 3485/3485
f 3473/3473 3485/3485 3472/3472
f 3488/3488 3485/3485 3487/3487
f 3486/3486 3487/3487 3485/3485
f 3492/3492 3491/3491 3493/3493
f 3494/3494 3493/3493 3491/3491
f 3492/3492 3493/3493 3495/3495
f 3496/3496 3495/3495 3493/3493
f 3492/3492 3495/3495 3497/3497
f 3498/3498 3497/3497 3495/3495
f 3492/3492 3497/3497 3491/3491
f 3499/3499 3491/3491 3497/3497
f 3501/3501 3500/3500 3466/3466
f 3469/3469 3466/3466 3500/3500
f 3501/3501 3466/3466 3502/3502
f 3474/3474 3502/3502 3466/3466
f 3501/3501 3502/3502 3495/3495
f 3498/3498 3495/3495 3502/3502
f 3501/3501 3495/3495 3500/3500
f 3496/3496 3500/3500 3495/3495
f 3503/3503 3489/3489 3504/3504
f 3490/3490 3504/3504 3489/3489
f 3503/3503 3504/3504 3505/3505
f 3506/3506 3505/3505 3504/3504
f 3503/3503 3505/3505 3502/3502
f 3498/3498 3502/3502 3505/3505
f 3503/3503 3502/3502 3489/3489
f 3474/3474 3489/3489 3502/3502
f 3508/3508 3507/3507 3509/3509
f 3510/3510 3509/3509 3507/3507
f 3508/3508 3509/3509 3497/3497
f 3499/3499 3497/3497 3509/3509
f 3508/3508 3497/3497 3505/3505
f 3498/3498 3505/3505 3497/3497
f 3508/3508 3505/3505 3507/3507
f 3506/3506 3507/3507 3505/3505
f 3512/3512 3511/3511 3513/3513
f 3514/3514 3513/3513 3511/3511
f 3512/3512 3513/3513 3515/3515
f 3516/3516 3515/3515 3513/3513
f 3512/3512 3515/3515 3517/3517
f 3518/3518 3517/3517 3515/3515
f 3512/3512 3517/3517 3511/3511
f 3519/3519 3511/3511 3517/3517
f 3521/3521 3520/3520 3491/3491
f 3494/3494 3491/3491 3520/3520
f 3521/3521 3491/3491 3522/3522
f 3499/3499 3522/3522 3491/3491
f 3521/3521 3522/3522 3515/3515
f 3518/3518 3515/3515 3522/3522
f 3521/3521 3515/3515 3520/3520
f 3516/3516 3520/3520 3515/3515
f 3523/3523 3509/3509 3524/3524
f 3510/3510 3524/3524 3509/3509
f 3523/3523 3524/3524 3525/3525
f 3526/3526 3525/3525 3524/3524
f 3523/3523 3525/3525 3522/3522
f 3518/3518 3522/3522 3525/3525
f 3523/3523 3522/3522 3509/3509
f 3499/3499 3509/3509 3522/3522
f 3528/3528 3527/3527 3529/3529
f 3530/3530 3529/3529 3527/3527
f 3528/3528 3529/3529 3517/3517
f 3519/3519 3517/3517 3529/3529
f 3528/3528 3517/3517 3525/3525
f 3518/3518 3525/3525 3517/3517
f 3528/3528 3525/3525 3527/3527
f 3526/3526 3527/3527 3525/3525
f 3532/3532 3531/3531 3533/3533
f 3534/3534 3533/3533 3531/3531
f 3532/3532 3533/3533 3535/3535
f 3536/3536 3535/3535 3533/3533
f 3532/3532 3535/3535 3537/3537
f 3538/3538 3537/3537 3535/3535
f 3532/3532 3537/3537 3531/3531
f 3539/3539 3531/3531 3537/3537
f 3541/3541 3540/3540 3511/3511
f 3514/3514 3511/3511 3540/3540
f 3541/3541 3511/3511 3542/3542
f 3519/3519 3542/3542 3511/3511
f 3541/3541 3542/3542 3535/3535
f 3538/3538 3535/3535 3542/3542
f 3541/3541 3535/3535 3540/3540
f 3536/3536 3540/3540 3535/3535
f 3543/3543 3529/3529 3544/3544
f 3530/3530 3544/3544 3529/3529
f 3543/3543 3544/3544 3545/3545
f 3546/3546 3545/3545 3544/3544
f 3543/3543 3545/3545 3542/3542
f 3538/3538 3542/3542 3545/3545
f 3543/3543 3542/3542 3529/3529
f 3519/3519 3529/3529 3542/3542
f 3548/3548 3547/3547 3549/3549
f 3550/3550 3549/3549 3547/3547
f 3548/3548 3549/3549 3537/3537
f 3539/3539 3537/3537 3549/3549
f 3548/3548 3537/3537 3545/3545
f 3538/3538 3545/3545 3537/3537
f 3548/3548 3545/3545 3547/3547
f 3546/3546 3547/3547 3545/3545
f 3551/3551 3549/3549 3552/3552
f 3550/3550 3552/3552 3549/3549
f 3551/3551 3552/3552 3553/3553
f 3554/3554 3553/3553 3552/3552
f 3551/3551 3553/3553 3555/3555
f 3556/3556 3555/3555 3553/3553
f 3551/3551 3555/3555 3549/3549
f 3539/3539 3549/3549 3555/3555
f 3558/3558 3557/3557 3559/3559
f 3560/3560 3559/3559 3557/3557
f 3558/3558 3559/3559 3561/3561
f 3562/3562 3561/3561 3559/3559
f 3558/3558 3561/3561 3553/3553
f 3556/3556 3553/3553 3561/3561
f 3558/3558 3553/3553 3557/3557
f 3554/3554 3557/3557 3553/3553
f 3564/3564 3563/3563 3565/3565
f 3566/3566 3565/3565 3563/3563
f 3564/3564 3565/3565 3567/3567
f 3568/3568 3567/3567 3565/3565
f 3564/3564 3567/3567 3561/3561
f 3556/3556 3561/3561 3567/3567
f 3564/3564 3561/3561 3563/3563
f 3562/3562 3563/3563 3561/3561
f 3570/3570 3569/3569 3531/3531
f 3534/3534 3531/3531 3569/3569
f 3570/3570 3531/3531 3555/3555
f 3539/3539 3555/3555 3531/3531
f 3570/3570 3555/3555 3567/3567
f 3556/3556 3567/3567 3555/3555
f 3570/3570 3567/3567 3569/3569
f 3568/3568 3569/3569 3567/3567
f 3572/3572 3571/3571 3573/3573
f 3574/3574 3573/3573 3571/3571
f 3572/3572 3573/3573 3575/3575
f 3576/3576 3575/3575 3573/3573
f 3572/3572 3575/3575 3577/3577
f 3578/3578 3577/3577 3575/3575
f 3572/3572 3577/3577 3571/3571
f 3579/3579 3571/3571 3577/3577
f 3581/3581 3580/3580 3582/3582
f 3583/3583 3582/3582 3580/3580
f 3581/3581 3582/3582 3584/3584
f 3585/3585 3584/3584 3582/3582
f 3581/3581 3584/3584 3575/3575
f 3578/3578 3575/3575 3584/3584
f 3581/3581 3575/3575 3580/3580
f 3576/3576 3580/3580 3575/3575
f 3587/3587 3586/3586 3588/3588
f 3589/3589 3588/3588 3586/3586
f 3587/3587 3588/3588 3590/3590
f 3591/3591 3590/3590 3588/3588
f 3587/3587 3590/3590 3584/3584
f 3578/3578 3584/3584 3590/3590
f 3587/3587 3584/3584 3586/3586
f 3585/3585 3586/3586 3584/3584
f 3593/3593 3592/3592 3594/3594
f 3595/3595 3594/3594 3592/3592
f 3593/3593 3594/3594 3577/3577
f 3579/3579 3577/3577 3594/3594
f 3593/3593 3577/3577 3590/3590
f 3578/3578 3590/3590 3577/3577
f 3593/3593 3590/3590 3592/3592
f 3591/3591 3592/3592 3590/3590
f 3597/3597 3596/3596 3598/3598
f 3599/3599 3598/3598 3596/3596
f 3597/3597 3598/3598 3600/3600
f 3601/3601 3600/3600 3598/3598
f 3597/3597 3600/3600 3602/3602
f 3603/3603 3602/3602 3600/3600
f 3597/3597 3602/3602 3596/3596
f 3604/3604 3596/3596 3602/3602
f 3606/3606 3605/3605 3571/3571
f 3574/3574 3571/3571 3605/3605
f 3606/3606 3571/3571 3607/3607
f 3579/3579 3607/3607 3571/3571
f 3606/3606 3607/3607 3600/3600
f 3603/3603 3600/3600 3607/3607
f 3606/3606 3600/3600 3605/3605
f 3601/3601 3605/3605 3600/3600
f 3608/3608 3594/3594 3609/3609
f 3595/3595 3609/3609 3594/3594
f 3608/3608 3609/3609 3610/3610
f 3611/3611 3610/3610 3609/3609
f 3608/3608 3610/3610 3607/3607
f 3603/3603 3607/3607 3610/3610
f 3608/3608 3607/3607 3594/3594
f 3579/3579 3594/3594 3607/3607
f 3613/3613 3612/3612 3614/3614
f 3615/3615 3614/3614 3612/3612
f 3613/3613 3614/3614 3602/3602
f 3604/3604 3602/3602 3614/3614
f 3613/3613 3602/3602 3610/3610
f 3603/3603 3610/3610 3602/3602
f 3613/3613 3610/3610 3612/3612
f 3611/3611 3612/3612 3610/3610
f 3617/3617 3616/3616 3618/3618
f 3619/3619 3618/3618 3616/3616
f 3617/3617 3618/3618 3620/3620
f 3621/3621 3620/3620 3618/3618
f 3617/3617 3620/3620 3622/3622
f 3623/3623 3622/3622 3620/3620
f 3617/3617 3622/3622 3616/3616
f 3624/3624 3616/3616 3622/3622
f 3626/3626 3625/3625 3596/3596
f 3599/3599 3596/3596 3625/3625
f 3626/3626 3596/3596 3627/3627
f 3604/3604 3627/3627 3596/3596
f 3626/3626 3627/3627 3620/3620
f 3623/3623 3620/3620 3627/3627
f 3626/3626 3620/3620 3625/3625
f 3621/3621 3625/3625 3620/3620
f 3628/3628 3614/3614 3629/3629
f 3615/3615 3629/3629 3614/3614
f 3628/3628 3629/3629 3630/3630
f 3631/3631 3630/3630 3629/3629
f 3628/3628 3630/3630 3627/3627
f 3623/3623 3627/3627 3630/3630
f 3628/3628 3627/3627 3614/3614
f 3604/3604 3614/3614 3627/3627
f 3633/3633 3632/3632 3634/3634
f 3635/3635 3634/3634 3632/3632
f 3633/3633 3634/3634 3622/3622
f 3624/3624 3622/3622 3634/3634
f 3633/3633 3622/3622 3630/3630
f 3623/3623 3630/3630 3622/3622
f 3633/3633 3630/3630 3632/3632
f 3631/3631 3632/3632 3630/3630
f 3637/3637 3636/3636 3638/3638
f 3639/3639 3638/3638 3636/3636
f 3637/3637 3638/3638 3640/3640
f 3641/3641 3640/3640 3638/3638
f 3637/3637 3640/3640 3642/3642
f 3643/3643 3642/3642 3640/3640
f 3637/3637 3642/3642 3636/3636
f 3644/3644 3636/3636 3642/3642
f 3646/3646 3645/3645 3616/3616
f 3619/3619 3616/3616 3645/3645
f 3646/3646 3616/3616 3647/3647
f 3624/3624 3647/3647 3616/3616
f 3646/3646 3647/3647 3640/3640
f 3643/3643 3640/3640 3647/3647
f 3646/3646 3640/3640 3645/3645
f 3641/3641 3645/3645 3640/3640
f 3648/3648 3634/3634 3649/3649
f 3635/3635 3649/3649 3634/3634
f 3648/3648 3649/3649 3650/3650
f 3651/3651 3650/3650 3649/3649
f 3648/3648 3650/3650 3647/3647
f 3643/3643 3647/3647 3650/3650
f 3648/3648 3647/3647 3634/3634
f 3624/3624 3634/3634 3647/3647
f 3653/3653 3652/3652 3654/3654
f 3655/3655 3654/3654 3652/3652
f 3653/3653 3654/3654 3642/3642
f 3644/3644 3642/3642 3654/3654
f 3653/3653 3642/3642 3650/3650
f 3643/3643 3650/3650 3642/3642
f 3653/3653 3650/3650 3652/3652
f 3651/3651 3652/3652 3650/3650
f 3656/3656 3654/3654 3657/3657
f 3655/3655 3657/3657 3654/3654
f 3656/3656 3657/3657 3658/3658
f 3659/3659 3658/3658 3657/3657
f 3656/3656 3658/3658 3660/3660
f 3661/3661 3660/3660 3658/3658
f 3656/3656 3660/3660 3654/3654
f 3644/3644 3654/3654 3660/3660
f 3663/3663 3662/3662 3664/3664
f 3665/3665 3664/3664 3662/3662
f 3663/3663 3664/3664 3666/3666
f 3667/3667 3666/3666 3664/3664
f 3663/3663 3666/3666 3658/3658
f 3661/3661 3658/3658 3666/3666
f 3663/3663 3658/3658 3662/3662
f 3659/3659 3662/3662 3658/3658
f 3669/3669 3668/3668 3670/3670
f 3671/3671 3670/3670 3668/3668
f 3669/3669 3670/3670 3672/3672
f 3673/3673 3672/3672 3670/3670
f 3669/3669 3672/3672 3666/3666
f 3661/3661 3666/3666 3672/3672
f 3669/3669 3666/3666 3668/3668
f 3667/3667 3668/3668 3666/3666
f 3675/3675 3674/3674 3636/3636
f 3639/3639 3636/3636 3674/3674
f 3675/3675 3636/3636 3660/3660
f 3644/3644 3660/3660 3636/3636
f 3675/3675 3660/3660 3672/3672
f 3661/3661 3672/3672 3660/3660
f 3675/3675 3672/3672 3674/3674
f 3673/3673 3674/3674 3672/3672
f 3677/3677 3676/3676 3678/3678
f 3679/3679 3678/3678 3676/3676
f 3677/3677 3678/3678 3680/3680
f 3681/3681 3680/3680 3678/3678
f 3677/3677 3680/3680 3682/3682
f 3683/3683 3682/3682 3680/3680
f 3677/3677 3682/3682 3676/3676
f 3684/3684 3676/3676 3682/3682
f 3686/3686 3685/3685 3687/3687
f 3688/3688 3687/3687 3685/3685
f 3686/3686 3687/3687 3689/3689
f 3690/3690 3689/3689 3687/3687
f 3686/3686 3689/3689 3680/3680
f 3683/3683 3680/3680 3689/3689
f 3686/3686 3680/3680 3685/3685
f 3681/3681 3685/3685 3680/3680
f 3692/3692 3691/3691 3693/3693
f 3694/3694 3693/3693 3691/3691
f 3692/3692 3693/3693 3695/3695
f 3696/3696 3695/3695 3693/3693
f 3692/3692 3695/3695 3689/3689
f 3683/3683 3689/3689 3695/3695
f 3692/3692 3689/3689 3691/3691
f 3690/3690 3691/3691 3689/3689
f 3698/3698 3697/3697 3699/3699
f 3700/3700 3699/3699 3697/3697
f 3698/3698 3699/3699 3682/3682
f 3684/3684 3682/3682 3699/3699
f 3698/3698 3682/3682 3695/3695
f 3683/3683 3695/3695 3682/3682
f 3698/3698 3695/3695 3697/3697
f 3696/3696 3697/3697 3695/3695
f 3702/3702 3701/3701 3703/3703
f 3704/3704 3703/3703 3701/3701
f 3702/3702 3703/3703 3705/3705
f 3706/3706 3705/3705 3703/3703
f 3702/3702 3705/3705 3707/3707
f 3708/3708 3707/3707 3705/3705
f 3702/3702 3707/3707 3701/3701
f 3709/3709 3701/3701 3707/3707
f 3711/3711 3710/3710 3676/3676
f 3679/3679 3676/3676 3710/3710
f 3711/3711 3676/3676 3712/3712
f 3684/3684 3712/3712 3676/3676
f 3711/3711 3712/3712 3705/3705
f 3708/3708 3705/3705 3712/3712
f 3711/3711 3705/3705 3710/3710
f 3706/3706 3710/3710 3705/3705
f 3713/3713 3699/3699 3714/3714
f 3700/3700 3714/3714 3699/3699
f 3713/3713 3714/3714 3715/3715
f 3716/3716 3715/3715 3714/3714
f 3713/3713 3715/3715 3712/3712
f 3708/3708 3712/3712 3715/3715
f 3713/3713 3712/3712 3699/3699
f 3684/3684 3699/3699 3712/3712
f 3718/3718 3717/3717 3719/3719
f 3720/3720 3719/3719 3717/3717
f 3718/3718 3719/3719 3707/3707
f 3709/3709 3707/3707 3719/3719
f 3718/3718 3707/3707 3715/3715
f 3708/3708 3715/3715 3707/3707
f 3718/3718 3715/3715 3717/3717
f 3716/3716 3717/3717 3715/3715
f 3722/3722 3721/3721 3723/3723
f 3724/3724 3723/3723 3721/3721
f 3722/3722 3723/3723 3725/3725
f 3726/3726 3725/3725 3723/3723
f 3722/3722 3725/3725 3727/3727
f 3728/3728 3727/3727 3725/3725
f 3722/3722 3727/3727 3721/3721
f 3729/3729 3721/3721 3727/3727
f 3731/3731 3730/3730 3701/3701
f 3704/3704 3701/3701 3730/3730
f 3731/3731 3701/3701 3732/3732
f 3709/3709 3732/3732 3701/3701
f 3731/3731 3732/3732 3725/3725
f 3728/3728 3725/3725 3732/3732
f 3731/3731 3725/3725 3730/3730
f 3726/3726 3730/3730 3725/3725
f 3733/3733 3719/3719 3734/3734
f 3720/3720 3734/3734 3719/3719
f 3733/3733 3734/3734 3735/3735
f 3736/3736 3735/3735 3734/3734
f 3733/3733 3735/3735 3732/3732
f 3728/3728 3732/3732 3735/3735
f 3733/3733 3732/3732 3719/3719
f 3709/3709 3719/3719 3732/3732
f 3738/3738 3737/3737 3739/3739
f 3740/3740 3739/3739 3737/3737
f 3738/3738 3739/3739 3727/3727
f 3729/3729 3727/3727 3739/3739
f 3738/3738 3727/3727 3735/3735
f 3728/3728 3735/3735 3727/3727
f 3738/3738 3735/3735 3737/3737
f 3736/3736 3737/3737 3735/3735
f 3742/3742 3741/3741 3743/3743
f 3744/3744 3743/3743 3741/3741
f 3742/3742 3743/3743 3745/3745
f 3746/3746 3745/3745 3743/3743
f 3742/3742 3745/3745 3747/3747
f 3748/3748 3747/3747 3745/3745
f 3742/3742 3747/3747 3741/3741
f 3749/3749 3741/3741 3747/3747
f 3751/3751 3750/3750 3721/3721
f 3724/3724 3721/3721 3750/3750
f 3751/3751 3721/3721 3752/3752
f 3729/3729 3752/3752 3721/3721
f 3751/3751 3752/3752 3745/3745
f 3748/3748 3745/3745 3752/3752
f 3751/3751 3745/3745 3750/3750
f 3746/3746 3750/3750 3745/3745
f 3753/3753 3739/3739 3754/3754
f 3740/3740 3754/3754 3739/3739
f 3753/3753 3754/3754 3755/3755
f 3756/3756 3755/3755 3754/3754
f 3753/3753 3755/3755 3752/3752
f 3748/3748 3752/3752 3755/3755
f 3753/3753 3752/3752 3739/3739
f 3729/3729 3739/3739 3752/3752
f 3758/3758 3757/3757 3759/3759
f 3760/3760 3759/3759 3757/3757
f 3758/3758 3759/3759 3747/3747
f 3749/3749 3747/3747 3759/3759
f 3758/3758 3747/3747 3755/3755
f 3748/3748 3755/3755 3747/3747
f 3758/3758 3755/3755 3757/3757
f 3756/3756 3757/3757 3755/3755
f 3761/3761 3759/3759 3762/3762
f 3760/3760 3762/3762 3759/3759
f 3761/3761 3762/3762 3763/3763
f 3764/3764 3763/3763 3762/3762
f 3761/3761 3763/3763 3765/3765
f 3766/3766 3765/3765 3763/3763
f 3761/3761 3765/3765 3759/3759
f 3749/3749 3759/3759 3765/3765
f 3768/3768 3767/3767 3769/3769
f 3770/3770 3769/3769 3767/3767
f 3768/3768 3769/3769 3771/3771
f 3772/3772 3771/3771 3769/3769
f 3768/3768 3771/3771 3763/3763
f 3766/3766 3763/3763 3771/3771
f 3768/3768 3763/3763 3767/3767
f 3764/3764 3767/3767 3763/3763
f 3774/3774 3773/3773 3775/3775
f 3776/3776 3775/3775 3773/3773
f 3774/3774 3775/3775 3777/3777
f 3778/3778 3777/3777 3775/3775
f 3774/3774 3777/3777 3771/3771
f 3766/3766 3771/3771 3777/3777
f 3774/3774 3771/3771 3773/3773
f 3772/3772 3773/3773 3771/3771
f 3780/3780 3779/3779 3741/3741
f 3744/3744 3741/3741 3779/3779
f 3780/3780 3741/3741 3765/3765
f 3749/3749 3765/3765 3741/3741
f 3780/3780 3765/3765 3777/3777
f 3766/3766 3777/3777 3765/3765
f 3780/3780 3777/3777 3779/3779
f 3778/3778 3779/3779 3777/3777

v -2.956341 1.490242 0.257460
v -3.084211 1.448626 0.376366
v -3.428611 1.448854 0.041226
v -3.301034 1.490758 -0.077200
v -3.206200 1.401211 0.485611
v -3.550570 1.401408 0.150421
v -2.739949 1.448535 0.711733
v -2.861687 1.400874 0.820568
v -2.611601 1.489681 0.592043
v -3.669131 1.350612 0.254034
v -3.324961 1.350612 0.589553
v -3.441300 1.297624 0.689517
v -3.785470 1.297624 0.353998
v -2.980791 1.350612 0.925072
v -3.097130 1.297624 1.025035
v -2.752960 1.297624 1.360554
v -2.636621 1.350612 1.260590
v -2.292450 1.350612 1.596109
v -2.408790 1.297624 1.696073
v -2.517860 1.401211 1.156649
v -2.173890 1.401408 1.492496
v -2.051931 1.448854 1.383301
v -2.395871 1.448626 1.047403
v -2.268001 1.490242 0.928497
v -1.924354 1.490758 1.264875
v -2.404150 1.544767 -0.290711
v -2.545659 1.558830 -0.146068
v -2.889779 1.559625 -0.481602
v -2.748207 1.546569 -0.626265
v -2.686023 1.550228 -0.005003
v -3.030349 1.551114 -0.340207
v -2.201509 1.558511 0.189457
v -2.341584 1.548709 0.329976
v -2.060104 1.542803 0.044847
v -3.168260 1.527537 -0.204163
v -2.823859 1.527310 0.130977
v -2.479597 1.527218 0.466344
v -2.135519 1.527310 0.802014
v -1.791580 1.527537 1.137912
v -1.997683 1.550228 0.666034
v -1.653669 1.551114 1.001868
v -1.513098 1.559625 0.860473
v -1.857319 1.558830 0.524970
v -1.715810 1.544767 0.380327
v -1.371526 1.546569 0.715810
v -1.861485 1.317944 -0.851233
v -1.991485 1.396795 -0.716508
v -2.335495 1.396977 -1.052203
v -2.205292 1.318357 -1.187151
v -2.126093 1.462641 -0.577119
v -2.470081 1.463489 -0.912805
v -1.647379 1.396721 -0.380919
v -1.782235 1.461190 -0.241315
v -1.517710 1.317493 -0.515278
v -2.607763 1.515596 -0.770576
v -2.263643 1.514801 -0.435041
v -1.919493 1.514483 -0.099516
v -1.575303 1.514801 0.235997
v -1.231082 1.515596 0.571500
v -1.437753 1.462641 0.093918
v -1.093401 1.463489 0.429271
v -0.958815 1.396977 0.289872
v -1.303145 1.396795 -0.045470
v -1.173144 1.317944 -0.180195
v -0.828611 1.318357 0.154924
v -1.374299 0.916789 -1.357121
v -1.492151 1.037922 -1.233925
v -1.836303 1.038512 -1.569428
v -1.718426 0.918127 -1.692603
v -1.612166 1.142091 -1.109296
v -1.956181 1.142761 -1.444954
v -1.147989 1.037686 -0.898413
v -1.268261 1.140944 -0.773540
v -1.030176 0.915332 -1.021643
v -2.078695 1.235625 -1.318123
v -1.734685 1.235443 -0.982428
v -1.390579 1.235370 -0.646839
v -1.046345 1.235443 -0.311390
v -0.702015 1.235625 0.023952
v -0.923825 1.142091 -0.438259
v -0.579500 1.142761 -0.102879
v -0.459622 1.038512 -0.227352
v -0.803811 1.037922 -0.562888
v -0.685959 0.916789 -0.686084
v -0.341746 0.918127 -0.350527
v -0.568485 0.783854 -0.809609
v -0.224296 0.784444 -0.474074
v -0.451492 0.635870 -0.933555
v -0.107306 0.636382 -0.598022
v -0.912662 0.783618 -1.145135
v -0.795690 0.634994 -1.269098
v 0.009406 0.479625 -0.722212
v -0.334764 0.479625 -1.057731
v -0.218234 0.317184 -1.182080
v 0.125936 0.317184 -0.846562
v -0.678934 0.479625 -1.393250
v -0.562404 0.317184 -1.517599
v -0.906574 0.317184 -1.853118
v -1.023104 0.479625 -1.728768
v -1.367274 0.479625 -2.064287
v -1.250744 0.317184 -2.188637
v -1.139832 0.635870 -1.604592
v -1.483986 0.636382 -1.940097
v -1.600976 0.784444 -1.816149
v -1.256825 0.783854 -1.480647
v -2.468703 1.063446 -3.687726
v -2.591985 1.010275 -3.789031
v -2.305477 0.911459 -4.122038
v -2.182645 0.964875 -4.021040
v -2.706265 0.952152 -3.884313
v -2.419714 0.853310 -4.217295
v -2.878706 1.109212 -3.456153
v -2.992607 1.050875 -3.551184
v -2.754692 1.161980 -3.354360
v -2.528746 0.792301 -4.309074
v -2.815604 0.891313 -3.976292
v -2.921237 0.828432 -4.065788
v -2.634378 0.729420 -4.398571
v -3.102468 0.990323 -3.643513
v -3.208098 0.927445 -3.733009
v -3.494960 1.026458 -3.400235
v -3.389328 1.089337 -3.310735
v -3.676192 1.188349 -2.977958
v -3.781819 1.125468 -3.067452
v -3.279991 1.150177 -3.218757
v -3.567158 1.249357 -2.886182
v -3.452924 1.307506 -2.790930
v -3.165707 1.208299 -3.123470
v -3.042425 1.261471 -3.022165
v -3.330088 1.360925 -2.689924
v -1.913266 1.175980 -3.226247
v -2.057413 1.173046 -3.350085
v -1.770478 1.074766 -3.682981
v -1.626233 1.078632 -3.559293
v -2.199816 1.149381 -3.468382
v -1.913191 1.051175 -3.801473
v -2.344306 1.271762 -3.017260
v -2.486268 1.247014 -3.135074
v -2.200319 1.273184 -2.893171
v -2.051851 1.013923 -3.914711
v -2.338355 1.112740 -3.581695
v -2.625077 1.211671 -3.248824
v -2.912079 1.310761 -2.916139
v -3.199293 1.409967 -2.583594
v -2.773539 1.347408 -2.802826
v -3.060641 1.447222 -2.470359
v -2.917921 1.470816 -2.351871
v -2.631136 1.371070 -2.684531
v -2.486988 1.374006 -2.560690
v -2.773675 1.474677 -2.228184
v -1.367819 1.029256 -2.715830
v -1.497092 1.086771 -2.843161
v -1.210042 0.987943 -3.175840
v -1.080533 0.930658 -3.048385
v -1.632009 1.131927 -2.971735
v -1.344917 1.033710 -3.304534
v -1.784028 1.185709 -2.510421
v -1.919266 1.229578 -2.638926
v -1.655149 1.127816 -2.383293
v -1.483725 1.065980 -3.432904
v -1.770660 1.164257 -3.100004
v -2.057552 1.262978 -2.767180
v -2.344380 1.362283 -2.434450
v -2.631166 1.462027 -2.101791
v -2.205732 1.329950 -2.306180
v -2.492362 1.429756 -1.973420
v -2.357485 1.383988 -1.844727
v -2.070815 1.284795 -2.177602
v -1.941543 1.227278 -2.050271
v -2.227974 1.326704 -1.717269
v -0.890247 0.717394 -2.216797
v -1.004755 0.814850 -2.342466
v -0.717865 0.716380 -2.675348
v -0.603318 0.619611 -2.549813
v -1.122015 0.896545 -2.466503
v -0.834962 0.798162 -2.799291
v -1.291630 0.913645 -2.009643
v -1.409201 0.994480 -2.133717
v -1.177181 0.815064 -1.883761
v -0.955295 0.869253 -2.923139
v -1.242343 0.968083 -2.590460
v -1.529281 1.067018 -2.257721
v -1.816065 1.166104 -1.924904
v -2.102738 1.265300 -1.592026
v -1.695736 1.094568 -1.800947
v -1.982408 1.194208 -1.468173
v -1.865309 1.112428 -1.344231
v -1.578479 1.012873 -1.676907
v -1.463968 0.915417 -1.551242
v -1.750762 1.015657 -1.218699
v -1.350053 0.807106 -1.423492
v -1.636882 0.906662 -1.090818
v -1.236889 0.684956 -1.293087
v -1.523726 0.784438 -0.960398
v -1.063201 0.707878 -1.756229
v -0.950072 0.585138 -1.625711
v -1.411005 0.654220 -0.828445
v -1.124147 0.555207 -1.161223
v -1.011711 0.419760 -1.028268
v -1.298574 0.518772 -0.695489
v -0.837284 0.456196 -1.494002
v -0.724852 0.320747 -1.361046
v -0.437994 0.221736 -1.693820
v -0.550422 0.357184 -1.826781
v -0.263562 0.258172 -2.159558
v -0.151128 0.122725 -2.026600
v -0.663169 0.486933 -1.958643
v -0.376284 0.388391 -2.291510
v -0.489439 0.510614 -2.421930
v -0.776330 0.609083 -2.089049
v 0.959194 1.233099 0.718240
v 1.065387 1.179172 0.837209
v 0.758485 1.227040 1.163742
v 0.652780 1.281174 1.045038
v 1.161762 1.121134 0.950816
v 0.854807 1.168984 1.277320
v 1.372520 1.131402 0.510802
v 1.468476 1.073187 0.624178
v 1.265531 1.184994 0.391398
v 0.945456 1.108549 1.387797
v 1.252743 1.060841 1.061474
v 1.339682 0.998856 1.169924
v 1.032395 1.046564 1.496248
v 1.560033 1.013134 0.735151
v 1.646970 0.951147 0.843600
v 1.954258 0.903440 0.517276
v 1.867322 0.965424 0.408825
v 2.174609 0.917716 0.082502
v 2.261544 0.855732 0.190953
v 1.776339 1.025718 0.298167
v 2.083959 0.978149 -0.027971
v 1.987636 1.036210 -0.141554
v 1.679966 1.083757 0.184563
v 1.573772 1.137685 0.065595
v 1.881932 1.090343 -0.260253
v 0.451459 1.354523 0.205861
v 0.589240 1.348856 0.336896
v 0.282045 1.397305 0.663166
v 0.144383 1.403906 0.532064
v 0.720614 1.322637 0.467080
v 0.413741 1.371122 0.793539
v 0.896492 1.300851 0.010596
v 1.027191 1.273591 0.140522
v 0.758520 1.304987 -0.120332
v 0.538399 1.331674 0.921598
v 0.845300 1.283805 0.595063
v 1.152437 1.236034 0.268658
v 1.459878 1.188391 -0.057585
v 1.767552 1.140842 -0.383697
v 1.335191 1.227222 -0.185567
v 1.642895 1.180293 -0.511758
v 1.511199 1.206471 -0.642130
v 1.203819 1.253439 -0.315751
v 1.066038 1.259106 -0.446788
v 1.373534 1.213074 -0.773233
v -0.105762 1.216606 -0.295201
v 0.031463 1.272331 -0.175368
v -0.275966 1.320230 0.150806
v -0.413369 1.264751 0.030783
v 0.171306 1.315384 -0.051161
v -0.136023 1.363902 0.274986
v 0.338808 1.224546 -0.501632
v 0.478667 1.266293 -0.377183
v 0.201873 1.168422 -0.621154
v 0.004631 1.393842 0.402156
v 0.311825 1.345393 0.075886
v 0.619076 1.297389 -0.250416
v 0.926402 1.249979 -0.576762
v 1.233781 1.203009 -0.903137
v 0.785883 1.219969 -0.703808
v 1.093130 1.173069 -1.030309
v 0.953187 1.129399 -1.154489
v 0.646041 1.176914 -0.828017
v 0.508816 1.121190 -0.947850
v 0.815783 1.073916 -1.274511
v -0.635269 0.909864 -0.743425
v -0.503155 1.006313 -0.635199
v -0.810347 1.054565 -0.308898
v -0.942341 0.958808 -0.417152
v -0.371983 1.086836 -0.524826
v -0.679310 1.135184 -0.198652
v -0.195904 0.958386 -0.961514
v -0.064627 1.038033 -0.850892
v -0.328217 0.860810 -1.069691
v -0.547598 1.204936 -0.085866
v -0.240170 1.157035 -0.412039
v 0.067175 1.109250 -0.738304
v 0.374406 1.061619 -1.064687
v 0.681555 1.014103 -1.391161
v 0.242595 0.991420 -1.177474
v 0.549843 0.944351 -1.503945
v 0.418806 0.863731 -1.614192
v 0.111423 0.910894 -1.287847
v -0.020693 0.814448 -1.396071
v 0.286811 0.767976 -1.722445
v -0.154710 0.707097 -1.503844
v 0.152673 0.659934 -1.830187
v -0.291154 0.585842 -1.611037
v 0.016218 0.538607 -1.937382
v -0.462038 0.754587 -1.177509
v -0.598582 0.632740 -1.284680
v -0.121637 0.409246 -2.044241
v -0.428924 0.456953 -1.717918
v -0.567695 0.322341 -1.824559
v -0.260407 0.274633 -2.150885
v -0.736214 0.504661 -1.391592
v -0.874983 0.370048 -1.498235
v -1.182271 0.417757 -1.171911
v -1.043501 0.552370 -1.065270
v -1.350786 0.600078 -0.738946
v -1.489558 0.465466 -0.845589
v -0.905729 0.681258 -0.958392
v -1.212934 0.729439 -0.632088
v -1.076480 0.850766 -0.524895
v -0.769287 0.802513 -0.851196
v 1.857063 1.340451 -3.546837
v 1.997735 1.280261 -3.667764
v 2.369544 1.341084 -3.306316
v 2.229185 1.401518 -3.185953
v 2.132086 1.215201 -3.777418
v 2.503860 1.276000 -3.415905
v 1.626079 1.219555 -4.029480
v 1.760160 1.154284 -4.138653
v 1.484889 1.279348 -3.907634
v 2.634531 1.208098 -3.518986
v 2.262970 1.147466 -3.880880
v 2.391251 1.077726 -3.979700
v 2.762817 1.138359 -3.617815
v 1.891409 1.086834 -4.242772
v 2.019691 1.017093 -4.341591
v 1.648131 0.956461 -4.703486
v 1.519849 1.026200 -4.604668
v 1.148287 0.965566 -4.966558
v 1.276572 0.895828 -5.065374
v 1.388966 1.093934 -4.501204
v 1.017622 1.033467 -4.863473
v 0.883297 1.098555 -4.753882
v 1.254614 1.158996 -4.391551
v 1.113948 1.219190 -4.270627
v 0.742944 1.158987 -4.633516
v 1.252299 1.471222 -2.967808
v 1.406652 1.467197 -3.125048
v 1.778141 1.528687 -2.763265
v 1.623698 1.533791 -2.606163
v 1.560271 1.439338 -3.274909
v 1.931983 1.500873 -2.913494
v 1.035125 1.406219 -3.486900
v 1.188452 1.377151 -3.635982
v 0.880918 1.408475 -3.329436
v 2.083247 1.457647 -3.055619
v 1.711439 1.396822 -3.417071
v 1.339786 1.336116 -3.778790
v 0.968318 1.275560 -4.140857
v 0.597007 1.215113 -4.503189
v 0.817148 1.318075 -3.998692
v 0.445737 1.258347 -4.361065
v 0.291895 1.286153 -4.210833
v 0.663530 1.345930 -3.848837
v 0.509178 1.349955 -3.691596
v 0.137450 1.291263 -4.053726
v 0.664382 1.301715 -2.331557
v 0.804653 1.368601 -2.488281
v 1.176033 1.429455 -2.126230
v 1.035534 1.362847 -1.969300
v 0.950267 1.420891 -2.647978
v 1.321606 1.482459 -2.286044
v 0.433163 1.307882 -2.850238
v 0.579080 1.358662 -3.009952
v 0.293265 1.240538 -2.693845
v 1.470896 1.519614 -2.446636
v 1.099408 1.458126 -2.808417
v 0.727877 1.397149 -3.170268
v 0.356286 1.336859 -3.532204
v -0.015344 1.277083 -3.894203
v 0.207145 1.299628 -3.371765
v -0.164636 1.239926 -3.733611
v -0.310208 1.186921 -3.573799
v 0.061530 1.247334 -3.212071
v -0.078742 1.180449 -3.055342
v -0.450706 1.120313 -3.416871
v 0.141175 0.937632 -1.726656
v 0.267182 1.051476 -1.877622
v 0.638708 1.112740 -1.515844
v 0.512661 0.999695 -1.365013
v 0.395946 1.146912 -2.027479
v 0.767322 1.208283 -1.665543
v -0.104366 0.990590 -2.239472
v 0.024704 1.085014 -2.389445
v -0.230299 0.875440 -2.088276
v 0.899081 1.291283 -1.815995
v 0.527699 1.230429 -2.178045
v 0.156211 1.169708 -2.540002
v -0.215422 1.109163 -2.901830
v -0.587164 1.048752 -3.263562
v -0.347177 1.025644 -2.751266
v -0.718920 0.965750 -3.113110
v -0.847533 0.870206 -2.963413
v -0.475939 0.930208 -2.601411
v -0.601945 0.816367 -2.450440
v -0.973580 0.757164 -2.812582
v -0.727268 0.689898 -2.297271
v -1.098859 0.629896 -2.659275
v -0.851714 0.547330 -2.141306
v -1.223306 0.487245 -2.503291
v -0.355691 0.750279 -1.935335
v -0.480105 0.607026 -1.779247
v -1.347249 0.335293 -2.345689
v -0.975689 0.395925 -1.983798
v -1.099300 0.237892 -1.825139
v -1.470861 0.177259 -2.187031
v -0.604126 0.456557 -1.621904
v -0.727738 0.298523 -1.463246
v -0.356176 0.359157 -1.101354
v -0.232566 0.517191 -1.260014
v 0.138993 0.577824 -0.898128
v 0.015381 0.419791 -0.739464
v -0.108596 0.668597 -1.417518
v 0.262934 0.729776 -1.055724
v 0.387378 0.872427 -1.211705
v 0.015856 0.811163 -1.573488
v 1.100287 2.093205 -0.670493
v 1.241500 2.098135 -0.611078
v 1.101061 2.092566 -0.225538
v 0.960242 2.088003 -0.284922
v 1.374711 2.095773 -0.552396
v 1.234226 2.090164 -0.166857
v 1.382126 2.103875 -0.996594
v 1.514997 2.101199 -0.937943
v 1.240260 2.098354 -1.056074
v 1.362768 2.083549 -0.108598
v 1.503524 2.089402 -0.494110
v 1.629034 2.080032 -0.436130
v 1.488290 2.074186 -0.050616
v 1.644277 2.095259 -0.879624
v 1.769790 2.085889 -0.821642
v 1.910546 2.091742 -1.207150
v 1.785034 2.101113 -1.265135
v 1.925784 2.106964 -1.650641
v 2.051300 2.097594 -1.592661
v 1.656221 2.107482 -1.323415
v 1.797250 2.113581 -1.708899
v 1.664073 2.115981 -1.767578
v 1.523015 2.109844 -1.382098
v 1.381800 2.104917 -1.441509
v 1.523261 2.111413 -1.826958
v 0.491201 1.962930 -0.906440
v 0.644397 2.020116 -0.849312
v 0.503442 2.014906 -0.463888
v 0.349999 1.958541 -0.521123
v 0.799397 2.057850 -0.790298
v 0.658742 2.052804 -0.404835
v 0.785236 2.025708 -1.234790
v 0.939975 2.062320 -1.175719
v 0.632450 1.967192 -1.291740
v 0.812351 2.076991 -0.344943
v 0.952793 2.082561 -0.730481
v 1.093425 2.088299 -1.115999
v 1.234302 2.094266 -1.501504
v 1.375375 2.100405 -1.886984
v 1.080901 2.069561 -1.561317
v 1.221766 2.076222 -1.946885
v 1.066462 2.038318 -2.005934
v 0.925909 2.031820 -1.620335
v 0.772713 1.974640 -1.677463
v 0.913014 1.981952 -2.063170
v -0.063401 1.600268 -1.111987
v 0.064510 1.707411 -1.064530
v -0.076472 1.701654 -0.679092
v -0.204668 1.594634 -0.726643
v 0.200280 1.805321 -1.014300
v 0.059157 1.800110 -0.628932
v 0.205352 1.713226 -1.450009
v 0.341664 1.810078 -1.399575
v 0.077912 1.605880 -1.497316
v 0.201052 1.887646 -0.576425
v 0.342004 1.892854 -0.961851
v 0.482840 1.898449 -1.347328
v 0.623514 1.904559 -1.732873
v 0.764069 1.911057 -2.118467
v 0.481787 1.817027 -1.785322
v 0.622171 1.823522 -2.170971
v 0.486545 1.725064 -2.221133
v 0.346021 1.719116 -1.835553
v 0.218107 1.611972 -1.883008
v 0.358350 1.618044 -2.268684
v -0.520712 1.111551 -1.282478
v -0.414666 1.249755 -1.243124
v -0.555539 1.244389 -0.857675
v -0.661740 1.106801 -0.897103
v -0.303158 1.374552 -1.201481
v -0.444213 1.369205 -0.816085
v -0.273861 1.255413 -1.628612
v -0.161889 1.379537 -1.586792
v -0.379659 1.116204 -1.667841
v -0.327771 1.485437 -0.772545
v -0.186792 1.491192 -1.157979
v -0.045949 1.497005 -1.543459
v 0.094716 1.502897 -1.929001
v 0.235244 1.508846 -2.314586
v -0.021648 1.386257 -1.972503
v 0.118804 1.392615 -2.358126
v 0.007477 1.267798 -2.399716
v -0.133155 1.261461 -2.014148
v -0.239202 1.123258 -2.053501
v -0.098724 1.130215 -2.439141
v -0.342831 0.975336 -2.091665
v -0.202196 0.981675 -2.477233
v -0.443369 0.815020 -2.128307
v -0.302721 0.821295 -2.513866
v -0.483537 0.969289 -1.706128
v -0.583944 0.808446 -1.742708
v -0.401463 0.653755 -2.549628
v -0.542217 0.647902 -2.164118
v -0.639788 0.475682 -2.199303
v -0.499036 0.481533 -2.584812
v -0.682972 0.642047 -1.778605
v -0.780543 0.469826 -1.813792
v -0.921300 0.463975 -1.428278
v -0.823725 0.636197 -1.393096
v -0.964476 0.630344 -1.007587
v -1.062052 0.458122 -1.042771
v -0.724881 0.803315 -1.357285
v -0.865737 0.797883 -0.971829
v -0.765216 0.958261 -0.935192
v -0.624339 0.963630 -1.320640
v -0.247413 2.384198 -3.797797
v -0.229946 2.406898 -3.968398
v 0.232482 2.409885 -3.943412
v 0.214908 2.387645 -3.773199
v -0.210429 2.420590 -4.130957
v 0.252008 2.423533 -4.105912
v -0.692415 2.404112 -3.993578
v -0.672811 2.417415 -4.155792
v -0.709720 2.380681 -3.822318
v 0.272733 2.431969 -4.263791
v -0.189774 2.429327 -4.289092
v -0.168284 2.434363 -4.443908
v 0.294234 2.437015 -4.418622
v -0.652285 2.426681 -4.314404
v -0.630785 2.431720 -4.469222
v -1.093304 2.429080 -4.494519
v -1.114797 2.424045 -4.339716
v -1.577305 2.421396 -4.365014
v -1.555803 2.426436 -4.519833
v -1.135449 2.415303 -4.181566
v -1.598022 2.412962 -4.207150
v -1.617558 2.399318 -4.044631
v -1.154966 2.401610 -4.019017
v -1.172425 2.378922 -3.848413
v -1.635126 2.377074 -3.874432
v -0.297705 2.165105 -3.080518
v -0.288146 2.247505 -3.257528
v 0.174319 2.250838 -3.231908
v 0.164701 2.169347 -3.054504
v -0.276587 2.308338 -3.439223
v 0.185815 2.311900 -3.413919
v -0.750636 2.244578 -3.282962
v -0.738903 2.304132 -3.464523
v -0.760102 2.160740 -3.106600
v 0.199167 2.357438 -3.595898
v -0.263264 2.354447 -3.620886
v -0.725738 2.351665 -3.646071
v -1.188285 2.349158 -3.671494
v -1.650873 2.346869 -3.697123
v -1.201601 2.303058 -3.489830
v -1.664235 2.301329 -3.515145
v -1.675716 2.240267 -3.333131
v -1.213165 2.242212 -3.308139
v -1.222724 2.159825 -3.131132
v -1.685345 2.158766 -3.155724
v -0.326503 1.692142 -2.457183
v -0.320477 1.827615 -2.598383
v 0.142026 1.830341 -2.572799
v 0.135990 1.694975 -2.431247
v -0.313782 1.953646 -2.749951
v 0.148675 1.956964 -2.724133
v -0.782981 1.824942 -2.623798
v -0.776213 1.949844 -2.776130
v -0.788997 1.689293 -2.483170
v 0.156105 2.072072 -2.884161
v -0.306362 2.068730 -2.909776
v -0.768852 2.065804 -2.935210
v -1.231381 2.063439 -2.960387
v -1.693931 2.061497 -2.985382
v -1.238804 1.948357 -2.800557
v -1.701356 1.946391 -2.825351
v -1.708009 1.819762 -2.674024
v -1.245500 1.822326 -2.648996
v -1.251521 1.686853 -2.507788
v -1.714046 1.684395 -2.532465
v -0.345922 1.089111 -1.963659
v -0.342324 1.256869 -2.075319
v 0.120144 1.260046 -2.049810
v 0.116501 1.092960 -1.937896
v -0.337674 1.410238 -2.195058
v 0.124800 1.413411 -2.169340
v -0.804819 1.254012 -2.100703
v -0.800115 1.406680 -2.221072
v -0.808337 1.085158 -1.989471
v 0.130117 1.557749 -2.295942
v -0.332385 1.555023 -2.321526
v -0.794888 1.552347 -2.346937
v -1.257400 1.549735 -2.372137
v -1.719917 1.547171 -2.397161
v -1.262694 1.404949 -2.245670
v -1.725237 1.402838 -2.270558
v -1.729891 1.249466 -2.151028
v -1.267346 1.251582 -2.125927
v -1.270941 1.083827 -2.014272
v -1.733531 1.082387 -2.039117
v -1.273773 0.905461 -1.906667
v -1.736317 0.903348 -1.931774
v -1.275627 0.713569 -1.804244
v -1.738164 0.711385 -1.829369
v -0.811246 0.907893 -1.881445
v -0.813063 0.715424 -1.779234
v -1.739455 0.511606 -1.729950
v -1.276949 0.514249 -1.704645
v -1.277869 0.309361 -1.607189
v -1.740374 0.306717 -1.632495
v -0.814436 0.516892 -1.679341
v -0.815357 0.312002 -1.581882
v -0.352841 0.314648 -1.556574
v -0.351926 0.519538 -1.654040
v 0.110579 0.522181 -1.628734
v 0.109664 0.317291 -1.531271
v -0.350607 0.718855 -1.753629
v 0.111867 0.721957 -1.728150
v 0.113718 0.913920 -1.830548
v -0.348751 0.910747 -1.856061
v -3.042846 2.544064 -2.035361
v -3.217967 2.566152 -2.048900
v -3.204689 2.565099 -2.522635
v -3.029963 2.543475 -2.508979
v -3.384860 2.579046 -2.064669
v -3.371521 2.577943 -2.538414
v -3.231445 2.567414 -1.575123
v -3.397985 2.579915 -1.590988
v -3.055650 2.544584 -1.561757
v -3.533630 2.585479 -2.555499
v -3.547231 2.586891 -2.081679
v -3.706205 2.590955 -2.099592
v -3.692616 2.589550 -2.573423
v -3.560844 2.588292 -1.607855
v -3.719820 2.592367 -1.625779
v -3.733415 2.593777 -1.151945
v -3.574455 2.589715 -1.134027
v -3.588049 2.591114 -0.660206
v -3.747026 2.595179 -0.678133
v -3.412071 2.581865 -1.117023
v -3.425956 2.583585 -0.643131
v -3.259106 2.570735 -0.627342
v -3.245185 2.568972 -1.101253
v -3.070064 2.546894 -1.087721
v -3.084398 2.549121 -0.613693
v -2.306440 2.324463 -2.000990
v -2.488264 2.407673 -2.006812
v -2.474342 2.406974 -2.480604
v -2.292116 2.324695 -2.474740
v -2.674806 2.468772 -2.014360
v -2.661205 2.468302 -2.488082
v -2.502000 2.408795 -1.533002
v -2.688399 2.468578 -1.540718
v -2.320830 2.324108 -1.527246
v -2.847991 2.513730 -2.497315
v -2.861271 2.514784 -2.023578
v -2.874754 2.516050 -1.549793
v -2.888480 2.517604 -1.075931
v -2.902414 2.519376 -0.602022
v -2.702013 2.471596 -1.066719
v -2.715628 2.473935 -0.592777
v -2.528762 2.412613 -0.585313
v -2.515475 2.410487 -1.059165
v -2.333653 2.327287 -1.053345
v -2.346534 2.330324 -0.579441
v -1.665184 1.844344 -1.983810
v -1.810600 1.982101 -1.987450
v -1.796709 1.980778 -2.461272
v -1.650934 1.843133 -2.457636
v -1.966583 2.110132 -1.991411
v -1.952456 2.109420 -2.465201
v -1.824317 1.983480 -1.513631
v -1.981077 2.110352 -1.517636
v -1.679486 1.845537 -1.509986
v -2.117047 2.226217 -2.469591
v -2.130969 2.226908 -1.995800
v -2.144703 2.228025 -1.521990
v -2.158180 2.229722 -1.048154
v -2.171468 2.231852 -0.574304
v -1.993788 2.112954 -1.043765
v -2.006872 2.115053 -0.569917
v -1.851133 1.986411 -0.565986
v -1.837812 1.984920 -1.039801
v -1.692388 1.847159 -1.036166
v -1.705351 1.848763 -0.562346
v -1.156192 1.230289 -1.971597
v -1.271518 1.401280 -1.973832
v -1.257707 1.400417 -2.447624
v -1.142124 1.230116 -2.445354
v -1.395051 1.557485 -1.976798
v -1.381024 1.556620 -2.450596
v -1.285204 1.402469 -1.500020
v -1.409377 1.557955 -1.503018
v -1.170310 1.230355 -1.497847
v -1.511540 1.703542 -2.453983
v -1.525431 1.704867 -1.980159
v -1.539145 1.706241 -1.506338
v -1.552642 1.707683 -1.032516
v -1.565959 1.709175 -0.558692
v -1.422262 1.560301 -1.029149
v -1.435442 1.562260 -0.555308
v -1.312123 1.406047 -0.552334
v -1.298726 1.404096 -1.026183
v -1.183404 1.233110 -1.023954
v -1.196542 1.235755 -0.550071
v -1.072183 1.051237 -1.022300
v -1.085588 1.053190 -0.548452
v -0.966207 0.855483 -1.021386
v -0.979631 0.857365 -0.547544
v -1.058661 1.049611 -1.496137
v -0.952903 0.853266 -1.495252
v -0.876696 0.653517 -0.547056
v -0.863091 0.652109 -1.020877
v -0.762145 0.443019 -1.020669
v -0.775750 0.444426 -0.546851
v -0.849487 0.650698 -1.494704
v -0.748537 0.441607 -1.494493
v -0.734931 0.440201 -1.968325
v -0.835887 0.649292 -1.968525
v -0.822283 0.647884 -2.442344
v -0.721326 0.438792 -2.442143
v -0.938993 0.852666 -1.969033
v -0.925213 0.851726 -2.442827
v -1.031164 1.047552 -2.443740
v -1.044976 1.048417 -1.969950
v -1.369166 2.671594 0.420007
v -1.419444 2.703932 0.582075
v -1.861130 2.761031 0.457544
v -1.810774 2.729155 0.295869
v -1.471136 2.727223 0.736025
v -1.912824 2.784272 0.611437
v -0.977734 2.647039 0.706797
v -1.029487 2.669940 0.860400
v -0.927565 2.613973 0.544065
v -1.965357 2.802291 0.760664
v -1.523620 2.745543 0.885513
v -1.576668 2.760145 1.031657
v -2.018421 2.816902 0.906817
v -1.081879 2.688788 1.010373
v -1.134938 2.703399 1.156513
v -0.693183 2.646647 1.281359
v -0.640132 2.632045 1.135233
v -0.198392 2.575286 1.260072
v -0.251453 2.589890 1.406215
v -0.587651 2.613720 0.985730
v -0.145870 2.557271 1.110855
v -0.094163 2.534028 0.956948
v -0.535960 2.590429 0.831785
v -0.485688 2.558108 0.669716
v -0.043814 2.502158 0.795289
v -1.195815 2.415970 -0.264094
v -1.232251 2.506772 -0.095183
v -1.673796 2.564189 -0.220343
v -1.637103 2.474259 -0.389645
v -1.274347 2.576669 0.078264
v -1.715868 2.634315 -0.046582
v -0.790591 2.449748 0.029794
v -0.832987 2.518389 0.203096
v -0.754565 2.357565 -0.138480
v -1.761691 2.689290 0.127039
v -1.320002 2.632189 0.251571
v -0.878287 2.575296 0.376302
v -0.436518 2.518686 0.501274
v 0.005275 2.462293 0.626449
v -0.390867 2.463172 0.327964
v 0.051108 2.407308 0.452833
v 0.093169 2.337183 0.279063
v -0.348768 2.393263 0.154521
v -0.312334 2.302474 -0.014388
v 0.129870 2.247248 0.109763
v -1.095342 1.915771 -0.856555
v -1.114036 2.057081 -0.722769
v -1.555700 2.113900 -0.847893
v -1.536911 1.972680 -0.982022
v -1.136772 2.189587 -0.578847
v -1.578269 2.246985 -0.704202
v -0.672328 2.000306 -0.597811
v -0.695441 2.131744 -0.453140
v -0.653790 1.858849 -0.731038
v -1.604896 2.369147 -0.551990
v -1.163354 2.311726 -0.426831
v -0.721694 2.254703 -0.301853
v -0.279873 2.198213 -0.177125
v 0.162064 2.142142 -0.052583
v -0.253286 2.076093 -0.329148
v 0.188691 2.019975 -0.204799
v 0.211259 1.886891 -0.348484
v -0.230550 1.943575 -0.473062
v -0.211860 1.802265 -0.606857
v 0.230054 1.745669 -0.482617
v -1.047988 1.293787 -1.322100
v -1.053972 1.465437 -1.217181
v -1.495564 1.522702 -1.342234
v -1.489397 1.351700 -1.447401
v -1.064509 1.623326 -1.104351
v -1.506057 1.680578 -1.229608
v -0.612286 1.408478 -1.092253
v -0.623099 1.565710 -0.978806
v -0.606613 1.235773 -1.196750
v -1.519845 1.829919 -1.110063
v -1.078179 1.773099 -0.984938
v -0.636470 1.716321 -0.859983
v -0.194699 1.659597 -0.735232
v 0.247120 1.602908 -0.610658
v -0.181025 1.509821 -0.854644
v 0.260908 1.453575 -0.730202
v 0.271400 1.295690 -0.842831
v -0.170485 1.351931 -0.967482
v -0.164509 1.180287 -1.072393
v 0.277562 1.124696 -0.947997
v -0.161472 0.998410 -1.173327
v 0.280414 0.942168 -1.048673
v -0.162195 0.803488 -1.269173
v 0.279673 0.747182 -1.144496
v -0.603275 1.054958 -1.298099
v -0.604154 0.859481 -1.393731
v 0.276768 0.544655 -1.237387
v -0.164973 0.601406 -1.362239
v -0.169299 0.393954 -1.453199
v 0.272438 0.337200 -1.328348
v -0.606719 0.658157 -1.487091
v -0.611042 0.450702 -1.578055
v -1.052791 0.507458 -1.702909
v -1.048458 0.714912 -1.611937
v -1.490198 0.771663 -1.736788
v -1.494528 0.564209 -1.827760
v -1.045676 0.916993 -1.518881
v -1.487288 0.974186 -1.643901
v -1.486549 1.169175 -1.548083
v -1.044960 1.111912 -1.423030
v 0.515694 3.123085 -2.088274
v 0.636988 3.200708 -2.164479
v 0.869836 3.241121 -1.797904
v 0.748608 3.164035 -1.721932
v 0.756690 3.267973 -2.235824
v 0.989514 3.308331 -1.869210
v 0.404190 3.160520 -2.531175
v 0.523821 3.227341 -2.602305
v 0.282757 3.082067 -2.454569
v 1.108295 3.369581 -1.937703
v 0.875523 3.329563 -2.304479
v 0.993680 3.386894 -2.371131
v 1.226470 3.426926 -2.004362
v 0.642747 3.289541 -2.671258
v 0.760909 3.346876 -2.737903
v 0.528110 3.306848 -3.104678
v 0.409967 3.249526 -3.038039
v 0.177181 3.209487 -3.404805
v 0.295349 3.266824 -3.471455
v 0.291127 3.187929 -2.969372
v 0.058411 3.148252 -3.336313
v -0.061283 3.081033 -3.265001
v 0.171432 3.120661 -2.898038
v 0.050138 3.043065 -2.821823
v -0.182502 3.003960 -3.189036
v 0.058196 2.690639 -1.764484
v 0.160404 2.821935 -1.843291
v 0.392718 2.862461 -1.476300
v 0.289908 2.731828 -1.397218
v 0.273930 2.936046 -1.925595
v 0.506357 2.976865 -1.558794
v -0.072183 2.781713 -2.210154
v 0.041758 2.894664 -2.292400
v -0.173423 2.649385 -2.131789
v 0.625988 3.077819 -1.641650
v 0.393147 3.037400 -2.008237
v 0.160352 2.997209 -2.374942
v -0.072414 2.957355 -2.741790
v -0.305126 2.917736 -3.108755
v -0.191627 2.856002 -2.659141
v -0.424760 2.816766 -3.025909
v -0.538397 2.702363 -2.943403
v -0.305152 2.741888 -2.576843
v -0.407363 2.610604 -2.498034
v -0.641217 2.571731 -2.864325
v -0.240100 2.068444 -1.504357
v -0.181943 2.234195 -1.560390
v 0.050607 2.274205 -1.193459
v -0.007834 2.108430 -1.137229
v -0.113133 2.395131 -1.622603
v 0.119034 2.435578 -1.255510
v -0.414630 2.194186 -1.927221
v -0.344890 2.354397 -1.989921
v -0.472326 2.028470 -1.871513
v 0.197677 2.589779 -1.322995
v -0.034636 2.549250 -1.689983
v -0.267221 2.509022 -2.056844
v -0.500188 2.469194 -2.423536
v -0.733437 2.429682 -2.790096
v -0.578700 2.315087 -2.356154
v -0.812081 2.275477 -2.722603
v -0.880501 2.114105 -2.660560
v -0.647504 2.154148 -2.293944
v -0.705665 1.988393 -2.237905
v -0.938952 1.948328 -2.604333
v -0.400682 1.375653 -1.322218
v -0.374890 1.559796 -1.360417
v -0.142447 1.600216 -0.993500
v -0.168658 1.416577 -0.955125
v -0.338244 1.734066 -1.403834
v -0.105942 1.774415 -1.036808
v -0.607539 1.519611 -1.727248
v -0.570192 1.693482 -1.771052
v -0.632630 1.334658 -1.689347
v -0.061222 1.943086 -1.084467
v -0.293778 1.903084 -1.451399
v -0.526466 1.863065 -1.818230
v -0.759331 1.823036 -2.184951
v -0.992340 1.782988 -2.551567
v -0.803799 1.654019 -2.137391
v -1.037061 1.614323 -2.503906
v -1.073563 1.440117 -2.460600
v -0.840451 1.479748 -2.093969
v -0.866236 1.295612 -2.055768
v -1.099772 1.256484 -2.422216
v -0.885360 1.103571 -2.020401
v -1.118469 1.063943 -2.387035
v -0.895966 0.901460 -1.988650
v -1.129033 0.861781 -2.355298
v -0.652442 1.143438 -1.653681
v -0.662696 0.940898 -1.622080
v -1.134692 0.653794 -2.325644
v -0.901914 0.693820 -1.958874
v -0.904351 0.482030 -1.930589
v -1.137126 0.442008 -2.297360
v -0.669131 0.733841 -1.592093
v -0.671572 0.522049 -1.563810
v -0.438788 0.562079 -1.197030
v -0.436349 0.773867 -1.225322
v -0.203573 0.813892 -0.858549
v -0.206009 0.602099 -0.830258
v -0.430411 0.981507 -1.255092
v -0.197921 1.021873 -0.888202
v -0.187357 1.224035 -0.919934
v -0.419796 1.183620 -1.286849
# 945 vertices

vt 0.331138 0.862575
vt 0.332900 0.892007
vt 0.417129 0.892083
vt 0.415350 0.862727
vt 0.334661 0.921439
vt 0.418908 0.921439
vt 0.248670 0.891932
vt 0.250414 0.921439
vt 0.246927 0.862424
vt 0.421278 0.948220
vt 0.337032 0.948220
vt 0.339402 0.975000
vt 0.423649 0.975000
vt 0.252785 0.948220
vt 0.255155 0.975000
vt 0.170909 0.975000
vt 0.168538 0.948220
vt 0.084292 0.948220
vt 0.086662 0.975000
vt 0.166168 0.921439
vt 0.081921 0.921439
vt 0.080142 0.892083
vt 0.164406 0.892007
vt 0.162645 0.862575
vt 0.078364 0.862727
vt 0.329100 0.724957
vt 0.329228 0.760546
vt 0.413471 0.760538
vt 0.413338 0.724941
vt 0.329357 0.796135
vt 0.413604 0.796135
vt 0.244986 0.760554
vt 0.245110 0.796135
vt 0.244862 0.724974
vt 0.414477 0.829431
vt 0.330248 0.829355
vt 0.246018 0.829279
vt 0.161754 0.829355
vt 0.077490 0.829431
vt 0.160864 0.796135
vt 0.076617 0.796135
vt 0.076484 0.760538
vt 0.160735 0.760546
vt 0.160607 0.724957
vt 0.076351 0.724941
vt 0.329661 0.587708
vt 0.329470 0.621148
vt 0.413719 0.621107
vt 0.413911 0.587624
vt 0.329280 0.654589
vt 0.413527 0.654589
vt 0.245222 0.621190
vt 0.245033 0.654589
vt 0.245411 0.587791
vt 0.413432 0.689765
vt 0.329190 0.689773
vt 0.244948 0.689781
vt 0.160697 0.689773
vt 0.076446 0.689765
vt 0.160787 0.654589
vt 0.076540 0.654589
vt 0.076732 0.621107
vt 0.160977 0.621148
vt 0.161167 0.587708
vt 0.076924 0.587624
vt 0.360606 0.294598
vt 0.360319 0.320686
vt 0.471991 0.320823
vt 0.472272 0.294872
vt 0.360033 0.346774
vt 0.471710 0.346774
vt 0.248648 0.320549
vt 0.245645 0.525000
vt 0.248940 0.294324
vt 0.414024 0.556312
vt 0.329776 0.556354
vt 0.245528 0.556396
vt 0.161283 0.556354
vt 0.077038 0.556312
vt 0.161398 0.525000
vt 0.077151 0.525000
vt 0.025281 0.320823
vt 0.136964 0.320686
vt 0.137251 0.294598
vt 0.025562 0.294872
vt 0.137828 0.261654
vt 0.026145 0.261792
vt 0.138406 0.228711
vt 0.026728 0.228711
vt 0.249512 0.261517
vt 0.250083 0.228711
vt 0.027509 0.190968
vt 0.139187 0.190968
vt 0.139967 0.153226
vt 0.028290 0.153226
vt 0.250864 0.190968
vt 0.251645 0.153226
vt 0.363323 0.153226
vt 0.362542 0.190968
vt 0.474219 0.190968
vt 0.475000 0.153226
vt 0.361761 0.228711
vt 0.473438 0.228711
vt 0.472855 0.261792
vt 0.361183 0.261654
vt 0.331138 0.862575
vt 0.332900 0.892007
vt 0.417129 0.892083
vt 0.415350 0.862727
vt 0.334661 0.921439
vt 0.418908 0.921439
vt 0.248670 0.891932
vt 0.250414 0.921439
vt 0.246927 0.862424
vt 0.421278 0.948220
vt 0.337032 0.948220
vt 0.339402 0.975000
vt 0.423649 0.975000
vt 0.252785 0.948220
vt 0.255155 0.975000
vt 0.170909 0.975000
vt 0.168538 0.948220
vt 0.084292 0.948220
vt 0.086662 0.975000
vt 0.166168 0.921439
vt 0.081921 0.921439
vt 0.080142 0.892083
vt 0.164406 0.892007
vt 0.162645 0.862575
vt 0.078364 0.862727
vt 0.329100 0.724957
vt 0.329228 0.760546
vt 0.413471 0.760538
vt 0.413338 0.724941
vt 0.329357 0.796135
vt 0.413604 0.796135
vt 0.244986 0.760554
vt 0.245110 0.796135
vt 0.244862 0.724974
vt 0.414477 0.829431
vt 0.330248 0.829355
vt 0.246018 0.829279
vt 0.161754 0.829355
vt 0.077490 0.829431
vt 0.160864 0.796135
vt 0.076617 0.796135
vt 0.076484 0.760538
vt 0.160735 0.760546
vt 0.160607 0.724957
vt 0.076351 0.724941
vt 0.329661 0.587708
vt 0.329470 0.621148
vt 0.413719 0.621107
vt 0.413911 0.587624
vt 0.329280 0.654589
vt 0.413527 0.654589
vt 0.245222 0.621190
vt 0.245033 0.654589
vt 0.245411 0.587791
vt 0.413432 0.689765
vt 0.329190 0.689773
vt 0.244948 0.689781
vt 0.160697 0.689773
vt 0.076446 0.689765
vt 0.160787 0.654589
vt 0.076540 0.654589
vt 0.076732 0.621107
vt 0.160977 0.621148
vt 0.161167 0.587708
vt 0.076924 0.587624
vt 0.360606 0.294598
vt 0.360319 0.320686
vt 0.471991 0.320823
vt 0.472272 0.294872
vt 0.360033 0.346774
vt 0.471710 0.346774
vt 0.248648 0.320549
vt 0.245645 0.525000
vt 0.248940 0.294324
vt 0.414024 0.556312
vt 0.329776 0.556354
vt 0.245528 0.556396
vt 0.161283 0.556354
vt 0.077038 0.556312
vt 0.161398 0.525000
vt 0.077151 0.525000
vt 0.025281 0.320823
vt 0.136964 0.320686
vt 0.137251 0.294598
vt 0.025562 0.294872
vt 0.137828 0.261654
vt 0.026145 0.261792
vt 0.138406 0.228711
vt 0.026728 0.228711
vt 0.249512 0.261517
vt 0.250083 0.228711
vt 0.027509 0.190968
vt 0.139187 0.190968
vt 0.139967 0.153226
vt 0.028290 0.153226
vt 0.250864 0.190968
vt 0.251645 0.153226
vt 0.363323 0.153226
vt 0.362542 0.190968
vt 0.474219 0.190968
vt 0.475000 0.153226
vt 0.361761 0.228711
vt 0.473438 0.228711
vt 0.472855 0.261792
vt 0.361183 0.261654
vt 0.331138 0.862575
vt 0.332900 0.892007
vt 0.417129 0.892083
vt 0.415350 0.862727
vt 0.334661 0.921439
vt 0.418908 0.921439
vt 0.248670 0.891932
vt 0.250414 0.921439
vt 0.246927 0.862424
vt 0.421278 0.948220
vt 0.337032 0.948220
vt 0.339402 0.975000
vt 0.423649 0.975000
vt 0.252785 0.948220
vt 0.255155 0.975000
vt 0.170909 0.975000
vt 0.168538 0.948220
vt 0.084292 0.948220
vt 0.086662 0.975000
vt 0.166168 0.921439
vt 0.081921 0.921439
vt 0.080142 0.892083
vt 0.164406 0.892007
vt 0.162645 0.862575
vt 0.078364 0.862727
vt 0.329100 0.724957
vt 0.329228 0.760546
vt 0.413471 0.760538
vt 0.413338 0.724941
vt 0.329357 0.796135
vt 0.413604 0.796135
vt 0.244986 0.760554
vt 0.245110 0.796135
vt 0.244862 0.724974
vt 0.414477 0.829431
vt 0.330248 0.829355
vt 0.246018 0.829279
vt 0.161754 0.829355
vt 0.077490 0.829431
vt 0.160864 0.796135
vt 0.076617 0.796135
vt 0.076484 0.760538
vt 0.160735 0.760546
vt 0.160607 0.724957
vt 0.076351 0.724941
vt 0.329661 0.587708
vt 0.329470 0.621148
vt 0.413719 0.621107
vt 0.413911 0.587624
vt 0.329280 0.654589
vt 0.413527 0.654589
vt 0.245222 0.621190
vt 0.245033 0.654589
vt 0.245411 0.587791
vt 0.413432 0.689765
vt 0.329190 0.689773
vt 0.244948 0.689781
vt 0.160697 0.689773
vt 0.076446 0.689765
vt 0.160787 0.654589
vt 0.076540 0.654589
vt 0.076732 0.621107
vt 0.160977 0.621148
vt 0.161167 0.587708
vt 0.076924 0.587624
vt 0.360606 0.294598
vt 0.360319 0.320686
vt 0.471991 0.320823
vt 0.472272 0.294872
vt 0.360033 0.346774
vt 0.471710 0.346774
vt 0.248648 0.320549
vt 0.245645 0.525000
vt 0.248940 0.294324
vt 0.414024 0.556312
vt 0.329776 0.556354
vt 0.245528 0.556396
vt 0.161283 0.556354
vt 0.077038 0.556312
vt 0.161398 0.525000
vt 0.077151 0.525000
vt 0.025281 0.320823
vt 0.136964 0.320686
vt 0.137251 0.294598
vt 0.025562 0.294872
vt 0.137828 0.261654
vt 0.026145 0.261792
vt 0.138406 0.228711
vt 0.026728 0.228711
vt 0.249512 0.261517
vt 0.250083 0.228711
vt 0.027509 0.190968
vt 0.139187 0.190968
vt 0.139967 0.153226
vt 0.028290 0.153226
vt 0.250864 0.190968
vt 0.251645 0.153226
vt 0.363323 0.153226
vt 0.362542 0.190968
vt 0.474219 0.190968
vt 0.475000 0.153226
vt 0.361761 0.228711
vt 0.473438 0.228711
vt 0.472855 0.261792
vt 0.361183 0.261654
vt 0.331138 0.862575
vt 0.332900 0.892007
vt 0.417129 0.892083
vt 0.415350 0.862727
vt 0.334661 0.921439
vt 0.418908 0.921439
vt 0.248670 0.891932
vt 0.250414 0.921439
vt 0.246927 0.862424
vt 0.421278 0.948220
vt 0.337032 0.948220
vt 0.339402 0.975000
vt 0.423649 0.975000
vt 0.252785 0.948220
vt 0.255155 0.975000
vt 0.170909 0.975000
vt 0.168538 0.948220
vt 0.084292 0.948220
vt 0.086662 0.975000
vt 0.166168 0.921439
vt 0.081921 0.921439
vt 0.080142 0.892083
vt 0.164406 0.892007
vt 0.162645 0.862575
vt 0.078364 0.862727
vt 0.329100 0.724957
vt 0.329228 0.760546
vt 0.413471 0.760538
vt 0.413338 0.724941
vt 0.329357 0.796135
vt 0.413604 0.796135
vt 0.244986 0.760554
vt 0.245110 0.796135
vt 0.244862 0.724974
vt 0.414477 0.829431
vt 0.330248 0.829355
vt 0.246018 0.829279
vt 0.161754 0.829355
vt 0.077490 0.829431
vt 0.160864 0.796135
vt 0.076617 0.796135
vt 0.076484 0.760538
vt 0.160735 0.760546
vt 0.160607 0.724957
vt 0.076351 0.724941
vt 0.329661 0.587708
vt 0.329470 0.621148
vt 0.413719 0.621107
vt 0.413911 0.587624
vt 0.329280 0.654589
vt 0.413527 0.654589
vt 0.245222 0.621190
vt 0.245033 0.654589
vt 0.245411 0.587791
vt 0.413432 0.689765
vt 0.329190 0.689773
vt 0.244948 0.689781
vt 0.160697 0.689773
vt 0.076446 0.689765
vt 0.160787 0.654589
vt 0.076540 0.654589
vt 0.076732 0.621107
vt 0.160977 0.621148
vt 0.161167 0.587708
vt 0.076924 0.587624
vt 0.360606 0.294598
vt 0.360319 0.320686
vt 0.471991 0.320823
vt 0.472272 0.294872
vt 0.360033 0.346774
vt 0.471710 0.346774
vt 0.248648 0.320549
vt 0.245645 0.525000
vt 0.248940 0.294324
vt 0.414024 0.556312
vt 0.329776 0.556354
vt 0.245528 0.556396
vt 0.161283 0.556354
vt 0.077038 0.556312
vt 0.161398 0.525000
vt 0.077151 0.525000
vt 0.025281 0.320823
vt 0.136964 0.320686
vt 0.137251 0.294598
vt 0.025562 0.294872
vt 0.137828 0.261654
vt 0.026145 0.261792
vt 0.138406 0.228711
vt 0.026728 0.228711
vt 0.249512 0.261517
vt 0.250083 0.228711
vt 0.027509 0.190968
vt 0.139187 0.190968
vt 0.139967 0.153226
vt 0.028290 0.153226
vt 0.250864 0.190968
vt 0.251645 0.153226
vt 0.363323 0.153226
vt 0.362542 0.190968
vt 0.474219 0.190968
vt 0.475000 0.153226
vt 0.361761 0.228711
vt 0.473438 0.228711
vt 0.472855 0.261792
vt 0.361183 0.261654
vt 0.331138 0.862575
vt 0.332900 0.892007
vt 0.417129 0.892083
vt 0.415350 0.862727
vt 0.334661 0.921439
vt 0.418908 0.921439
vt 0.248670 0.891932
vt 0.250414 0.921439
vt 0.246927 0.862424
vt 0.421278 0.948220
vt 0.337032 0.948220
vt 0.339402 0.975000
vt 0.423649 0.975000
vt 0.252785 0.948220
vt 0.255155 0.975000
vt 0.170909 0.975000
vt 0.168538 0.948220
vt 0.084292 0.948220
vt 0.086662 0.975000
vt 0.166168 0.921439
vt 0.081921 0.921439
vt 0.080142 0.892083
vt 0.164406 0.892007
vt 0.162645 0.862575
vt 0.078364 0.862727
vt 0.329100 0.724957
vt 0.329228 0.760546
vt 0.413471 0.760538
vt 0.413338 0.724941
vt 0.329357 0.796135
vt 0.413604 0.796135
vt 0.244986 0.760554
vt 0.245110 0.796135
vt 0.244862 0.724974
vt 0.414477 0.829431
vt 0.330248 0.829355
vt 0.246018 0.829279
vt 0.161754 0.829355
vt 0.077490 0.829431
vt 0.160864 0.796135
vt 0.076617 0.796135
vt 0.076484 0.760538
vt 0.160735 0.760546
vt 0.160607 0.724957
vt 0.076351 0.724941
vt 0.329661 0.587708
vt 0.329470 0.621148
vt 0.413719 0.621107
vt 0.413911 0.587624
vt 0.329280 0.654589
vt 0.413527 0.654589
vt 0.245222 0.621190
vt 0.245033 0.654589
vt 0.245411 0.587791
vt 0.413432 0.689765
vt 0.329190 0.689773
vt 0.244948 0.689781
vt 0.160697 0.689773
vt 0.076446 0.689765
vt 0.160787 0.654589
vt 0.076540 0.654589
vt 0.076732 0.621107
vt 0.160977 0.621148
vt 0.161167 0.587708
vt 0.076924 0.587624
vt 0.360606 0.294598
vt 0.360319 0.320686
vt 0.471991 0.320823
vt 0.472272 0.294872
vt 0.360033 0.346774
vt 0.471710 0.346774
vt 0.248648 0.320549
vt 0.245645 0.525000
vt 0.248940 0.294324
vt 0.414024 0.556312
vt 0.329776 0.556354
vt 0.245528 0.556396
vt 0.161283 0.556354
vt 0.077038 0.556312
vt 0.161398 0.525000
vt 0.077151 0.525000
vt 0.025281 0.320823
vt 0.136964 0.320686
vt 0.137251 0.294598
vt 0.025562 0.294872
vt 0.137828 0.261654
vt 0.026145 0.261792
vt 0.138406 0.228711
vt 0.026728 0.228711
vt 0.249512 0.261517
vt 0.250083 0.228711
vt 0.027509 0.190968
vt 0.139187 0.190968
vt 0.139967 0.153226
vt 0.028290 0.153226
vt 0.250864 0.190968
vt 0.251645 0.153226
vt 0.363323 0.153226
vt 0.362542 0.190968
vt 0.474219 0.190968
vt 0.475000 0.153226
vt 0.361761 0.228711
vt 0.473438 0.228711
vt 0.472855 0.261792
vt 0.361183 0.261654
vt 0.331138 0.862575
vt 0.332900 0.892007
vt 0.417129 0.892083
vt 0.415350 0.862727
vt 0.334661 0.921439
vt 0.418908 0.921439
vt 0.248670 0.891932
vt 0.250414 0.921439
vt 0.246927 0.862424
vt 0.421278 0.948220
vt 0.337032 0.948220
vt 0.339402 0.975000
vt 0.423649 0.975000
vt 0.252785 0.948220
vt 0.255155 0.975000
vt 0.170909 0.975000
vt 0.168538 0.948220
vt 0.084292 0.948220
vt 0.086662 0.975000
vt 0.166168 0.921439
vt 0.081921 0.921439
vt 0.080142 0.892083
vt 0.164406 0.892007
vt 0.162645 0.862575
vt 0.078364 0.862727
vt 0.329100 0.724957
vt 0.329228 0.760546
vt 0.413471 0.760538
vt 0.413338 0.724941
vt 0.329357 0.796135
vt 0.413604 0.796135
vt 0.244986 0.760554
vt 0.245110 0.796135
vt 0.244862 0.724974
vt 0.414477 0.829431
vt 0.330248 0.829355
vt 0.246018 0.829279
vt 0.161754 0.829355
vt 0.077490 0.829431
vt 0.160864 0.796135
vt 0.076617 0.796135
vt 0.076484 0.760538
vt 0.160735 0.760546
vt 0.160607 0.724957
vt 0.076351 0.724941
vt 0.329661 0.587708
vt 0.329470 0.621148
vt 0.413719 0.621107
vt 0.413911 0.587624
vt 0.329280 0.654589
vt 0.413527 0.654589
vt 0.245222 0.621190
vt 0.245033 0.654589
vt 0.245411 0.587791
vt 0.413432 0.689765
vt 0.329190 0.689773
vt 0.244948 0.689781
vt 0.160697 0.689773
vt 0.076446 0.689765
vt 0.160787 0.654589
vt 0.076540 0.654589
vt 0.076732 0.621107
vt 0.160977 0.621148
vt 0.161167 0.587708
vt 0.076924 0.587624
vt 0.360606 0.294598
vt 0.360319 0.320686
vt 0.471991 0.320823
vt 0.472272 0.294872
vt 0.360033 0.346774
vt 0.471710 0.346774
vt 0.248648 0.320549
vt 0.245645 0.525000
vt 0.248940 0.294324
vt 0.414024 0.556312
vt 0.329776 0.556354
vt 0.245528 0.556396
vt 0.161283 0.556354
vt 0.077038 0.556312
vt 0.161398 0.525000
vt 0.077151 0.525000
vt 0.025281 0.320823
vt 0.136964 0.320686
vt 0.137251 0.294598
vt 0.025562 0.294872
vt 0.137828 0.261654
vt 0.026145 0.261792
vt 0.138406 0.228711
vt 0.026728 0.228711
vt 0.249512 0.261517
vt 0.250083 0.228711
vt 0.027509 0.190968
vt 0.139187 0.190968
vt 0.139967 0.153226
vt 0.028290 0.153226
vt 0.250864 0.190968
vt 0.251645 0.153226
vt 0.363323 0.153226
vt 0.362542 0.190968
vt 0.474219 0.190968
vt 0.475000 0.153226
vt 0.361761 0.228711
vt 0.473438 0.228711
vt 0.472855 0.261792
vt 0.361183 0.261654
vt 0.331138 0.862575
vt 0.332900 0.892007
vt 0.417129 0.892083
vt 0.415350 0.862727
vt 0.334661 0.921439
vt 0.418908 0.921439
vt 0.248670 0.891932
vt 0.250414 0.921439
vt 0.246927 0.862424
vt 0.421278 0.948220
vt 0.337032 0.948220
vt 0.339402 0.975000
vt 0.423649 0.975000
vt 0.252785 0.948220
vt 0.255155 0.975000
vt 0.170909 0.975000
vt 0.168538 0.948220
vt 0.084292 0.948220
vt 0.086662 0.975000
vt 0.166168 0.921439
vt 0.081921 0.921439
vt 0.080142 0.892083
vt 0.164406 0.892007
vt 0.162645 0.862575
vt 0.078364 0.862727
vt 0.329100 0.724957
vt 0.329228 0.760546
vt 0.413471 0.760538
vt 0.413338 0.724941
vt 0.329357 0.796135
vt 0.413604 0.796135
vt 0.244986 0.760554
vt 0.245110 0.796135
vt 0.244862 0.724974
vt 0.414477 0.829431
vt 0.330248 0.829355
vt 0.246018 0.829279
vt 0.161754 0.829355
vt 0.077490 0.829431
vt 0.160864 0.796135
vt 0.076617 0.796135
vt 0.076484 0.760538
vt 0.160735 0.760546
vt 0.160607 0.724957
vt 0.076351 0.724941
vt 0.329661 0.587708
vt 0.329470 0.621148
vt 0.413719 0.621107
vt 0.413911 0.587624
vt 0.329280 0.654589
vt 0.413527 0.654589
vt 0.245222 0.621190
vt 0.245033 0.654589
vt 0.245411 0.587791
vt 0.413432 0.689765
vt 0.329190 0.689773
vt 0.244948 0.689781
vt 0.160697 0.689773
vt 0.076446 0.689765
vt 0.160787 0.654589
vt 0.076540 0.654589
vt 0.076732 0.621107
vt 0.160977 0.621148
vt 0.161167 0.587708
vt 0.076924 0.587624
vt 0.360606 0.294598
vt 0.360319 0.320686
vt 0.471991 0.320823
vt 0.472272 0.294872
vt 0.360033 0.346774
vt 0.471710 0.346774
vt 0.248648 0.320549
vt 0.245645 0.525000
vt 0.248940 0.294324
vt 0.414024 0.556312
vt 0.329776 0.556354
vt 0.245528 0.556396
vt 0.161283 0.556354
vt 0.077038 0.556312
vt 0.161398 0.525000
vt 0.077151 0.525000
vt 0.025281 0.320823
vt 0.136964 0.320686
vt 0.137251 0.294598
vt 0.025562 0.294872
vt 0.137828 0.261654
vt 0.026145 0.261792
vt 0.138406 0.228711
vt 0.026728 0.228711
vt 0.249512 0.261517
vt 0.250083 0.228711
vt 0.027509 0.190968
vt 0.139187 0.190968
vt 0.139967 0.153226
vt 0.028290 0.153226
vt 0.250864 0.190968
vt 0.251645 0.153226
vt 0.363323 0.153226
vt 0.362542 0.190968
vt 0.474219 0.190968
vt 0.475000 0.153226
vt 0.361761 0.228711
vt 0.473438 0.228711
vt 0.472855 0.261792
vt 0.361183 0.261654
vt 0.331138 0.862575
vt 0.332900 0.892007
vt 0.417129 0.892083
vt 0.415350 0.862727
vt 0.334661 0.921439
vt 0.418908 0.921439
vt 0.248670 0.891932
vt 0.250414 0.921439
vt 0.246927 0.862424
vt 0.421278 0.948220
vt 0.337032 0.948220
vt 0.339402 0.975000
vt 0.423649 0.975000
vt 0.252785 0.948220
vt 0.255155 0.975000
vt 0.170909 0.975000
vt 0.168538 0.948220
vt 0.084292 0.948220
vt 0.086662 0.975000
vt 0.166168 0.921439
vt 0.081921 0.921439
vt 0.080142 0.892083
vt 0.164406 0.892007
vt 0.162645 0.862575
vt 0.078364 0.862727
vt 0.329100 0.724957
vt 0.329228 0.760546
vt 0.413471 0.760538
vt 0.413338 0.724941
vt 0.329357 0.796135
vt 0.413604 0.796135
vt 0.244986 0.760554
vt 0.245110 0.796135
vt 0.244862 0.724974
vt 0.414477 0.829431
vt 0.330248 0.829355
vt 0.246018 0.829279
vt 0.161754 0.829355
vt 0.077490 0.829431
vt 0.160864 0.796135
vt 0.076617 0.796135
vt 0.076484 0.760538
vt 0.160735 0.760546
vt 0.160607 0.724957
vt 0.076351 0.724941
vt 0.329661 0.587708
vt 0.329470 0.621148
vt 0.413719 0.621107
vt 0.413911 0.587624
vt 0.329280 0.654589
vt 0.413527 0.654589
vt 0.245222 0.621190
vt 0.245033 0.654589
vt 0.245411 0.587791
vt 0.413432 0.689765
vt 0.329190 0.689773
vt 0.244948 0.689781
vt 0.160697 0.689773
vt 0.076446 0.689765
vt 0.160787 0.654589
vt 0.076540 0.654589
vt 0.076732 0.621107
vt 0.160977 0.621148
vt 0.161167 0.587708
vt 0.076924 0.587624
vt 0.360606 0.294598
vt 0.360319 0.320686
vt 0.471991 0.320823
vt 0.472272 0.294872
vt 0.360033 0.346774
vt 0.471710 0.346774
vt 0.248648 0.320549
vt 0.245645 0.525000
vt 0.248940 0.294324
vt 0.414024 0.556312
vt 0.329776 0.556354
vt 0.245528 0.556396
vt 0.161283 0.556354
vt 0.077038 0.556312
vt 0.161398 0.525000
vt 0.077151 0.525000
vt 0.025281 0.320823
vt 0.136964 0.320686
vt 0.137251 0.294598
vt 0.025562 0.294872
vt 0.137828 0.261654
vt 0.026145 0.261792
vt 0.138406 0.228711
vt 0.026728 0.228711
vt 0.249512 0.261517
vt 0.250083 0.228711
vt 0.027509 0.190968
vt 0.139187 0.190968
vt 0.139967 0.153226
vt 0.028290 0.153226
vt 0.250864 0.190968
vt 0.251645 0.153226
vt 0.363323 0.153226
vt 0.362542 0.190968
vt 0.474219 0.190968
vt 0.475000 0.153226
vt 0.361761 0.228711
vt 0.473438 0.228711
vt 0.472855 0.261792
vt 0.361183 0.261654
vt 0.331138 0.862575
vt 0.332900 0.892007
vt 0.417129 0.892083
vt 0.415350 0.862727
vt 0.334661 0.921439
vt 0.418908 0.921439
vt 0.248670 0.891932
vt 0.250414 0.921439
vt 0.246927 0.862424
vt 0.421278 0.948220
vt 0.337032 0.948220
vt 0.339402 0.975000
vt 0.423649 0.975000
vt 0.252785 0.948220
vt 0.255155 0.975000
vt 0.170909 0.975000
vt 0.168538 0.948220
vt 0.084292 0.948220
vt 0.086662 0.975000
vt 0.166168 0.921439
vt 0.081921 0.921439
vt 0.080142 0.892083
vt 0.164406 0.892007
vt 0.162645 0.862575
vt 0.078364 0.862727
vt 0.329100 0.724957
vt 0.329228 0.760546
vt 0.413471 0.760538
vt 0.413338 0.724941
vt 0.329357 0.796135
vt 0.413604 0.796135
vt 0.244986 0.760554
vt 0.245110 0.796135
vt 0.244862 0.724974
vt 0.414477 0.829431
vt 0.330248 0.829355
vt 0.246018 0.829279
vt 0.161754 0.829355
vt 0.077490 0.829431
vt 0.160864 0.796135
vt 0.076617 0.796135
vt 0.076484 0.760538
vt 0.160735 0.760546
vt 0.160607 0.724957
vt 0.076351 0.724941
vt 0.329661 0.587708
vt 0.329470 0.621148
vt 0.413719 0.621107
vt 0.413911 0.587624
vt 0.329280 0.654589
vt 0.413527 0.654589
vt 0.245222 0.621190
vt 0.245033 0.654589
vt 0.245411 0.587791
vt 0.413432 0.689765
vt 0.329190 0.689773
vt 0.244948 0.689781
vt 0.160697 0.689773
vt 0.076446 0.689765
vt 0.160787 0.654589
vt 0.076540 0.654589
vt 0.076732 0.621107
vt 0.160977 0.621148
vt 0.161167 0.587708
vt 0.076924 0.587624
vt 0.360606 0.294598
vt 0.360319 0.320686
vt 0.471991 0.320823
vt 0.472272 0.294872
vt 0.360033 0.346774
vt 0.471710 0.346774
vt 0.248648 0.320549
vt 0.245645 0.525000
vt 0.248940 0.294324
vt 0.414024 0.556312
vt 0.329776 0.556354
vt 0.245528 0.556396
vt 0.161283 0.556354
vt 0.077038 0.556312
vt 0.161398 0.525000
vt 0.077151 0.525000
vt 0.025281 0.320823
vt 0.136964 0.320686
vt 0.137251 0.294598
vt 0.025562 0.294872
vt 0.137828 0.261654
vt 0.026145 0.261792
vt 0.138406 0.228711
vt 0.026728 0.228711
vt 0.249512 0.261517
vt 0.250083 0.228711
vt 0.027509 0.190968
vt 0.139187 0.190968
vt 0.139967 0.153226
vt 0.028290 0.153226
vt 0.250864 0.190968
vt 0.251645 0.153226
vt 0.363323 0.153226
vt 0.362542 0.190968
vt 0.474219 0.190968
vt 0.475000 0.153226
vt 0.361761 0.228711
vt 0.473438 0.228711
vt 0.472855 0.261792
vt 0.361183 0.261654

o name 3
usemtl Material
usemap Material
f 3782/3782 3781/3781 3783/3783
f 3784/3784 3783/3783 3781/3781
f 3782/3782 3783/3783 3785/3785
f 3786/3786 3785/3785 3783/3783
f 3782/3782 3785/3785 3787/3787
f 3788/3788 3787/3787 3785/3785
f 3782/3782 3787/3787 3781/3781
f 3789/3789 3781/3781 3787/3787
f 3791/3791 3790/3790 3792/3792
f 3793/3793 3792/3792 3790/3790
f 3791/3791 3792/3792 3794/3794
f 3795/3795 3794/3794 3792/3792
f 3791/3791 3794/3794 3785/3785
f 3788/3788 3785/3785 3794/3794
f 3791/3791 3785/3785 3790/3790
f 3786/3786 3790/3790 3785/3785
f 3797/3797 3796/3796 3798/3798
f 3799/3799 3798/3798 3796/3796
f 3797/3797 3798/3798 3800/3800
f 3801/3801 3800/3800 3798/3798
f 3797/3797 3800/3800 3794/3794
f 3788/3788 3794/3794 3800/3800
f 3797/3797 3794/3794 3796/3796
f 3795/3795 3796/3796 3794/3794
f 3803/3803 3802/3802 3804/3804
f 3805/3805 3804/3804 3802/3802
f 3803/3803 3804/3804 3787/3787
f 3789/3789 3787/3787 3804/3804
f 3803/3803 3787/3787 3800/3800
f 3788/3788 3800/3800 3787/3787
f 3803/3803 3800/3800 3802/3802
f 3801/3801 3802/3802 3800/3800
f 3807/3807 3806/3806 3808/3808
f 3809/3809 3808/3808 3806/3806
f 3807/3807 3808/3808 3810/3810
f 3811/3811 3810/3810 3808/3808
f 3807/3807 3810/3810 3812/3812
f 3813/3813 3812/3812 3810/3810
f 3807/3807 3812/3812 3806/3806
f 3814/3814 3806/3806 3812/3812
f 3816/3816 3815/3815 3781/3781
f 3784/3784 3781/3781 3815/3815
f 3816/3816 3781/3781 3817/3817
f 3789/3789 3817/3817 3781/3781
f 3816/3816 3817/3817 3810/3810
f 3813/3813 3810/3810 3817/3817
f 3816/3816 3810/3810 3815/3815
f 3811/3811 3815/3815 3810/3810
f 3818/3818 3804/3804 3819/3819
f 3805/3805 3819/3819 3804/3804
f 3818/3818 3819/3819 3820/3820
f 3821/3821 3820/3820 3819/3819
f 3818/3818 3820/3820 3817/3817
f 3813/3813 3817/3817 3820/3820
f 3818/3818 3817/3817 3804/3804
f 3789/3789 3804/3804 3817/3817
f 3823/3823 3822/3822 3824/3824
f 3825/3825 3824/3824 3822/3822
f 3823/3823 3824/3824 3812/3812
f 3814/3814 3812/3812 3824/3824
f 3823/3823 3812/3812 3820/3820
f 3813/3813 3820/3820 3812/3812
f 3823/3823 3820/3820 3822/3822
f 3821/3821 3822/3822 3820/3820
f 3827/3827 3826/3826 3828/3828
f 3829/3829 3828/3828 3826/3826
f 3827/3827 3828/3828 3830/3830
f 3831/3831 3830/3830 3828/3828
f 3827/3827 3830/3830 3832/3832
f 3833/3833 3832/3832 3830/3830
f 3827/3827 3832/3832 3826/3826
f 3834/3834 3826/3826 3832/3832
f 3836/3836 3835/3835 3806/3806
f 3809/3809 3806/3806 3835/3835
f 3836/3836 3806/3806 3837/3837
f 3814/3814 3837/3837 3806/3806
f 3836/3836 3837/3837 3830/3830
f 3833/3833 3830/3830 3837/3837
f 3836/3836 3830/3830 3835/3835
f 3831/3831 3835/3835 3830/3830
f 3838/3838 3824/3824 3839/3839
f 3825/3825 3839/3839 3824/3824
f 3838/3838 3839/3839 3840/3840
f 3841/3841 3840/3840 3839/3839
f 3838/3838 3840/3840 3837/3837
f 3833/3833 3837/3837 3840/3840
f 3838/3838 3837/3837 3824/3824
f 3814/3814 3824/3824 3837/3837
f 3843/3843 3842/3842 3844/3844
f 3845/3845 3844/3844 3842/3842
f 3843/3843 3844/3844 3832/3832
f 3834/3834 3832/3832 3844/3844
f 3843/3843 3832/3832 3840/3840
f 3833/3833 3840/3840 3832/3832
f 3843/3843 3840/3840 3842/3842
f 3841/3841 3842/3842 3840/3840
f 3847/3847 3846/3846 3848/3848
f 3849/3849 3848/3848 3846/3846
f 3847/3847 3848/3848 3850/3850
f 3851/3851 3850/3850 3848/3848
f 3847/3847 3850/3850 3852/3852
f 3853/3853 3852/3852 3850/3850
f 3847/3847 3852/3852 3846/3846
f 3854/3854 3846/3846 3852/3852
f 3856/3856 3855/3855 3826/3826
f 3829/3829 3826/3826 3855/3855
f 3856/3856 3826/3826 3857/3857
f 3834/3834 3857/3857 3826/3826
f 3856/3856 3857/3857 3850/3850
f 3853/3853 3850/3850 3857/3857
f 3856/3856 3850/3850 3855/3855
f 3851/3851 3855/3855 3850/3850
f 3858/3858 3844/3844 3859/3859
f 3845/3845 3859/3859 3844/3844
f 3858/3858 3859/3859 3860/3860
f 3861/3861 3860/3860 3859/3859
f 3858/3858 3860/3860 3857/3857
f 3853/3853 3857/3857 3860/3860
f 3858/3858 3857/3857 3844/3844
f 3834/3834 3844/3844 3857/3857
f 3863/3863 3862/3862 3864/3864
f 3865/3865 3864/3864 3862/3862
f 3863/3863 3864/3864 3852/3852
f 3854/3854 3852/3852 3864/3864
f 3863/3863 3852/3852 3860/3860
f 3853/3853 3860/3860 3852/3852
f 3863/3863 3860/3860 3862/3862
f 3861/3861 3862/3862 3860/3860
f 3866/3866 3864/3864 3867/3867
f 3865/3865 3867/3867 3864/3864
f 3866/3866 3867/3867 3868/3868
f 3869/3869 3868/3868 3867/3867
f 3866/3866 3868/3868 3870/3870
f 3871/3871 3870/3870 3868/3868
f 3866/3866 3870/3870 3864/3864
f 3854/3854 3864/3864 3870/3870
f 3873/3873 3872/3872 3874/3874
f 3875/3875 3874/3874 3872/3872
f 3873/3873 3874/3874 3876/3876
f 3877/3877 3876/3876 3874/3874
f 3873/3873 3876/3876 3868/3868
f 3871/3871 3868/3868 3876/3876
f 3873/3873 3868/3868 3872/3872
f 3869/3869 3872/3872 3868/3868
f 3879/3879 3878/3878 3880/3880
f 3881/3881 3880/3880 3878/3878
f 3879/3879 3880/3880 3882/3882
f 3883/3883 3882/3882 3880/3880
f 3879/3879 3882/3882 3876/3876
f 3871/3871 3876/3876 3882/3882
f 3879/3879 3876/3876 3878/3878
f 3877/3877 3878/3878 3876/3876
f 3885/3885 3884/3884 3846/3846
f 3849/3849 3846/3846 3884/3884
f 3885/3885 3846/3846 3870/3870
f 3854/3854 3870/3870 3846/3846
f 3885/3885 3870/3870 3882/3882
f 3871/3871 3882/3882 3870/3870
f 3885/3885 3882/3882 3884/3884
f 3883/3883 3884/3884 3882/3882
f 3887/3887 3886/3886 3888/3888
f 3889/3889 3888/3888 3886/3886
f 3887/3887 3888/3888 3890/3890
f 3891/3891 3890/3890 3888/3888
f 3887/3887 3890/3890 3892/3892
f 3893/3893 3892/3892 3890/3890
f 3887/3887 3892/3892 3886/3886
f 3894/3894 3886/3886 3892/3892
f 3896/3896 3895/3895 3897/3897
f 3898/3898 3897/3897 3895/3895
f 3896/3896 3897/3897 3899/3899
f 3900/3900 3899/3899 3897/3897
f 3896/3896 3899/3899 3890/3890
f 3893/3893 3890/3890 3899/3899
f 3896/3896 3890/3890 3895/3895
f 3891/3891 3895/3895 3890/3890
f 3902/3902 3901/3901 3903/3903
f 3904/3904 3903/3903 3901/3901
f 3902/3902 3903/3903 3905/3905
f 3906/3906 3905/3905 3903/3903
f 3902/3902 3905/3905 3899/3899
f 3893/3893 3899/3899 3905/3905
f 3902/3902 3899/3899 3901/3901
f 3900/3900 3901/3901 3899/3899
f 3908/3908 3907/3907 3909/3909
f 3910/3910 3909/3909 3907/3907
f 3908/3908 3909/3909 3892/3892
f 3894/3894 3892/3892 3909/3909
f 3908/3908 3892/3892 3905/3905
f 3893/3893 3905/3905 3892/3892
f 3908/3908 3905/3905 3907/3907
f 3906/3906 3907/3907 3905/3905
f 3912/3912 3911/3911 3913/3913
f 3914/3914 3913/3913 3911/3911
f 3912/3912 3913/3913 3915/3915
f 3916/3916 3915/3915 3913/3913
f 3912/3912 3915/3915 3917/3917
f 3918/3918 3917/3917 3915/3915
f 3912/3912 3917/3917 3911/3911
f 3919/3919 3911/3911 3917/3917
f 3921/3921 3920/3920 3886/3886
f 3889/3889 3886/3886 3920/3920
f 3921/3921 3886/3886 3922/3922
f 3894/3894 3922/3922 3886/3886
f 3921/3921 3922/3922 3915/3915
f 3918/3918 3915/3915 3922/3922
f 3921/3921 3915/3915 3920/3920
f 3916/3916 3920/3920 3915/3915
f 3923/3923 3909/3909 3924/3924
f 3910/3910 3924/3924 3909/3909
f 3923/3923 3924/3924 3925/3925
f 3926/3926 3925/3925 3924/3924
f 3923/3923 3925/3925 3922/3922
f 3918/3918 3922/3922 3925/3925
f 3923/3923 3922/3922 3909/3909
f 3894/3894 3909/3909 3922/3922
f 3928/3928 3927/3927 3929/3929
f 3930/3930 3929/3929 3927/3927
f 3928/3928 3929/3929 3917/3917
f 3919/3919 3917/3917 3929/3929
f 3928/3928 3917/3917 3925/3925
f 3918/3918 3925/3925 3917/3917
f 3928/3928 3925/3925 3927/3927
f 3926/3926 3927/3927 3925/3925
f 3932/3932 3931/3931 3933/3933
f 3934/3934 3933/3933 3931/3931
f 3932/3932 3933/3933 3935/3935
f 3936/3936 3935/3935 3933/3933
f 3932/3932 3935/3935 3937/3937
f 3938/3938 3937/3937 3935/3935
f 3932/3932 3937/3937 3931/3931
f 3939/3939 3931/3931 3937/3937
f 3941/3941 3940/3940 3911/3911
f 3914/3914 3911/3911 3940/3940
f 3941/3941 3911/3911 3942/3942
f 3919/3919 3942/3942 3911/3911
f 3941/3941 3942/3942 3935/3935
f 3938/3938 3935/3935 3942/3942
f 3941/3941 3935/3935 3940/3940
f 3936/3936 3940/3940 3935/3935
f 3943/3943 3929/3929 3944/3944
f 3930/3930 3944/3944 3929/3929
f 3943/3943 3944/3944 3945/3945
f 3946/3946 3945/3945 3944/3944
f 3943/3943 3945/3945 3942/3942
f 3938/3938 3942/3942 3945/3945
f 3943/3943 3942/3942 3929/3929
f 3919/3919 3929/3929 3942/3942
f 3948/3948 3947/3947 3949/3949
f 3950/3950 3949/3949 3947/3947
f 3948/3948 3949/3949 3937/3937
f 3939/3939 3937/3937 3949/3949
f 3948/3948 3937/3937 3945/3945
f 3938/3938 3945/3945 3937/3937
f 3948/3948 3945/3945 3947/3947
f 3946/3946 3947/3947 3945/3945
f 3952/3952 3951/3951 3953/3953
f 3954/3954 3953/3953 3951/3951
f 3952/3952 3953/3953 3955/3955
f 3956/3956 3955/3955 3953/3953
f 3952/3952 3955/3955 3957/3957
f 3958/3958 3957/3957 3955/3955
f 3952/3952 3957/3957 3951/3951
f 3959/3959 3951/3951 3957/3957
f 3961/3961 3960/3960 3931/3931
f 3934/3934 3931/3931 3960/3960
f 3961/3961 3931/3931 3962/3962
f 3939/3939 3962/3962 3931/3931
f 3961/3961 3962/3962 3955/3955
f 3958/3958 3955/3955 3962/3962
f 3961/3961 3955/3955 3960/3960
f 3956/3956 3960/3960 3955/3955
f 3963/3963 3949/3949 3964/3964
f 3950/3950 3964/3964 3949/3949
f 3963/3963 3964/3964 3965/3965
f 3966/3966 3965/3965 3964/3964
f 3963/3963 3965/3965 3962/3962
f 3958/3958 3962/3962 3965/3965
f 3963/3963 3962/3962 3949/3949
f 3939/3939 3949/3949 3962/3962
f 3968/3968 3967/3967 3969/3969
f 3970/3970 3969/3969 3967/3967
f 3968/3968 3969/3969 3957/3957
f 3959/3959 3957/3957 3969/3969
f 3968/3968 3957/3957 3965/3965
f 3958/3958 3965/3965 3957/3957
f 3968/3968 3965/3965 3967/3967
f 3966/3966 3967/3967 3965/3965
f 3971/3971 3969/3969 3972/3972
f 3970/3970 3972/3972 3969/3969
f 3971/3971 3972/3972 3973/3973
f 3974/3974 3973/3973 3972/3972
f 3971/3971 3973/3973 3975/3975
f 3976/3976 3975/3975 3973/3973
f 3971/3971 3975/3975 3969/3969
f 3959/3959 3969/3969 3975/3975
f 3978/3978 3977/3977 3979/3979
f 3980/3980 3979/3979 3977/3977
f 3978/3978 3979/3979 3981/3981
f 3982/3982 3981/3981 3979/3979
f 3978/3978 3981/3981 3973/3973
f 3976/3976 3973/3973 3981/3981
f 3978/3978 3973/3973 3977/3977
f 3974/3974 3977/3977 3973/3973
f 3984/3984 3983/3983 3985/3985
f 3986/3986 3985/3985 3983/3983
f 3984/3984 3985/3985 3987/3987
f 3988/3988 3987/3987 3985/3985
f 3984/3984 3987/3987 3981/3981
f 3976/3976 3981/3981 3987/3987
f 3984/3984 3981/3981 3983/3983
f 3982/3982 3983/3983 3981/3981
f 3990/3990 3989/3989 3951/3951
f 3954/3954 3951/3951 3989/3989
f 3990/3990 3951/3951 3975/3975
f 3959/3959 3975/3975 3951/3951
f 3990/3990 3975/3975 3987/3987
f 3976/3976 3987/3987 3975/3975
f 3990/3990 3987/3987 3989/3989
f 3988/3988 3989/3989 3987/3987
f 3992/3992 3991/3991 3993/3993
f 3994/3994 3993/3993 3991/3991
f 3992/3992 3993/3993 3995/3995
f 3996/3996 3995/3995 3993/3993
f 3992/3992 3995/3995 3997/3997
f 3998/3998 3997/3997 3995/3995
f 3992/3992 3997/3997 3991/3991
f 3999/3999 3991/3991 3997/3997
f 4001/4001 4000/4000 4002/4002
f 4003/4003 4002/4002 4000/4000
f 4001/4001 4002/4002 4004/4004
f 4005/4005 4004/4004 4002/4002
f 4001/4001 4004/4004 3995/3995
f 3998/3998 3995/3995 4004/4004
f 4001/4001 3995/3995 4000/4000
f 3996/3996 4000/4000 3995/3995
f 4007/4007 4006/4006 4008/4008
f 4009/4009 4008/4008 4006/4006
f 4007/4007 4008/4008 4010/4010
f 4011/4011 4010/4010 4008/4008
f 4007/4007 4010/4010 4004/4004
f 3998/3998 4004/4004 4010/4010
f 4007/4007 4004/4004 4006/4006
f 4005/4005 4006/4006 4004/4004
f 4013/4013 4012/4012 4014/4014
f 4015/4015 4014/4014 4012/4012
f 4013/4013 4014/4014 3997/3997
f 3999/3999 3997/3997 4014/4014
f 4013/4013 3997/3997 4010/4010
f 3998/3998 4010/4010 3997/3997
f 4013/4013 4010/4010 4012/4012
f 4011/4011 4012/4012 4010/4010
f 4017/4017 4016/4016 4018/4018
f 4019/4019 4018/4018 4016/4016
f 4017/4017 4018/4018 4020/4020
f 4021/4021 4020/4020 4018/4018
f 4017/4017 4020/4020 4022/4022
f 4023/4023 4022/4022 4020/4020
f 4017/4017 4022/4022 4016/4016
f 4024/4024 4016/4016 4022/4022
f 4026/4026 4025/4025 3991/3991
f 3994/3994 3991/3991 4025/4025
f 4026/4026 3991/3991 4027/4027
f 3999/3999 4027/4027 3991/3991
f 4026/4026 4027/4027 4020/4020
f 4023/4023 4020/4020 4027/4027
f 4026/4026 4020/4020 4025/4025
f 4021/4021 4025/4025 4020/4020
f 4028/4028 4014/4014 4029/4029
f 4015/4015 4029/4029 4014/4014
f 4028/4028 4029/4029 4030/4030
f 4031/4031 4030/4030 4029/4029
f 4028/4028 4030/4030 4027/4027
f 4023/4023 4027/4027 4030/4030
f 4028/4028 4027/4027 4014/4014
f 3999/3999 4014/4014 4027/4027
f 4033/4033 4032/4032 4034/4034
f 4035/4035 4034/4034 4032/4032
f 4033/4033 4034/4034 4022/4022
f 4024/4024 4022/4022 4034/4034
f 4033/4033 4022/4022 4030/4030
f 4023/4023 4030/4030 4022/4022
f 4033/4033 4030/4030 4032/4032
f 4031/4031 4032/4032 4030/4030
f 4037/4037 4036/4036 4038/4038
f 4039/4039 4038/4038 4036/4036
f 4037/4037 4038/4038 4040/4040
f 4041/4041 4040/4040 4038/4038
f 4037/4037 4040/4040 4042/4042
f 4043/4043 4042/4042 4040/4040
f 4037/4037 4042/4042 4036/4036
f 4044/4044 4036/4036 4042/4042
f 4046/4046 4045/4045 4016/4016
f 4019/4019 4016/4016 4045/4045
f 4046/4046 4016/4016 4047/4047
f 4024/4024 4047/4047 4016/4016
f 4046/4046 4047/4047 4040/4040
f 4043/4043 4040/4040 4047/4047
f 4046/4046 4040/4040 4045/4045
f 4041/4041 4045/4045 4040/4040
f 4048/4048 4034/4034 4049/4049
f 4035/4035 4049/4049 4034/4034
f 4048/4048 4049/4049 4050/4050
f 4051/4051 4050/4050 4049/4049
f 4048/4048 4050/4050 4047/4047
f 4043/4043 4047/4047 4050/4050
f 4048/4048 4047/4047 4034/4034
f 4024/4024 4034/4034 4047/4047
f 4053/4053 4052/4052 4054/4054
f 4055/4055 4054/4054 4052/4052
f 4053/4053 4054/4054 4042/4042
f 4044/4044 4042/4042 4054/4054
f 4053/4053 4042/4042 4050/4050
f 4043/4043 4050/4050 4042/4042
f 4053/4053 4050/4050 4052/4052
f 4051/4051 4052/4052 4050/4050
f 4057/4057 4056/4056 4058/4058
f 4059/4059 4058/4058 4056/4056
f 4057/4057 4058/4058 4060/4060
f 4061/4061 4060/4060 4058/4058
f 4057/4057 4060/4060 4062/4062
f 4063/4063 4062/4062 4060/4060
f 4057/4057 4062/4062 4056/4056
f 4064/4064 4056/4056 4062/4062
f 4066/4066 4065/4065 4036/4036
f 4039/4039 4036/4036 4065/4065
f 4066/4066 4036/4036 4067/4067
f 4044/4044 4067/4067 4036/4036
f 4066/4066 4067/4067 4060/4060
f 4063/4063 4060/4060 4067/4067
f 4066/4066 4060/4060 4065/4065
f 4061/4061 4065/4065 4060/4060
f 4068/4068 4054/4054 4069/4069
f 4055/4055 4069/4069 4054/4054
f 4068/4068 4069/4069 4070/4070
f 4071/4071 4070/4070 4069/4069
f 4068/4068 4070/4070 4067/4067
f 4063/4063 4067/4067 4070/4070
f 4068/4068 4067/4067 4054/4054
f 4044/4044 4054/4054 4067/4067
f 4073/4073 4072/4072 4074/4074
f 4075/4075 4074/4074 4072/4072
f 4073/4073 4074/4074 4062/4062
f 4064/4064 4062/4062 4074/4074
f 4073/4073 4062/4062 4070/4070
f 4063/4063 4070/4070 4062/4062
f 4073/4073 4070/4070 4072/4072
f 4071/4071 4072/4072 4070/4070
f 4076/4076 4074/4074 4077/4077
f 4075/4075 4077/4077 4074/4074
f 4076/4076 4077/4077 4078/4078
f 4079/4079 4078/4078 4077/4077
f 4076/4076 4078/4078 4080/4080
f 4081/4081 4080/4080 4078/4078
f 4076/4076 4080/4080 4074/4074
f 4064/4064 4074/4074 4080/4080
f 4083/4083 4082/4082 4084/4084
f 4085/4085 4084/4084 4082/4082
f 4083/4083 4084/4084 4086/4086
f 4087/4087 4086/4086 4084/4084
f 4083/4083 4086/4086 4078/4078
f 4081/4081 4078/4078 4086/4086
f 4083/4083 4078/4078 4082/4082
f 4079/4079 4082/4082 4078/4078
f 4089/4089 4088/4088 4090/4090
f 4091/4091 4090/4090 4088/4088
f 4089/4089 4090/4090 4092/4092
f 4093/4093 4092/4092 4090/4090
f 4089/4089 4092/4092 4086/4086
f 4081/4081 4086/4086 4092/4092
f 4089/4089 4086/4086 4088/4088
f 4087/4087 4088/4088 4086/4086
f 4095/4095 4094/4094 4056/4056
f 4059/4059 4056/4056 4094/4094
f 4095/4095 4056/4056 4080/4080
f 4064/4064 4080/4080 4056/4056
f 4095/4095 4080/4080 4092/4092
f 4081/4081 4092/4092 4080/4080
f 4095/4095 4092/4092 4094/4094
f 4093/4093 4094/4094 4092/4092
f 4097/4097 4096/4096 4098/4098
f 4099/4099 4098/4098 4096/4096
f 4097/4097 4098/4098 4100/4100
f 4101/4101 4100/4100 4098/4098
f 4097/4097 4100/4100 4102/4102
f 4103/4103 4102/4102 4100/4100
f 4097/4097 4102/4102 4096/4096
f 4104/4104 4096/4096 4102/4102
f 4106/4106 4105/4105 4107/4107
f 4108/4108 4107/4107 4105/4105
f 4106/4106 4107/4107 4109/4109
f 4110/4110 4109/4109 4107/4107
f 4106/4106 4109/4109 4100/4100
f 4103/4103 4100/4100 4109/4109
f 4106/4106 4100/4100 4105/4105
f 4101/4101 4105/4105 4100/4100
f 4112/4112 4111/4111 4113/4113
f 4114/4114 4113/4113 4111/4111
f 4112/4112 4113/4113 4115/4115
f 4116/4116 4115/4115 4113/4113
f 4112/4112 4115/4115 4109/4109
f 4103/4103 4109/4109 4115/4115
f 4112/4112 4109/4109 4111/4111
f 4110/4110 4111/4111 4109/4109
f 4118/4118 4117/4117 4119/4119
f 4120/4120 4119/4119 4117/4117
f 4118/4118 4119/4119 4102/4102
f 4104/4104 4102/4102 4119/4119
f 4118/4118 4102/4102 4115/4115
f 4103/4103 4115/4115 4102/4102
f 4118/4118 4115/4115 4117/4117
f 4116/4116 4117/4117 4115/4115
f 4122/4122 4121/4121 4123/4123
f 4124/4124 4123/4123 4121/4121
f 4122/4122 4123/4123 4125/4125
f 4126/4126 4125/4125 4123/4123
f 4122/4122 4125/4125 4127/4127
f 4128/4128 4127/4127 4125/4125
f 4122/4122 4127/4127 4121/4121
f 4129/4129 4121/4121 4127/4127
f 4131/4131 4130/4130 4096/4096
f 4099/4099 4096/4096 4130/4130
f 4131/4131 4096/4096 4132/4132
f 4104/4104 4132/4132 4096/4096
f 4131/4131 4132/4132 4125/4125
f 4128/4128 4125/4125 4132/4132
f 4131/4131 4125/4125 4130/4130
f 4126/4126 4130/4130 4125/4125
f 4133/4133 4119/4119 4134/4134
f 4120/4120 4134/4134 4119/4119
f 4133/4133 4134/4134 4135/4135
f 4136/4136 4135/4135 4134/4134
f 4133/4133 4135/4135 4132/4132
f 4128/4128 4132/4132 4135/4135
f 4133/4133 4132/4132 4119/4119
f 4104/4104 4119/4119 4132/4132
f 4138/4138 4137/4137 4139/4139
f 4140/4140 4139/4139 4137/4137
f 4138/4138 4139/4139 4127/4127
f 4129/4129 4127/4127 4139/4139
f 4138/4138 4127/4127 4135/4135
f 4128/4128 4135/4135 4127/4127
f 4138/4138 4135/4135 4137/4137
f 4136/4136 4137/4137 4135/4135
f 4142/4142 4141/4141 4143/4143
f 4144/4144 4143/4143 4141/4141
f 4142/4142 4143/4143 4145/4145
f 4146/4146 4145/4145 4143/4143
f 4142/4142 4145/4145 4147/4147
f 4148/4148 4147/4147 4145/4145
f 4142/4142 4147/4147 4141/4141
f 4149/4149 4141/4141 4147/4147
f 4151/4151 4150/4150 4121/4121
f 4124/4124 4121/4121 4150/4150
f 4151/4151 4121/4121 4152/4152
f 4129/4129 4152/4152 4121/4121
f 4151/4151 4152/4152 4145/4145
f 4148/4148 4145/4145 4152/4152
f 4151/4151 4145/4145 4150/4150
f 4146/4146 4150/4150 4145/4145
f 4153/4153 4139/4139 4154/4154
f 4140/4140 4154/4154 4139/4139
f 4153/4153 4154/4154 4155/4155
f 4156/4156 4155/4155 4154/4154
f 4153/4153 4155/4155 4152/4152
f 4148/4148 4152/4152 4155/4155
f 4153/4153 4152/4152 4139/4139
f 4129/4129 4139/4139 4152/4152
f 4158/4158 4157/4157 4159/4159
f 4160/4160 4159/4159 4157/4157
f 4158/4158 4159/4159 4147/4147
f 4149/4149 4147/4147 4159/4159
f 4158/4158 4147/4147 4155/4155
f 4148/4148 4155/4155 4147/4147
f 4158/4158 4155/4155 4157/4157
f 4156/4156 4157/4157 4155/4155
f 4162/4162 4161/4161 4163/4163
f 4164/4164 4163/4163 4161/4161
f 4162/4162 4163/4163 4165/4165
f 4166/4166 4165/4165 4163/4163
f 4162/4162 4165/4165 4167/4167
f 4168/4168 4167/4167 4165/4165
f 4162/4162 4167/4167 4161/4161
f 4169/4169 4161/4161 4167/4167
f 4171/4171 4170/4170 4141/4141
f 4144/4144 4141/4141 4170/4170
f 4171/4171 4141/4141 4172/4172
f 4149/4149 4172/4172 4141/4141
f 4171/4171 4172/4172 4165/4165
f 4168/4168 4165/4165 4172/4172
f 4171/4171 4165/4165 4170/4170
f 4166/4166 4170/4170 4165/4165
f 4173/4173 4159/4159 4174/4174
f 4160/4160 4174/4174 4159/4159
f 4173/4173 4174/4174 4175/4175
f 4176/4176 4175/4175 4174/4174
f 4173/4173 4175/4175 4172/4172
f 4168/4168 4172/4172 4175/4175
f 4173/4173 4172/4172 4159/4159
f 4149/4149 4159/4159 4172/4172
f 4178/4178 4177/4177 4179/4179
f 4180/4180 4179/4179 4177/4177
f 4178/4178 4179/4179 4167/4167
f 4169/4169 4167/4167 4179/4179
f 4178/4178 4167/4167 4175/4175
f 4168/4168 4175/4175 4167/4167
f 4178/4178 4175/4175 4177/4177
f 4176/4176 4177/4177 4175/4175
f 4181/4181 4179/4179 4182/4182
f 4180/4180 4182/4182 4179/4179
f 4181/4181 4182/4182 4183/4183
f 4184/4184 4183/4183 4182/4182
f 4181/4181 4183/4183 4185/4185
f 4186/4186 4185/4185 4183/4183
f 4181/4181 4185/4185 4179/4179
f 4169/4169 4179/4179 4185/4185
f 4188/4188 4187/4187 4189/4189
f 4190/4190 4189/4189 4187/4187
f 4188/4188 4189/4189 4191/4191
f 4192/4192 4191/4191 4189/4189
f 4188/4188 4191/4191 4183/4183
f 4186/4186 4183/4183 4191/4191
f 4188/4188 4183/4183 4187/4187
f 4184/4184 4187/4187 4183/4183
f 4194/4194 4193/4193 4195/4195
f 4196/4196 4195/4195 4193/4193
f 4194/4194 4195/4195 4197/4197
f 4198/4198 4197/4197 4195/4195
f 4194/4194 4197/4197 4191/4191
f 4186/4186 4191/4191 4197/4197
f 4194/4194 4191/4191 4193/4193
f 4192/4192 4193/4193 4191/4191
f 4200/4200 4199/4199 4161/4161
f 4164/4164 4161/4161 4199/4199
f 4200/4200 4161/4161 4185/4185
f 4169/4169 4185/4185 4161/4161
f 4200/4200 4185/4185 4197/4197
f 4186/4186 4197/4197 4185/4185
f 4200/4200 4197/4197 4199/4199
f 4198/4198 4199/4199 4197/4197
f 4202/4202 4201/4201 4203/4203
f 4204/4204 4203/4203 4201/4201
f 4202/4202 4203/4203 4205/4205
f 4206/4206 4205/4205 4203/4203
f 4202/4202 4205/4205 4207/4207
f 4208/4208 4207/4207 4205/4205
f 4202/4202 4207/4207 4201/4201
f 4209/4209 4201/4201 4207/4207
f 4211/4211 4210/4210 4212/4212
f 4213/4213 4212/4212 4210/4210
f 4211/4211 4212/4212 4214/4214
f 4215/4215 4214/4214 4212/4212
f 4211/4211 4214/4214 4205/4205
f 4208/4208 4205/4205 4214/4214
f 4211/4211 4205/4205 4210/4210
f 4206/4206 4210/4210 4205/4205
f 4217/4217 4216/4216 4218/4218
f 4219/4219 4218/4218 4216/4216
f 4217/4217 4218/4218 4220/4220
f 4221/4221 4220/4220 4218/4218
f 4217/4217 4220/4220 4214/4214
f 4208/4208 4214/4214 4220/4220
f 4217/4217 4214/4214 4216/4216
f 4215/4215 4216/4216 4214/4214
f 4223/4223 4222/4222 4224/4224
f 4225/4225 4224/4224 4222/4222
f 4223/4223 4224/4224 4207/4207
f 4209/4209 4207/4207 4224/4224
f 4223/4223 4207/4207 4220/4220
f 4208/4208 4220/4220 4207/4207
f 4223/4223 4220/4220 4222/4222
f 4221/4221 4222/4222 4220/4220
f 4227/4227 4226/4226 4228/4228
f 4229/4229 4228/4228 4226/4226
f 4227/4227 4228/4228 4230/4230
f 4231/4231 4230/4230 4228/4228
f 4227/4227 4230/4230 4232/4232
f 4233/4233 4232/4232 4230/4230
f 4227/4227 4232/4232 4226/4226
f 4234/4234 4226/4226 4232/4232
f 4236/4236 4235/4235 4201/4201
f 4204/4204 4201/4201 4235/4235
f 4236/4236 4201/4201 4237/4237
f 4209/4209 4237/4237 4201/4201
f 4236/4236 4237/4237 4230/4230
f 4233/4233 4230/4230 4237/4237
f 4236/4236 4230/4230 4235/4235
f 4231/4231 4235/4235 4230/4230
f 4238/4238 4224/4224 4239/4239
f 4225/4225 4239/4239 4224/4224
f 4238/4238 4239/4239 4240/4240
f 4241/4241 4240/4240 4239/4239
f 4238/4238 4240/4240 4237/4237
f 4233/4233 4237/4237 4240/4240
f 4238/4238 4237/4237 4224/4224
f 4209/4209 4224/4224 4237/4237
f 4243/4243 4242/4242 4244/4244
f 4245/4245 4244/4244 4242/4242
f 4243/4243 4244/4244 4232/4232
f 4234/4234 4232/4232 4244/4244
f 4243/4243 4232/4232 4240/4240
f 4233/4233 4240/4240 4232/4232
f 4243/4243 4240/4240 4242/4242
f 4241/4241 4242/4242 4240/4240
f 4247/4247 4246/4246 4248/4248
f 4249/4249 4248/4248 4246/4246
f 4247/4247 4248/4248 4250/4250
f 4251/4251 4250/4250 4248/4248
f 4247/4247 4250/4250 4252/4252
f 4253/4253 4252/4252 4250/4250
f 4247/4247 4252/4252 4246/4246
f 4254/4254 4246/4246 4252/4252
f 4256/4256 4255/4255 4226/4226
f 4229/4229 4226/4226 4255/4255
f 4256/4256 4226/4226 4257/4257
f 4234/4234 4257/4257 4226/4226
f 4256/4256 4257/4257 4250/4250
f 4253/4253 4250/4250 4257/4257
f 4256/4256 4250/4250 4255/4255
f 4251/4251 4255/4255 4250/4250
f 4258/4258 4244/4244 4259/4259
f 4245/4245 4259/4259 4244/4244
f 4258/4258 4259/4259 4260/4260
f 4261/4261 4260/4260 4259/4259
f 4258/4258 4260/4260 4257/4257
f 4253/4253 4257/4257 4260/4260
f 4258/4258 4257/4257 4244/4244
f 4234/4234 4244/4244 4257/4257
f 4263/4263 4262/4262 4264/4264
f 4265/4265 4264/4264 4262/4262
f 4263/4263 4264/4264 4252/4252
f 4254/4254 4252/4252 4264/4264
f 4263/4263 4252/4252 4260/4260
f 4253/4253 4260/4260 4252/4252
f 4263/4263 4260/4260 4262/4262
f 4261/4261 4262/4262 4260/4260
f 4267/4267 4266/4266 4268/4268
f 4269/4269 4268/4268 4266/4266
f 4267/4267 4268/4268 4270/4270
f 4271/4271 4270/4270 4268/4268
f 4267/4267 4270/4270 4272/4272
f 4273/4273 4272/4272 4270/4270
f 4267/4267 4272/4272 4266/4266
f 4274/4274 4266/4266 4272/4272
f 4276/4276 4275/4275 4246/4246
f 4249/4249 4246/4246 4275/4275
f 4276/4276 4246/4246 4277/4277
f 4254/4254 4277/4277 4246/4246
f 4276/4276 4277/4277 4270/4270
f 4273/4273 4270/4270 4277/4277
f 4276/4276 4270/4270 4275/4275
f 4271/4271 4275/4275 4270/4270
f 4278/4278 4264/4264 4279/4279
f 4265/4265 4279/4279 4264/4264
f 4278/4278 4279/4279 4280/4280
f 4281/4281 4280/4280 4279/4279
f 4278/4278 4280/4280 4277/4277
f 4273/4273 4277/4277 4280/4280
f 4278/4278 4277/4277 4264/4264
f 4254/4254 4264/4264 4277/4277
f 4283/4283 4282/4282 4284/4284
f 4285/4285 4284/4284 4282/4282
f 4283/4283 4284/4284 4272/4272
f 4274/4274 4272/4272 4284/4284
f 4283/4283 4272/4272 4280/4280
f 4273/4273 4280/4280 4272/4272
f 4283/4283 4280/4280 4282/4282
f 4281/4281 4282/4282 4280/4280
f 4286/4286 4284/4284 4287/4287
f 4285/4285 4287/4287 4284/4284
f 4286/4286 4287/4287 4288/4288
f 4289/4289 4288/4288 4287/4287
f 4286/4286 4288/4288 4290/4290
f 4291/4291 4290/4290 4288/4288
f 4286/4286 4290/4290 4284/4284
f 4274/4274 4284/4284 4290/4290
f 4293/4293 4292/4292 4294/4294
f 4295/4295 4294/4294 4292/4292
f 4293/4293 4294/4294 4296/4296
f 4297/4297 4296/4296 4294/4294
f 4293/4293 4296/4296 4288/4288
f 4291/4291 4288/4288 4296/4296
f 4293/4293 4288/4288 4292/4292
f 4289/4289 4292/4292 4288/4288
f 4299/4299 4298/4298 4300/4300
f 4301/4301 4300/4300 4298/4298
f 4299/4299 4300/4300 4302/4302
f 4303/4303 4302/4302 4300/4300
f 4299/4299 4302/4302 4296/4296
f 4291/4291 4296/4296 4302/4302
f 4299/4299 4296/4296 4298/4298
f 4297/4297 4298/4298 4296/4296
f 4305/4305 4304/4304 4266/4266
f 4269/4269 4266/4266 4304/4304
f 4305/4305 4266/4266 4290/4290
f 4274/4274 4290/4290 4266/4266
f 4305/4305 4290/4290 4302/4302
f 4291/4291 4302/4302 4290/4290
f 4305/4305 4302/4302 4304/4304
f 4303/4303 4304/4304 4302/4302
f 4307/4307 4306/4306 4308/4308
f 4309/4309 4308/4308 4306/4306
f 4307/4307 4308/4308 4310/4310
f 4311/4311 4310/4310 4308/4308
f 4307/4307 4310/4310 4312/4312
f 4313/4313 4312/4312 4310/4310
f 4307/4307 4312/4312 4306/4306
f 4314/4314 4306/4306 4312/4312
f 4316/4316 4315/4315 4317/4317
f 4318/4318 4317/4317 4315/4315
f 4316/4316 4317/4317 4319/4319
f 4320/4320 4319/4319 4317/4317
f 4316/4316 4319/4319 4310/4310
f 4313/4313 4310/4310 4319/4319
f 4316/4316 4310/4310 4315/4315
f 4311/4311 4315/4315 4310/4310
f 4322/4322 4321/4321 4323/4323
f 4324/4324 4323/4323 4321/4321
f 4322/4322 4323/4323 4325/4325
f 4326/4326 4325/4325 4323/4323
f 4322/4322 4325/4325 4319/4319
f 4313/4313 4319/4319 4325/4325
f 4322/4322 4319/4319 4321/4321
f 4320/4320 4321/4321 4319/4319
f 4328/4328 4327/4327 4329/4329
f 4330/4330 4329/4329 4327/4327
f 4328/4328 4329/4329 4312/4312
f 4314/4314 4312/4312 4329/4329
f 4328/4328 4312/4312 4325/4325
f 4313/4313 4325/4325 4312/4312
f 4328/4328 4325/4325 4327/4327
f 4326/4326 4327/4327 4325/4325
f 4332/4332 4331/4331 4333/4333
f 4334/4334 4333/4333 4331/4331
f 4332/4332 4333/4333 4335/4335
f 4336/4336 4335/4335 4333/4333
f 4332/4332 4335/4335 4337/4337
f 4338/4338 4337/4337 4335/4335
f 4332/4332 4337/4337 4331/4331
f 4339/4339 4331/4331 4337/4337
f 4341/4341 4340/4340 4306/4306
f 4309/4309 4306/4306 4340/4340
f 4341/4341 4306/4306 4342/4342
f 4314/4314 4342/4342 4306/4306
f 4341/4341 4342/4342 4335/4335
f 4338/4338 4335/4335 4342/4342
f 4341/4341 4335/4335 4340/4340
f 4336/4336 4340/4340 4335/4335
f 4343/4343 4329/4329 4344/4344
f 4330/4330 4344/4344 4329/4329
f 4343/4343 4344/4344 4345/4345
f 4346/4346 4345/4345 4344/4344
f 4343/4343 4345/4345 4342/4342
f 4338/4338 4342/4342 4345/4345
f 4343/4343 4342/4342 4329/4329
f 4314/4314 4329/4329 4342/4342
f 4348/4348 4347/4347 4349/4349
f 4350/4350 4349/4349 4347/4347
f 4348/4348 4349/4349 4337/4337
f 4339/4339 4337/4337 4349/4349
f 4348/4348 4337/4337 4345/4345
f 4338/4338 4345/4345 4337/4337
f 4348/4348 4345/4345 4347/4347
f 4346/4346 4347/4347 4345/4345
f 4352/4352 4351/4351 4353/4353
f 4354/4354 4353/4353 4351/4351
f 4352/4352 4353/4353 4355/4355
f 4356/4356 4355/4355 4353/4353
f 4352/4352 4355/4355 4357/4357
f 4358/4358 4357/4357 4355/4355
f 4352/4352 4357/4357 4351/4351
f 4359/4359 4351/4351 4357/4357
f 4361/4361 4360/4360 4331/4331
f 4334/4334 4331/4331 4360/4360
f 4361/4361 4331/4331 4362/4362
f 4339/4339 4362/4362 4331/4331
f 4361/4361 4362/4362 4355/4355
f 4358/4358 4355/4355 4362/4362
f 4361/4361 4355/4355 4360/4360
f 4356/4356 4360/4360 4355/4355
f 4363/4363 4349/4349 4364/4364
f 4350/4350 4364/4364 4349/4349
f 4363/4363 4364/4364 4365/4365
f 4366/4366 4365/4365 4364/4364
f 4363/4363 4365/4365 4362/4362
f 4358/4358 4362/4362 4365/4365
f 4363/4363 4362/4362 4349/4349
f 4339/4339 4349/4349 4362/4362
f 4368/4368 4367/4367 4369/4369
f 4370/4370 4369/4369 4367/4367
f 4368/4368 4369/4369 4357/4357
f 4359/4359 4357/4357 4369/4369
f 4368/4368 4357/4357 4365/4365
f 4358/4358 4365/4365 4357/4357
f 4368/4368 4365/4365 4367/4367
f 4366/4366 4367/4367 4365/4365
f 4372/4372 4371/4371 4373/4373
f 4374/4374 4373/4373 4371/4371
f 4372/4372 4373/4373 4375/4375
f 4376/4376 4375/4375 4373/4373
f 4372/4372 4375/4375 4377/4377
f 4378/4378 4377/4377 4375/4375
f 4372/4372 4377/4377 4371/4371
f 4379/4379 4371/4371 4377/4377
f 4381/4381 4380/4380 4351/4351
f 4354/4354 4351/4351 4380/4380
f 4381/4381 4351/4351 4382/4382
f 4359/4359 4382/4382 4351/4351
f 4381/4381 4382/4382 4375/4375
f 4378/4378 4375/4375 4382/4382
f 4381/4381 4375/4375 4380/4380
f 4376/4376 4380/4380 4375/4375
f 4383/4383 4369/4369 4384/4384
f 4370/4370 4384/4384 4369/4369
f 4383/4383 4384/4384 4385/4385
f 4386/4386 4385/4385 4384/4384
f 4383/4383 4385/4385 4382/4382
f 4378/4378 4382/4382 4385/4385
f 4383/4383 4382/4382 4369/4369
f 4359/4359 4369/4369 4382/4382
f 4388/4388 4387/4387 4389/4389
f 4390/4390 4389/4389 4387/4387
f 4388/4388 4389/4389 4377/4377
f 4379/4379 4377/4377 4389/4389
f 4388/4388 4377/4377 4385/4385
f 4378/4378 4385/4385 4377/4377
f 4388/4388 4385/4385 4387/4387
f 4386/4386 4387/4387 4385/4385
f 4391/4391 4389/4389 4392/4392
f 4390/4390 4392/4392 4389/4389
f 4391/4391 4392/4392 4393/4393
f 4394/4394 4393/4393 4392/4392
f 4391/4391 4393/4393 4395/4395
f 4396/4396 4395/4395 4393/4393
f 4391/4391 4395/4395 4389/4389
f 4379/4379 4389/4389 4395/4395
f 4398/4398 4397/4397 4399/4399
f 4400/4400 4399/4399 4397/4397
f 4398/4398 4399/4399 4401/4401
f 4402/4402 4401/4401 4399/4399
f 4398/4398 4401/4401 4393/4393
f 4396/4396 4393/4393 4401/4401
f 4398/4398 4393/4393 4397/4397
f 4394/4394 4397/4397 4393/4393
f 4404/4404 4403/4403 4405/4405
f 4406/4406 4405/4405 4403/4403
f 4404/4404 4405/4405 4407/4407
f 4408/4408 4407/4407 4405/4405
f 4404/4404 4407/4407 4401/4401
f 4396/4396 4401/4401 4407/4407
f 4404/4404 4401/4401 4403/4403
f 4402/4402 4403/4403 4401/4401
f 4410/4410 4409/4409 4371/4371
f 4374/4374 4371/4371 4409/4409
f 4410/4410 4371/4371 4395/4395
f 4379/4379 4395/4395 4371/4371
f 4410/4410 4395/4395 4407/4407
f 4396/4396 4407/4407 4395/4395
f 4410/4410 4407/4407 4409/4409
f 4408/4408 4409/4409 4407/4407
f 4412/4412 4411/4411 4413/4413
f 4414/4414 4413/4413 4411/4411
f 4412/4412 4413/4413 4415/4415
f 4416/4416 4415/4415 4413/4413
f 4412/4412 4415/4415 4417/4417
f 4418/4418 4417/4417 4415/4415
f 4412/4412 4417/4417 4411/4411
f 4419/4419 4411/4411 4417/4417
f 4421/4421 4420/4420 4422/4422
f 4423/4423 4422/4422 4420/4420
f 4421/4421 4422/4422 4424/4424
f 4425/4425 4424/4424 4422/4422
f 4421/4421 4424/4424 4415/4415
f 4418/4418 4415/4415 4424/4424
f 4421/4421 4415/4415 4420/4420
f 4416/4416 4420/4420 4415/4415
f 4427/4427 4426/4426 4428/4428
f 4429/4429 4428/4428 4426/4426
f 4427/4427 4428/4428 4430/4430
f 4431/4431 4430/4430 4428/4428
f 4427/4427 4430/4430 4424/4424
f 4418/4418 4424/4424 4430/4430
f 4427/4427 4424/4424 4426/4426
f 4425/4425 4426/4426 4424/4424
f 4433/4433 4432/4432 4434/4434
f 4435/4435 4434/4434 4432/4432
f 4433/4433 4434/4434 4417/4417
f 4419/4419 4417/4417 4434/4434
f 4433/4433 4417/4417 4430/4430
f 4418/4418 4430/4430 4417/4417
f 4433/4433 4430/4430 4432/4432
f 4431/4431 4432/4432 4430/4430
f 4437/4437 4436/4436 4438/4438
f 4439/4439 4438/4438 4436/4436
f 4437/4437 4438/4438 4440/4440
f 4441/4441 4440/4440 4438/4438
f 4437/4437 4440/4440 4442/4442
f 4443/4443 4442/4442 4440/4440
f 4437/4437 4442/4442 4436/4436
f 4444/4444 4436/4436 4442/4442
f 4446/4446 4445/4445 4411/4411
f 4414/4414 4411/4411 4445/4445
f 4446/4446 4411/4411 4447/4447
f 4419/4419 4447/4447 4411/4411
f 4446/4446 4447/4447 4440/4440
f 4443/4443 4440/4440 4447/4447
f 4446/4446 4440/4440 4445/4445
f 4441/4441 4445/4445 4440/4440
f 4448/4448 4434/4434 4449/4449
f 4435/4435 4449/4449 4434/4434
f 4448/4448 4449/4449 4450/4450
f 4451/4451 4450/4450 4449/4449
f 4448/4448 4450/4450 4447/4447
f 4443/4443 4447/4447 4450/4450
f 4448/4448 4447/4447 4434/4434
f 4419/4419 4434/4434 4447/4447
f 4453/4453 4452/4452 4454/4454
f 4455/4455 4454/4454 4452/4452
f 4453/4453 4454/4454 4442/4442
f 4444/4444 4442/4442 4454/4454
f 4453/4453 4442/4442 4450/4450
f 4443/4443 4450/4450 4442/4442
f 4453/4453 4450/4450 4452/4452
f 4451/4451 4452/4452 4450/4450
f 4457/4457 4456/4456 4458/4458
f 4459/4459 4458/4458 4456/4456
f 4457/4457 4458/4458 4460/4460
f 4461/4461 4460/4460 4458/4458
f 4457/4457 4460/4460 4462/4462
f 4463/4463 4462/4462 4460/4460
f 4457/4457 4462/4462 4456/4456
f 4464/4464 4456/4456 4462/4462
f 4466/4466 4465/4465 4436/4436
f 4439/4439 4436/4436 4465/4465
f 4466/4466 4436/4436 4467/4467
f 4444/4444 4467/4467 4436/4436
f 4466/4466 4467/4467 4460/4460
f 4463/4463 4460/4460 4467/4467
f 4466/4466 4460/4460 4465/4465
f 4461/4461 4465/4465 4460/4460
f 4468/4468 4454/4454 4469/4469
f 4455/4455 4469/4469 4454/4454
f 4468/4468 4469/4469 4470/4470
f 4471/4471 4470/4470 4469/4469
f 4468/4468 4470/4470 4467/4467
f 4463/4463 4467/4467 4470/4470
f 4468/4468 4467/4467 4454/4454
f 4444/4444 4454/4454 4467/4467
f 4473/4473 4472/4472 4474/4474
f 4475/4475 4474/4474 4472/4472
f 4473/4473 4474/4474 4462/4462
f 4464/4464 4462/4462 4474/4474
f 4473/4473 4462/4462 4470/4470
f 4463/4463 4470/4470 4462/4462
f 4473/4473 4470/4470 4472/4472
f 4471/4471 4472/4472 4470/4470
f 4477/4477 4476/4476 4478/4478
f 4479/4479 4478/4478 4476/4476
f 4477/4477 4478/4478 4480/4480
f 4481/4481 4480/4480 4478/4478
f 4477/4477 4480/4480 4482/4482
f 4483/4483 4482/4482 4480/4480
f 4477/4477 4482/4482 4476/4476
f 4484/4484 4476/4476 4482/4482
f 4486/4486 4485/4485 4456/4456
f 4459/4459 4456/4456 4485/4485
f 4486/4486 4456/4456 4487/4487
f 4464/4464 4487/4487 4456/4456
f 4486/4486 4487/4487 4480/4480
f 4483/4483 4480/4480 4487/4487
f 4486/4486 4480/4480 4485/4485
f 4481/4481 4485/4485 4480/4480
f 4488/4488 4474/4474 4489/4489
f 4475/4475 4489/4489 4474/4474
f 4488/4488 4489/4489 4490/4490
f 4491/4491 4490/4490 4489/4489
f 4488/4488 4490/4490 4487/4487
f 4483/4483 4487/4487 4490/4490
f 4488/4488 4487/4487 4474/4474
f 4464/4464 4474/4474 4487/4487
f 4493/4493 4492/4492 4494/4494
f 4495/4495 4494/4494 4492/4492
f 4493/4493 4494/4494 4482/4482
f 4484/4484 4482/4482 4494/4494
f 4493/4493 4482/4482 4490/4490
f 4483/4483 4490/4490 4482/4482
f 4493/4493 4490/4490 4492/4492
f 4491/4491 4492/4492 4490/4490
f 4496/4496 4494/4494 4497/4497
f 4495/4495 4497/4497 4494/4494
f 4496/4496 4497/4497 4498/4498
f 4499/4499 4498/4498 4497/4497
f 4496/4496 4498/4498 4500/4500
f 4501/4501 4500/4500 4498/4498
f 4496/4496 4500/4500 4494/4494
f 4484/4484 4494/4494 4500/4500
f 4503/4503 4502/4502 4504/4504
f 4505/4505 4504/4504 4502/4502
f 4503/4503 4504/4504 4506/4506
f 4507/4507 4506/4506 4504/4504
f 4503/4503 4506/4506 4498/4498
f 4501/4501 4498/4498 4506/4506
f 4503/4503 4498/4498 4502/4502
f 4499/4499 4502/4502 4498/4498
f 4509/4509 4508/4508 4510/4510
f 4511/4511 4510/4510 4508/4508
f 4509/4509 4510/4510 4512/4512
f 4513/4513 4512/4512 4510/4510
f 4509/4509 4512/4512 4506/4506
f 4501/4501 4506/4506 4512/4512
f 4509/4509 4506/4506 4508/4508
f 4507/4507 4508/4508 4506/4506
f 4515/4515 4514/4514 4476/4476
f 4479/4479 4476/4476 4514/4514
f 4515/4515 4476/4476 4500/4500
f 4484/4484 4500/4500 4476/4476
f 4515/4515 4500/4500 4512/4512
f 4501/4501 4512/4512 4500/4500
f 4515/4515 4512/4512 4514/4514
f 4513/4513 4514/4514 4512/4512
f 4517/4517 4516/4516 4518/4518
f 4519/4519 4518/4518 4516/4516
f 4517/4517 4518/4518 4520/4520
f 4521/4521 4520/4520 4518/4518
f 4517/4517 4520/4520 4522/4522
f 4523/4523 4522/4522 4520/4520
f 4517/4517 4522/4522 4516/4516
f 4524/4524 4516/4516 4522/4522
f 4526/4526 4525/4525 4527/4527
f 4528/4528 4527/4527 4525/4525
f 4526/4526 4527/4527 4529/4529
f 4530/4530 4529/4529 4527/4527
f 4526/4526 4529/4529 4520/4520
f 4523/4523 4520/4520 4529/4529
f 4526/4526 4520/4520 4525/4525
f 4521/4521 4525/4525 4520/4520
f 4532/4532 4531/4531 4533/4533
f 4534/4534 4533/4533 4531/4531
f 4532/4532 4533/4533 4535/4535
f 4536/4536 4535/4535 4533/4533
f 4532/4532 4535/4535 4529/4529
f 4523/4523 4529/4529 4535/4535
f 4532/4532 4529/4529 4531/4531
f 4530/4530 4531/4531 4529/4529
f 4538/4538 4537/4537 4539/4539
f 4540/4540 4539/4539 4537/4537
f 4538/4538 4539/4539 4522/4522
f 4524/4524 4522/4522 4539/4539
f 4538/4538 4522/4522 4535/4535
f 4523/4523 4535/4535 4522/4522
f 4538/4538 4535/4535 4537/4537
f 4536/4536 4537/4537 4535/4535
f 4542/4542 4541/4541 4543/4543
f 4544/4544 4543/4543 4541/4541
f 4542/4542 4543/4543 4545/4545
f 4546/4546 4545/4545 4543/4543
f 4542/4542 4545/4545 4547/4547
f 4548/4548 4547/4547 4545/4545
f 4542/4542 4547/4547 4541/4541
f 4549/4549 4541/4541 4547/4547
f 4551/4551 4550/4550 4516/4516
f 4519/4519 4516/4516 4550/4550
f 4551/4551 4516/4516 4552/4552
f 4524/4524 4552/4552 4516/4516
f 4551/4551 4552/4552 4545/4545
f 4548/4548 4545/4545 4552/4552
f 4551/4551 4545/4545 4550/4550
f 4546/4546 4550/4550 4545/4545
f 4553/4553 4539/4539 4554/4554
f 4540/4540 4554/4554 4539/4539
f 4553/4553 4554/4554 4555/4555
f 4556/4556 4555/4555 4554/4554
f 4553/4553 4555/4555 4552/4552
f 4548/4548 4552/4552 4555/4555
f 4553/4553 4552/4552 4539/4539
f 4524/4524 4539/4539 4552/4552
f 4558/4558 4557/4557 4559/4559
f 4560/4560 4559/4559 4557/4557
f 4558/4558 4559/4559 4547/4547
f 4549/4549 4547/4547 4559/4559
f 4558/4558 4547/4547 4555/4555
f 4548/4548 4555/4555 4547/4547
f 4558/4558 4555/4555 4557/4557
f 4556/4556 4557/4557 4555/4555
f 4562/4562 4561/4561 4563/4563
f 4564/4564 4563/4563 4561/4561
f 4562/4562 4563/4563 4565/4565
f 4566/4566 4565/4565 4563/4563
f 4562/4562 4565/4565 4567/4567
f 4568/4568 4567/4567 4565/4565
f 4562/4562 4567/4567 4561/4561
f 4569/4569 4561/4561 4567/4567
f 4571/4571 4570/4570 4541/4541
f 4544/4544 4541/4541 4570/4570
f 4571/4571 4541/4541 4572/4572
f 4549/4549 4572/4572 4541/4541
f 4571/4571 4572/4572 4565/4565
f 4568/4568 4565/4565 4572/4572
f 4571/4571 4565/4565 4570/4570
f 4566/4566 4570/4570 4565/4565
f 4573/4573 4559/4559 4574/4574
f 4560/4560 4574/4574 4559/4559
f 4573/4573 4574/4574 4575/4575
f 4576/4576 4575/4575 4574/4574
f 4573/4573 4575/4575 4572/4572
f 4568/4568 4572/4572 4575/4575
f 4573/4573 4572/4572 4559/4559
f 4549/4549 4559/4559 4572/4572
f 4578/4578 4577/4577 4579/4579
f 4580/4580 4579/4579 4577/4577
f 4578/4578 4579/4579 4567/4567
f 4569/4569 4567/4567 4579/4579
f 4578/4578 4567/4567 4575/4575
f 4568/4568 4575/4575 4567/4567
f 4578/4578 4575/4575 4577/4577
f 4576/4576 4577/4577 4575/4575
f 4582/4582 4581/4581 4583/4583
f 4584/4584 4583/4583 4581/4581
f 4582/4582 4583/4583 4585/4585
f 4586/4586 4585/4585 4583/4583
f 4582/4582 4585/4585 4587/4587
f 4588/4588 4587/4587 4585/4585
f 4582/4582 4587/4587 4581/4581
f 4589/4589 4581/4581 4587/4587
f 4591/4591 4590/4590 4561/4561
f 4564/4564 4561/4561 4590/4590
f 4591/4591 4561/4561 4592/4592
f 4569/4569 4592/4592 4561/4561
f 4591/4591 4592/4592 4585/4585
f 4588/4588 4585/4585 4592/4592
f 4591/4591 4585/4585 4590/4590
f 4586/4586 4590/4590 4585/4585
f 4593/4593 4579/4579 4594/4594
f 4580/4580 4594/4594 4579/4579
f 4593/4593 4594/4594 4595/4595
f 4596/4596 4595/4595 4594/4594
f 4593/4593 4595/4595 4592/4592
f 4588/4588 4592/4592 4595/4595
f 4593/4593 4592/4592 4579/4579
f 4569/4569 4579/4579 4592/4592
f 4598/4598 4597/4597 4599/4599
f 4600/4600 4599/4599 4597/4597
f 4598/4598 4599/4599 4587/4587
f 4589/4589 4587/4587 4599/4599
f 4598/4598 4587/4587 4595/4595
f 4588/4588 4595/4595 4587/4587
f 4598/4598 4595/4595 4597/4597
f 4596/4596 4597/4597 4595/4595
f 4601/4601 4599/4599 4602/4602
f 4600/4600 4602/4602 4599/4599
f 4601/4601 4602/4602 4603/4603
f 4604/4604 4603/4603 4602/4602
f 4601/4601 4603/4603 4605/4605
f 4606/4606 4605/4605 4603/4603
f 4601/4601 4605/4605 4599/4599
f 4589/4589 4599/4599 4605/4605
f 4608/4608 4607/4607 4609/4609
f 4610/4610 4609/4609 4607/4607
f 4608/4608 4609/4609 4611/4611
f 4612/4612 4611/4611 4609/4609
f 4608/4608 4611/4611 4603/4603
f 4606/4606 4603/4603 4611/4611
f 4608/4608 4603/4603 4607/4607
f 4604/4604 4607/4607 4603/4603
f 4614/4614 4613/4613 4615/4615
f 4616/4616 4615/4615 4613/4613
f 4614/4614 4615/4615 4617/4617
f 4618/4618 4617/4617 4615/4615
f 4614/4614 4617/4617 4611/4611
f 4606/4606 4611/4611 4617/4617
f 4614/4614 4611/4611 4613/4613
f 4612/4612 4613/4613 4611/4611
f 4620/4620 4619/4619 4581/4581
f 4584/4584 4581/4581 4619/4619
f 4620/4620 4581/4581 4605/4605
f 4589/4589 4605/4605 4581/4581
f 4620/4620 4605/4605 4617/4617
f 4606/4606 4617/4617 4605/4605
f 4620/4620 4617/4617 4619/4619
f 4618/4618 4619/4619 4617/4617
f 4622/4622 4621/4621 4623/4623
f 4624/4624 4623/4623 4621/4621
f 4622/4622 4623/4623 4625/4625
f 4626/4626 4625/4625 4623/4623
f 4622/4622 4625/4625 4627/4627
f 4628/4628 4627/4627 4625/4625
f 4622/4622 4627/4627 4621/4621
f 4629/4629 4621/4621 4627/4627
f 4631/4631 4630/4630 4632/4632
f 4633/4633 4632/4632 4630/4630
f 4631/4631 4632/4632 4634/4634
f 4635/4635 4634/4634 4632/4632
f 4631/4631 4634/4634 4625/4625
f 4628/4628 4625/4625 4634/4634
f 4631/4631 4625/4625 4630/4630
f 4626/4626 4630/4630 4625/4625
f 4637/4637 4636/4636 4638/4638
f 4639/4639 4638/4638 4636/4636
f 4637/4637 4638/4638 4640/4640
f 4641/4641 4640/4640 4638/4638
f 4637/4637 4640/4640 4634/4634
f 4628/4628 4634/4634 4640/4640
f 4637/4637 4634/4634 4636/4636
f 4635/4635 4636/4636 4634/4634
f 4643/4643 4642/4642 4644/4644
f 4645/4645 4644/4644 4642/4642
f 4643/4643 4644/4644 4627/4627
f 4629/4629 4627/4627 4644/4644
f 4643/4643 4627/4627 4640/4640
f 4628/4628 4640/4640 4627/4627
f 4643/4643 4640/4640 4642/4642
f 4641/4641 4642/4642 4640/4640
f 4647/4647 4646/4646 4648/4648
f 4649/4649 4648/4648 4646/4646
f 4647/4647 4648/4648 4650/4650
f 4651/4651 4650/4650 4648/4648
f 4647/4647 4650/4650 4652/4652
f 4653/4653 4652/4652 4650/4650
f 4647/4647 4652/4652 4646/4646
f 4654/4654 4646/4646 4652/4652
f 4656/4656 4655/4655 4621/4621
f 4624/4624 4621/4621 4655/4655
f 4656/4656 4621/4621 4657/4657
f 4629/4629 4657/4657 4621/4621
f 4656/4656 4657/4657 4650/4650
f 4653/4653 4650/4650 4657/4657
f 4656/4656 4650/4650 4655/4655
f 4651/4651 4655/4655 4650/4650
f 4658/4658 4644/4644 4659/4659
f 4645/4645 4659/4659 4644/4644
f 4658/4658 4659/4659 4660/4660
f 4661/4661 4660/4660 4659/4659
f 4658/4658 4660/4660 4657/4657
f 4653/4653 4657/4657 4660/4660
f 4658/4658 4657/4657 4644/4644
f 4629/4629 4644/4644 4657/4657
f 4663/4663 4662/4662 4664/4664
f 4665/4665 4664/4664 4662/4662
f 4663/4663 4664/4664 4652/4652
f 4654/4654 4652/4652 4664/4664
f 4663/4663 4652/4652 4660/4660
f 4653/4653 4660/4660 4652/4652
f 4663/4663 4660/4660 4662/4662
f 4661/4661 4662/4662 4660/4660
f 4667/4667 4666/4666 4668/4668
f 4669/4669 4668/4668 4666/4666
f 4667/4667 4668/4668 4670/4670
f 4671/4671 4670/4670 4668/4668
f 4667/4667 4670/4670 4672/4672
f 4673/4673 4672/4672 4670/4670
f 4667/4667 4672/4672 4666/4666
f 4674/4674 4666/4666 4672/4672
f 4676/4676 4675/4675 4646/4646
f 4649/4649 4646/4646 4675/4675
f 4676/4676 4646/4646 4677/4677
f 4654/4654 4677/4677 4646/4646
f 4676/4676 4677/4677 4670/4670
f 4673/4673 4670/4670 4677/4677
f 4676/4676 4670/4670 4675/4675
f 4671/4671 4675/4675 4670/4670
f 4678/4678 4664/4664 4679/4679
f 4665/4665 4679/4679 4664/4664
f 4678/4678 4679/4679 4680/4680
f 4681/4681 4680/4680 4679/4679
f 4678/4678 4680/4680 4677/4677
f 4673/4673 4677/4677 4680/4680
f 4678/4678 4677/4677 4664/4664
f 4654/4654 4664/4664 4677/4677
f 4683/4683 4682/4682 4684/4684
f 4685/4685 4684/4684 4682/4682
f 4683/4683 4684/4684 4672/4672
f 4674/4674 4672/4672 4684/4684
f 4683/4683 4672/4672 4680/4680
f 4673/4673 4680/4680 4672/4672
f 4683/4683 4680/4680 4682/4682
f 4681/4681 4682/4682 4680/4680
f 4687/4687 4686/4686 4688/4688
f 4689/4689 4688/4688 4686/4686
f 4687/4687 4688/4688 4690/4690
f 4691/4691 4690/4690 4688/4688
f 4687/4687 4690/4690 4692/4692
f 4693/4693 4692/4692 4690/4690
f 4687/4687 4692/4692 4686/4686
f 4694/4694 4686/4686 4692/4692
f 4696/4696 4695/4695 4666/4666
f 4669/4669 4666/4666 4695/4695
f 4696/4696 4666/4666 4697/4697
f 4674/4674 4697/4697 4666/4666
f 4696/4696 4697/4697 4690/4690
f 4693/4693 4690/4690 4697/4697
f 4696/4696 4690/4690 4695/4695
f 4691/4691 4695/4695 4690/4690
f 4698/4698 4684/4684 4699/4699
f 4685/4685 4699/4699 4684/4684
f 4698/4698 4699/4699 4700/4700
f 4701/4701 4700/4700 4699/4699
f 4698/4698 4700/4700 4697/4697
f 4693/4693 4697/4697 4700/4700
f 4698/4698 4697/4697 4684/4684
f 4674/4674 4684/4684 4697/4697
f 4703/4703 4702/4702 4704/4704
f 4705/4705 4704/4704 4702/4702
f 4703/4703 4704/4704 4692/4692
f 4694/4694 4692/4692 4704/4704
f 4703/4703 4692/4692 4700/4700
f 4693/4693 4700/4700 4692/4692
f 4703/4703 4700/4700 4702/4702
f 4701/4701 4702/4702 4700/4700
f 4706/4706 4704/4704 4707/4707
f 4705/4705 4707/4707 4704/4704
f 4706/4706 4707/4707 4708/4708
f 4709/4709 4708/4708 4707/4707
f 4706/4706 4708/4708 4710/4710
f 4711/4711 4710/4710 4708/4708
f 4706/4706 4710/4710 4704/4704
f 4694/4694 4704/4704 4710/4710
f 4713/4713 4712/4712 4714/4714
f 4715/4715 4714/4714 4712/4712
f 4713/4713 4714/4714 4716/4716
f 4717/4717 4716/4716 4714/4714
f 4713/4713 4716/4716 4708/4708
f 4711/4711 4708/4708 4716/4716
f 4713/4713 4708/4708 4712/4712
f 4709/4709 4712/4712 4708/4708
f 4719/4719 4718/4718 4720/4720
f 4721/4721 4720/4720 4718/4718
f 4719/4719 4720/4720 4722/4722
f 4723/4723 4722/4722 4720/4720
f 4719/4719 4722/4722 4716/4716
f 4711/4711 4716/4716 4722/4722
f 4719/4719 4716/4716 4718/4718
f 4717/4717 4718/4718 4716/4716
f 4725/4725 4724/4724 4686/4686
f 4689/4689 4686/4686 4724/4724
f 4725/4725 4686/4686 4710/4710
f 4694/4694 4710/4710 4686/4686
f 4725/4725 4710/4710 4722/4722
f 4711/4711 4722/4722 4710/4710
f 4725/4725 4722/4722 4724/4724
f 4723/4723 4724/4724 4722/4722

v -7.368615 1.547981 -0.408776
v -7.526512 1.506365 -0.334223
v -7.753125 1.506593 -0.757991
v -7.595652 1.548496 -0.832175
v -7.675877 1.458950 -0.267093
v -7.902445 1.459147 -0.690900
v -7.300099 1.506274 0.089720
v -7.449101 1.458612 0.156533
v -7.141510 1.547419 0.014564
v -8.046836 1.408350 -0.628099
v -7.820558 1.408350 -0.204040
v -7.961725 1.355363 -0.144043
v -8.188004 1.355363 -0.568102
v -7.594278 1.408350 0.220019
v -7.735445 1.355363 0.280016
v -7.509167 1.355363 0.704075
v -7.368000 1.408350 0.644078
v -7.141721 1.408350 1.068137
v -7.282888 1.355363 1.128134
v -7.223319 1.458950 0.581024
v -6.997331 1.459147 1.005336
v -6.848011 1.506593 0.938245
v -7.073955 1.506365 0.513895
v -6.916058 1.547981 0.439342
v -6.690537 1.548496 0.864061
v -6.676241 1.602506 -0.763782
v -6.854936 1.616568 -0.668837
v -7.081162 1.617364 -1.092896
v -6.902400 1.604308 -1.187841
v -7.031456 1.607967 -0.576955
v -7.257979 1.608853 -1.000761
v -6.628678 1.616250 -0.244778
v -6.804758 1.606448 -0.153329
v -6.450091 1.600541 -0.339724
v -7.430640 1.585276 -0.912920
v -7.204026 1.585048 -0.489152
v -6.977613 1.584957 -0.065210
v -6.751469 1.585048 0.358966
v -6.525525 1.585276 0.783316
v -6.578899 1.607967 0.271163
v -6.352865 1.608853 0.695475
v -6.176047 1.617364 0.603341
v -6.402379 1.616568 0.179281
v -6.223683 1.602506 0.084336
v -5.997285 1.604308 0.508396
v -5.989200 1.375683 -1.133446
v -6.153922 1.454533 -1.044464
v -6.379995 1.454715 -1.468643
v -6.215012 1.376096 -1.557776
v -6.324449 1.520380 -0.952434
v -6.550504 1.521228 -1.376597
v -5.927726 1.454460 -0.620357
v -6.098554 1.518928 -0.528198
v -5.763430 1.375232 -0.709091
v -6.724821 1.573335 -1.282792
v -6.498594 1.572539 -0.858733
v -6.272336 1.572221 -0.434674
v -6.046037 1.572539 -0.010615
v -5.819705 1.573335 0.413445
v -5.871891 1.520380 -0.104316
v -5.645389 1.521228 0.319640
v -5.474880 1.454715 0.227594
v -5.701365 1.454533 -0.196346
v -5.536642 1.375683 -0.285327
v -5.309896 1.376096 0.138461
v -5.371589 0.974528 -1.467863
v -5.521240 1.095661 -1.386185
v -5.747506 1.096251 -1.810223
v -5.597838 0.975866 -1.891873
v -5.673386 1.199830 -1.303797
v -5.899475 1.200500 -1.727942
v -5.294966 1.095425 -0.962135
v -5.447432 1.198683 -0.879592
v -5.145342 0.973070 -1.043857
v -6.054670 1.293364 -1.644213
v -5.828598 1.293182 -1.220034
v -5.602401 1.293109 -0.795928
v -5.376040 1.293182 -0.371916
v -5.149555 1.293364 0.052023
v -5.220828 1.199830 -0.455679
v -4.994359 1.200500 -0.031705
v -4.842391 1.096251 -0.113986
v -5.068683 1.095661 -0.538067
v -4.919032 0.974528 -0.619745
v -4.692723 0.975866 -0.195637
v -4.769641 0.841593 -0.701851
v -4.543349 0.842183 -0.277771
v -4.620582 0.693609 -0.784504
v -4.394292 0.694121 -0.360426
v -4.995925 0.841357 -1.125919
v -4.846880 0.692733 -1.208595
v -4.245426 0.537364 -0.443397
v -4.471704 0.537364 -0.867456
v -4.322964 0.374923 -0.950634
v -4.096685 0.374923 -0.526575
v -4.697984 0.537364 -1.291515
v -4.549243 0.374923 -1.374693
v -4.775522 0.374923 -1.798752
v -4.924262 0.537364 -1.715575
v -5.150541 0.537364 -2.139634
v -5.001801 0.374923 -2.222811
v -5.073139 0.693609 -1.632622
v -5.299407 0.694121 -2.056663
v -5.448464 0.842183 -1.974007
v -5.222198 0.841593 -1.549969
v -5.708066 1.121185 -4.020565
v -5.794843 1.068014 -4.154473
v -5.420873 0.969198 -4.384969
v -5.334432 1.022613 -4.251491
v -5.874865 1.009891 -4.279913
v -5.500861 0.911049 -4.510373
v -6.168976 1.166951 -3.924164
v -6.248713 1.108614 -4.049249
v -6.081651 1.219719 -3.789568
v -5.576944 0.850040 -4.630884
v -5.951180 0.949052 -4.400707
v -6.024716 0.886171 -4.518013
v -5.650479 0.787159 -4.748190
v -6.325420 1.048061 -4.170535
v -6.398954 0.985183 -4.287840
v -6.773190 1.084196 -4.057673
v -6.699656 1.147076 -3.940363
v -7.073895 1.246087 -3.710195
v -7.147427 1.183207 -3.827496
v -6.623343 1.207915 -3.819571
v -6.997809 1.307095 -3.589685
v -6.917822 1.365245 -3.464288
v -6.543318 1.266038 -3.694125
v -6.456542 1.319210 -3.560216
v -6.831381 1.418664 -3.330800
v -5.318640 1.233718 -3.412432
v -5.418468 1.230784 -3.574138
v -5.044125 1.132505 -3.804400
v -4.944158 1.136370 -3.642807
v -5.518315 1.207120 -3.730035
v -5.144208 1.108913 -3.960576
v -5.792751 1.329501 -3.343931
v -5.892323 1.304753 -3.499234
v -5.693150 1.330922 -3.182035
v -5.242021 1.071662 -4.110518
v -5.615990 1.170479 -3.880010
v -5.990124 1.269410 -3.649708
v -6.364467 1.368500 -3.419669
v -6.738969 1.467705 -3.189826
v -6.266790 1.405146 -3.269692
v -6.641163 1.504961 -3.039890
v -6.541072 1.528554 -2.883714
v -6.166944 1.428808 -3.113797
v -6.067114 1.431745 -2.952089
v -6.441103 1.532416 -2.722123
v -4.953567 1.086995 -2.760692
v -5.038163 1.144509 -2.921218
v -4.663775 1.045682 -3.151238
v -4.578992 0.988397 -2.990522
v -5.127760 1.189665 -3.084640
v -4.753297 1.091448 -3.314761
v -5.412460 1.243448 -2.691105
v -5.502384 1.287317 -2.854558
v -5.328178 1.185555 -2.530893
v -4.846663 1.123719 -3.479167
v -5.221008 1.221996 -3.248902
v -5.595289 1.320717 -3.018696
v -5.969481 1.420022 -2.788560
v -6.343610 1.519766 -2.558479
v -5.876235 1.387689 -2.624297
v -6.250247 1.487495 -2.394073
v -6.160723 1.441727 -2.230550
v -5.786639 1.342533 -2.460872
v -5.702044 1.285017 -2.300347
v -6.075940 1.384442 -2.069832
v -4.649726 0.775132 -2.140374
v -4.720755 0.872589 -2.294841
v -4.346458 0.774118 -2.525102
v -4.275352 0.677350 -2.370751
v -4.794901 0.954283 -2.448587
v -4.420478 0.855901 -2.678710
v -5.095019 0.971384 -2.064631
v -5.169450 1.052218 -2.218506
v -5.024111 0.872803 -1.909979
v -4.497610 0.926992 -2.833206
v -4.871995 1.025822 -2.603186
v -5.246294 1.124757 -2.373075
v -5.620469 1.223843 -2.142843
v -5.994558 1.323039 -1.912519
v -5.543375 1.152307 -1.988244
v -5.917430 1.251947 -1.758019
v -5.843409 1.170166 -1.604412
v -5.469232 1.070611 -1.834495
v -5.398198 0.973156 -1.680032
v -5.772300 1.073396 -1.450064
v -5.328365 0.864845 -1.523762
v -5.702541 0.964400 -1.293680
v -5.260053 0.742694 -1.365190
v -5.634240 0.842177 -1.135096
v -4.954149 0.765617 -1.753897
v -4.885904 0.642877 -1.595228
v -5.566819 0.711959 -0.975182
v -5.192584 0.612946 -1.205355
v -5.125738 0.477499 -1.044573
v -5.499978 0.576510 -0.814402
v -4.818345 0.513934 -1.435526
v -4.751503 0.378486 -1.274745
v -4.377270 0.279475 -1.504914
v -4.444107 0.414922 -1.665699
v -4.069871 0.315911 -1.895870
v -4.003028 0.180464 -1.735085
v -4.511580 0.544672 -1.825534
v -4.137293 0.446130 -2.055782
v -4.205593 0.568353 -2.214367
v -4.579890 0.666822 -1.984106
v -3.776941 1.290838 1.217190
v -3.711805 1.236911 1.362751
v -4.103248 1.284779 1.580897
v -4.168000 1.338913 1.435736
v -3.654400 1.178873 1.500227
v -4.045884 1.226722 1.718329
v -3.320182 1.189140 1.144796
v -3.263106 1.130926 1.281924
v -3.385944 1.242733 0.998579
v -3.992987 1.166288 1.851086
v -3.601241 1.118580 1.633257
v -3.551265 1.056594 1.762959
v -3.943011 1.104303 1.980788
v -3.209493 1.070872 1.415429
v -3.159518 1.008886 1.545130
v -2.767772 0.961178 1.327300
v -2.817745 1.023163 1.197599
v -2.426000 0.975455 0.979770
v -2.376027 0.913470 1.109471
v -2.870906 1.083457 1.064568
v -2.478899 1.035888 0.847016
v -2.536262 1.093949 0.709580
v -2.928309 1.141495 0.927096
v -2.993447 1.195424 0.781535
v -2.601014 1.148081 0.564423
v -4.105482 1.412262 0.575011
v -4.013902 1.406595 0.741646
v -4.405543 1.455044 0.959452
v -4.496990 1.461645 0.792789
v -3.928168 1.380376 0.905528
v -4.319561 1.428861 1.123611
v -3.622196 1.358590 0.523828
v -3.537028 1.331330 0.687260
v -3.713992 1.362726 0.357238
v -4.239583 1.389412 1.283432
v -3.848141 1.341544 1.065284
v -3.456514 1.293773 0.847332
v -3.064645 1.246130 0.629627
v -2.672596 1.198581 0.412116
v -3.144673 1.284961 0.469871
v -2.752571 1.238032 0.252294
v -2.838554 1.264210 0.088135
v -3.230405 1.311178 0.305989
v -3.321986 1.316844 0.139353
v -2.930003 1.270813 -0.078529
v -4.484611 1.274344 -0.071382
v -4.390164 1.330069 0.084408
v -4.782000 1.377969 0.302052
v -4.876559 1.322490 0.146026
v -4.294549 1.373122 0.245161
v -4.686280 1.421641 0.462810
v -3.998382 1.282284 -0.133346
v -3.902824 1.324032 0.027642
v -4.092645 1.226161 -0.288753
v -4.590791 1.451581 0.626631
v -4.199150 1.403132 0.408825
v -3.807445 1.355128 0.191006
v -3.415655 1.307718 -0.026833
v -3.023806 1.260748 -0.244684
v -3.511055 1.277708 -0.190496
v -3.119293 1.230808 -0.408506
v -3.215012 1.187138 -0.569264
v -3.606668 1.234653 -0.351250
v -3.701115 1.178929 -0.507042
v -3.309572 1.131655 -0.725289
v -4.853345 0.967603 -0.659023
v -4.760250 1.064051 -0.515843
v -5.151899 1.112304 -0.298006
v -5.244871 1.016547 -0.441177
v -4.668705 1.144575 -0.370902
v -5.060444 1.192923 -0.153227
v -4.368542 1.016124 -0.733675
v -4.276972 1.095772 -0.588465
v -4.461841 0.918549 -0.876869
v -4.969114 1.262675 -0.005823
v -4.577280 1.214774 -0.223466
v -4.185497 1.166989 -0.441221
v -3.793786 1.119357 -0.659124
v -3.402127 1.071841 -0.877139
v -3.885210 1.049159 -0.806559
v -3.493456 1.002090 -1.024542
v -3.584911 0.921470 -1.169322
v -3.976755 0.968633 -0.951501
v -4.069852 0.872187 -1.094680
v -3.677884 0.825715 -1.312492
v -4.164896 0.764836 -1.238006
v -3.773054 0.717672 -1.455826
v -4.262430 0.643581 -1.381515
v -3.870597 0.596345 -1.599340
v -4.556685 0.812326 -1.020179
v -4.654321 0.690479 -1.163697
v -3.969576 0.466985 -1.742958
v -4.361321 0.514692 -1.525129
v -4.461240 0.380080 -1.668817
v -4.069493 0.332372 -1.886648
v -4.753071 0.562400 -1.307298
v -4.852987 0.427787 -1.450988
v -5.244734 0.475495 -1.233158
v -5.144816 0.610109 -1.089471
v -5.536561 0.657817 -0.871640
v -5.636479 0.523204 -1.015331
v -5.045922 0.738997 -0.945859
v -5.437584 0.787177 -0.728024
v -5.340041 0.908505 -0.584512
v -4.948392 0.860252 -0.802348
v -1.628496 1.398190 -2.575093
v -1.457787 1.338000 -2.647692
v -1.213029 1.398823 -2.190546
v -1.383269 1.459257 -2.118390
v -1.296518 1.272940 -2.711463
v -1.051814 1.333738 -2.254267
v -1.702318 1.277294 -3.105048
v -1.541452 1.212023 -3.168442
v -1.873799 1.337086 -3.031730
v -0.896043 1.265837 -2.312890
v -1.140429 1.205205 -2.770386
v -0.988229 1.135465 -2.825674
v -0.743835 1.196098 -2.368185
v -1.384816 1.144572 -3.227880
v -1.232616 1.074832 -3.283167
v -1.477001 1.014200 -3.740664
v -1.629201 1.083938 -3.685378
v -1.873590 1.023305 -4.142870
v -1.721387 0.953567 -4.198153
v -1.785289 1.151673 -3.626453
v -2.029355 1.091206 -4.084242
v -2.190580 1.156294 -4.020522
v -1.946558 1.216734 -3.562683
v -2.117261 1.276929 -3.490086
v -2.360816 1.216726 -3.948362
v -2.380324 1.528961 -2.206616
v -2.185570 1.524936 -2.309673
v -1.941219 1.586426 -1.852304
v -2.136017 1.591530 -1.749406
v -1.993753 1.497076 -2.405920
v -1.749077 1.558612 -1.948834
v -2.429937 1.463958 -2.767119
v -2.238634 1.434890 -2.862712
v -2.624619 1.466214 -2.663805
v -1.561848 1.515386 -2.038423
v -1.806603 1.454561 -2.495573
v -2.051131 1.393855 -2.952930
v -2.295376 1.333299 -3.410563
v -2.539391 1.272852 -3.868401
v -2.482527 1.375814 -3.320908
v -2.726626 1.316086 -3.778815
v -2.918769 1.343891 -3.682282
v -2.674343 1.403668 -3.224666
v -2.869096 1.407694 -3.121609
v -3.113570 1.349002 -3.579381
v -3.133443 1.359454 -1.778503
v -2.952265 1.426340 -1.885336
v -2.708098 1.487194 -1.427745
v -2.889556 1.420586 -1.320784
v -2.765093 1.478630 -1.993383
v -2.520931 1.540198 -1.535915
v -3.196565 1.365621 -2.342870
v -3.009100 1.416401 -2.450841
v -3.377287 1.298277 -2.236239
v -2.329987 1.577353 -1.643701
v -2.574337 1.515865 -2.101068
v -2.818708 1.454888 -2.558514
v -3.063111 1.394598 -3.016059
v -3.307530 1.334821 -3.473676
v -3.253868 1.357367 -2.908374
v -3.498478 1.297665 -3.365891
v -3.685643 1.244660 -3.257722
v -3.441038 1.305073 -2.800331
v -3.622218 1.238188 -2.693493
v -3.867100 1.178052 -3.150764
v -3.815392 0.995371 -1.360650
v -3.649553 1.109215 -1.466320
v -3.405165 1.170479 -1.008944
v -3.571002 1.057434 -0.903416
v -3.481422 1.204651 -1.570097
v -3.237225 1.266022 -1.112616
v -3.893940 1.048328 -1.923769
v -3.725483 1.142753 -2.027564
v -4.059779 0.933179 -1.817858
v -3.066060 1.349022 -1.216053
v -3.310228 1.288168 -1.673643
v -3.554526 1.227447 -2.131177
v -3.799001 1.166902 -2.588632
v -4.043609 1.106490 -3.046028
v -3.970196 1.083383 -2.485088
v -4.214771 1.023489 -2.942592
v -4.382710 0.927945 -2.838921
v -4.138325 0.987947 -2.381312
v -4.304164 0.874105 -2.275638
v -4.548546 0.814903 -2.733392
v -4.470021 0.747636 -2.167661
v -4.714402 0.687635 -2.625272
v -4.635888 0.605069 -2.056755
v -4.880276 0.544984 -2.514347
v -4.225632 0.808017 -1.710120
v -4.391505 0.664765 -1.599087
v -5.046160 0.393032 -2.401728
v -4.801774 0.453664 -1.944235
v -4.967663 0.295631 -1.830508
v -5.212049 0.234998 -2.288002
v -4.557385 0.514296 -1.486738
v -4.723275 0.356262 -1.373012
v -4.478887 0.416896 -0.915517
v -4.312999 0.574930 -1.029246
v -4.068612 0.635563 -0.571758
v -4.234503 0.477529 -0.458026
v -4.147120 0.726336 -1.141764
v -3.902732 0.787514 -0.684372
v -3.736862 0.930165 -0.795295
v -3.981244 0.868901 -1.252673
v -3.221538 2.150944 -0.063448
v -3.104978 2.155874 0.035977
v -3.355674 2.150305 0.360811
v -3.471869 2.145741 0.261536
v -2.995821 2.153512 0.132277
v -3.246561 2.147903 0.457096
v -2.854112 2.161613 -0.288779
v -2.745269 2.158938 -0.192611
v -2.971274 2.156093 -0.388462
v -3.141724 2.141288 0.551577
v -2.890735 2.147141 0.226866
v -2.788704 2.137771 0.320162
v -3.039683 2.131924 0.644880
v -2.639747 2.152997 -0.097849
v -2.537715 2.143628 -0.004549
v -2.286726 2.149480 -0.329257
v -2.388757 2.158852 -0.422559
v -2.137776 2.164703 -0.747267
v -2.035739 2.155333 -0.653968
v -2.493845 2.165220 -0.517143
v -2.242604 2.171320 -0.841745
v -2.351730 2.173719 -0.938032
v -2.602997 2.167583 -0.613442
v -2.719561 2.162656 -0.712863
v -2.467919 2.169152 -1.037301
v -3.730453 2.020669 -0.472919
v -3.601780 2.077854 -0.372042
v -3.852932 2.072645 -0.047475
v -3.981808 2.016280 -0.148529
v -3.471960 2.115589 -0.268821
v -3.722839 2.110542 0.055874
v -3.350722 2.083447 -0.696696
v -3.221167 2.120059 -0.593501
v -3.479059 2.024931 -0.797279
v -3.594609 2.134730 0.159510
v -3.343911 2.140300 -0.165322
v -3.093038 2.146038 -0.490077
v -2.841935 2.152005 -0.814744
v -2.590653 2.158144 -1.139329
v -2.969989 2.127300 -0.918242
v -2.718879 2.133961 -1.242975
v -2.848979 2.096057 -1.346321
v -3.099801 2.089559 -1.021465
v -3.228475 2.032379 -1.122342
v -2.977859 2.039691 -1.447377
v -4.196661 1.658007 -0.836905
v -4.089152 1.765150 -0.752909
v -4.340335 1.759393 -0.428337
v -4.448087 1.652373 -0.512509
v -3.974995 1.863060 -0.663888
v -4.226290 1.857849 -0.339425
v -3.838091 1.770965 -1.077564
v -3.723478 1.867817 -0.988184
v -3.945196 1.663619 -1.161274
v -4.106986 1.945385 -0.246378
v -3.855836 1.950592 -0.570947
v -3.604780 1.956188 -0.895602
v -3.353859 1.962298 -1.220370
v -3.103036 1.968795 -1.545220
v -3.473021 1.874766 -1.313311
v -3.222344 1.881261 -1.638266
v -3.336385 1.782802 -1.727179
v -3.587174 1.776855 -1.402332
v -3.694687 1.669711 -1.486327
v -3.444137 1.675783 -1.811351
v -4.580781 1.169290 -1.137995
v -4.491652 1.307494 -1.068348
v -4.742735 1.302128 -0.743732
v -4.831988 1.164540 -0.813496
v -4.398012 1.432291 -0.994864
v -4.649252 1.426943 -0.670353
v -4.240624 1.313152 -1.393021
v -4.146595 1.437276 -1.319229
v -4.329554 1.173943 -1.462475
v -4.551486 1.543175 -0.593566
v -4.300306 1.548931 -0.918136
v -4.049244 1.554744 -1.242791
v -3.798332 1.560636 -1.567558
v -3.547538 1.566584 -1.892409
v -3.896036 1.443996 -1.644285
v -3.645302 1.450354 -1.969196
v -3.738786 1.325536 -2.042574
v -3.989674 1.319199 -1.717771
v -4.078804 1.180997 -1.787418
v -3.828041 1.187954 -2.112336
v -4.165991 1.033075 -1.855198
v -3.915099 1.039414 -2.179999
v -4.250691 0.872759 -1.920591
v -3.999791 0.879034 -2.245381
v -4.416940 1.027028 -1.530447
v -4.501536 0.866185 -1.595742
v -4.083048 0.711493 -2.309390
v -4.334036 0.705640 -1.984680
v -4.416351 0.533421 -2.047786
v -4.165366 0.539271 -2.372495
v -4.585024 0.699786 -1.659967
v -4.667339 0.527564 -1.723074
v -4.918330 0.521714 -1.398361
v -4.836010 0.693936 -1.335257
v -5.086994 0.688083 -1.010548
v -5.169315 0.515861 -1.073653
v -4.752670 0.861054 -1.271170
v -5.003739 0.855622 -0.946542
v -4.919051 1.016000 -0.881159
v -4.667966 1.021369 -1.205773
v -3.557905 2.441937 -3.452149
v -3.489548 2.464637 -3.609430
v -3.056446 2.467624 -3.445450
v -3.124789 2.445384 -3.288571
v -3.421675 2.478328 -3.758426
v -2.988582 2.481272 -3.594387
v -3.922629 2.461851 -3.773607
v -3.854777 2.475154 -3.922248
v -3.991032 2.438420 -3.615649
v -2.920978 2.489708 -3.738557
v -3.354057 2.487066 -3.902861
v -3.286651 2.492102 -4.043881
v -2.853555 2.494754 -3.879587
v -3.787139 2.484419 -4.067177
v -3.719723 2.489459 -4.208195
v -4.152817 2.486819 -4.372499
v -4.220221 2.481783 -4.231494
v -4.653304 2.479135 -4.395794
v -4.585886 2.484175 -4.536813
v -4.287839 2.473042 -4.087043
v -4.720899 2.470701 -4.251636
v -4.788776 2.457057 -4.102684
v -4.355710 2.459348 -3.938056
v -4.424060 2.436661 -3.780770
v -4.857109 2.434813 -3.945817
v -3.823250 2.222844 -2.783856
v -3.760486 2.305244 -2.949641
v -3.327542 2.308577 -2.785047
v -3.390481 2.227086 -2.618903
v -3.694396 2.366077 -3.119286
v -3.261416 2.369638 -2.955010
v -4.193511 2.302317 -3.114068
v -4.127295 2.361871 -3.283531
v -4.255989 2.218479 -2.948871
v -3.193532 2.415177 -3.124382
v -3.626635 2.412185 -3.288365
v -4.059720 2.409403 -3.452549
v -4.492802 2.406897 -3.616980
v -4.925860 2.404608 -3.781622
v -4.560556 2.360797 -3.447899
v -4.993754 2.359068 -3.612255
v -5.059866 2.298006 -3.442283
v -4.626650 2.299951 -3.278260
v -4.689412 2.217564 -3.112477
v -5.122818 2.216505 -3.276140
v -4.039636 1.749881 -2.198573
v -3.991094 1.885354 -2.331304
v -3.558102 1.888080 -2.166731
v -3.606761 1.752714 -2.033668
v -3.938771 2.011385 -2.473713
v -3.505895 2.014703 -2.308931
v -4.424137 1.882681 -2.495716
v -4.371513 2.007583 -2.638830
v -4.472497 1.747032 -2.363526
v -3.450307 2.129811 -2.459178
v -3.883254 2.126469 -2.623770
v -4.316278 2.123543 -2.788196
v -4.749418 2.121178 -2.952389
v -5.182632 2.119236 -3.116413
v -4.804939 2.006096 -2.802327
v -5.238216 2.004129 -2.966161
v -5.290426 1.877501 -2.823969
v -4.857261 1.880065 -2.659925
v -4.905801 1.744592 -2.527185
v -5.339087 1.742134 -2.690900
v -4.207737 1.146850 -1.734150
v -4.170462 1.314608 -1.839468
v -3.737481 1.317785 -1.674977
v -3.774875 1.150699 -1.569432
v -4.129735 1.467977 -1.952164
v -3.696813 1.471149 -1.787472
v -4.603506 1.311751 -2.003847
v -4.562538 1.464419 -2.117127
v -4.640574 1.142896 -1.898914
v -3.653370 1.615488 -1.906508
v -4.086361 1.612762 -2.071079
v -4.519404 1.610086 -2.235487
v -4.952521 1.607474 -2.399697
v -5.385695 1.604910 -2.563740
v -4.995901 1.462688 -2.280784
v -5.429142 1.460577 -2.444705
v -5.469807 1.307205 -2.332209
v -5.036629 1.309321 -2.168084
v -5.073900 1.141565 -2.062772
v -5.507198 1.140126 -2.226665
v -5.109216 0.963200 -1.961086
v -5.542391 0.961087 -2.125216
v -5.142028 0.771308 -1.864043
v -5.575191 0.769123 -2.028189
v -4.676092 0.965632 -1.796851
v -4.708804 0.773163 -1.699999
v -5.606557 0.569344 -1.933838
v -5.173478 0.571988 -1.769530
v -5.203895 0.367100 -1.676938
v -5.636972 0.364456 -1.841245
v -4.740393 0.574630 -1.605222
v -4.770812 0.369740 -1.512626
v -4.337724 0.372387 -1.348313
v -4.307308 0.577277 -1.440916
v -3.874231 0.579920 -1.276608
v -3.904645 0.375030 -1.184007
v -4.275865 0.776594 -1.535421
v -3.842870 0.779696 -1.370957
v -3.810066 0.971659 -1.467977
v -4.243047 0.968486 -1.632471
v -6.756060 2.601803 -2.619961
v -6.918839 2.623891 -2.685945
v -6.762589 2.622838 -3.133370
v -6.600222 2.601214 -3.067394
v -7.073102 2.636784 -2.751560
v -6.916790 2.635682 -3.198976
v -7.075293 2.625152 -2.238540
v -7.229189 2.637653 -2.304140
v -6.911819 2.602323 -2.172517
v -7.066094 2.643218 -3.264395
v -7.222678 2.644630 -2.816988
v -7.368745 2.648694 -2.882245
v -7.212169 2.647289 -3.329668
v -7.379274 2.646031 -2.369579
v -7.525339 2.650106 -2.434848
v -7.681921 2.651516 -1.987425
v -7.535870 2.647454 -1.922166
v -7.692448 2.648853 -1.474755
v -7.838511 2.652918 -1.540027
v -7.386279 2.639604 -1.856740
v -7.543155 2.641323 -1.409350
v -7.388940 2.628474 -1.343729
v -7.232024 2.626711 -1.791126
v -7.069242 2.604633 -1.725150
v -7.226588 2.606859 -1.277765
v -6.064714 2.382202 -2.363990
v -6.236219 2.465412 -2.424652
v -6.079339 2.464712 -2.871936
v -5.907462 2.382434 -2.811112
v -6.411699 2.526511 -2.488389
v -6.255145 2.526041 -2.935703
v -6.392929 2.466534 -1.977294
v -6.568221 2.526317 -2.041148
v -6.222026 2.381847 -1.916894
v -6.430345 2.571468 -3.001120
v -6.586598 2.572523 -2.553694
v -6.743059 2.573789 -2.106283
v -6.899774 2.575343 -1.658873
v -7.056703 2.577114 -1.211481
v -6.724871 2.529335 -1.593573
v -6.881505 2.531674 -1.146053
v -6.705692 2.470352 -1.082298
v -6.549397 2.468226 -1.529832
v -6.377893 2.385026 -1.469173
v -6.533816 2.388063 -1.021466
v -5.458830 1.902083 -2.153243
v -5.596303 2.039840 -2.200790
v -5.439442 2.038517 -2.648113
v -5.301627 1.900872 -2.600461
v -5.743748 2.167871 -2.251846
v -5.586671 2.167159 -2.699066
v -5.752997 2.041219 -1.753417
v -5.901169 2.168091 -1.804751
v -5.616083 1.903276 -1.706043
v -5.742190 2.283955 -2.753139
v -5.899070 2.284647 -2.305856
v -6.055778 2.285764 -1.858498
v -6.212247 2.287460 -1.411036
v -6.368543 2.289591 -0.963505
v -6.056920 2.170693 -1.357024
v -6.213019 2.172792 -0.909433
v -6.065798 2.044150 -0.858480
v -5.909483 2.042658 -1.305968
v -5.772001 1.904898 -1.258424
v -5.927977 1.906502 -0.810822
v -4.977485 1.288028 -1.987321
v -5.086708 1.459019 -2.024408
v -4.929933 1.458156 -2.471726
v -4.820475 1.287855 -2.434528
v -5.203531 1.615224 -2.064679
v -5.046547 1.614359 -2.511937
v -5.243370 1.460208 -1.577033
v -5.360794 1.615694 -1.617529
v -5.134540 1.288094 -1.540137
v -5.169897 1.761281 -2.554727
v -5.326759 1.762605 -2.107403
v -5.483450 1.763980 -1.660028
v -5.639936 1.765422 -1.212586
v -5.796250 1.766913 -0.765088
v -5.516709 1.618040 -1.169857
v -5.672899 1.619998 -0.722301
v -5.556282 1.463786 -0.682088
v -5.399883 1.461835 -1.129585
v -5.290662 1.290849 -1.092505
v -5.446824 1.293494 -0.644896
v -5.185175 1.108976 -1.057216
v -5.341579 1.110929 -0.609721
v -5.084460 0.913222 -1.024222
v -5.240882 0.915103 -0.576739
v -5.028661 1.107350 -1.504664
v -4.928145 0.911005 -1.471764
v -5.142937 0.711256 -0.545072
v -4.986350 0.709847 -0.992480
v -4.890215 0.500757 -0.961684
v -5.046803 0.502164 -0.514279
v -4.829762 0.708436 -1.439895
v -4.733624 0.499346 -1.409094
v -4.577031 0.497940 -1.856511
v -4.673178 0.707030 -1.887305
v -4.516591 0.705622 -2.334710
v -4.420445 0.496531 -2.303917
v -4.771279 0.910405 -1.919042
v -4.614533 0.909465 -2.366370
v -4.715223 1.105291 -2.399356
v -4.872000 1.106156 -1.952040
v -5.905374 2.729333 0.227223
v -6.002411 2.761671 0.366427
v -6.385572 2.818769 0.113872
v -6.288580 2.786894 -0.024934
v -6.098337 2.784962 0.497467
v -6.481482 2.842010 0.244856
v -5.619286 2.704778 0.619171
v -5.715164 2.727679 0.749861
v -5.522150 2.671712 0.479302
v -6.576778 2.860030 0.371139
v -6.193664 2.803282 0.624014
v -6.288515 2.817884 0.747203
v -6.671647 2.874640 0.494333
v -5.810550 2.746527 0.876899
v -5.905410 2.761138 1.000081
v -5.522279 2.704386 1.252957
v -5.427431 2.689783 1.129786
v -5.044312 2.633025 1.382650
v -5.139175 2.647629 1.505835
v -5.332102 2.671459 1.003224
v -4.949030 2.615010 1.256374
v -4.853104 2.591767 1.125379
v -5.236179 2.648168 0.872188
v -5.139147 2.615847 0.732981
v -4.756122 2.559897 0.986587
v -5.532815 2.473708 -0.372151
v -5.618736 2.564511 -0.222231
v -6.001573 2.621927 -0.475343
v -5.915288 2.531998 -0.625558
v -5.711427 2.634408 -0.069703
v -6.094336 2.692054 -0.322508
v -5.235735 2.507487 0.030741
v -5.328668 2.576128 0.183041
v -5.150398 2.415304 -0.118697
v -6.190630 2.747029 -0.170945
v -5.807467 2.689928 0.081613
v -5.424338 2.633035 0.334367
v -5.041232 2.576425 0.587368
v -4.658164 2.520032 0.840569
v -4.945195 2.520911 0.436048
v -4.561861 2.465046 0.689013
v -4.469106 2.394922 0.536167
v -4.852503 2.451002 0.283525
v -4.766584 2.360212 0.133605
v -4.382814 2.304987 0.385955
v -5.257484 1.973510 -0.906288
v -5.315852 2.114820 -0.784461
v -5.698811 2.171639 -1.037575
v -5.640251 2.030419 -1.159699
v -5.381143 2.247326 -0.654202
v -5.763875 2.304724 -0.907484
v -4.932798 2.058045 -0.531493
v -4.998676 2.189483 -0.400633
v -4.874750 1.916587 -0.652833
v -5.835387 2.426886 -0.770504
v -5.452553 2.369465 -0.517394
v -5.069552 2.312441 -0.264421
v -4.686321 2.255952 -0.011637
v -4.302925 2.199881 0.241005
v -4.614905 2.133832 -0.148450
v -4.231411 2.077713 0.104020
v -4.166351 1.944629 -0.026065
v -4.549616 2.001314 -0.278702
v -4.491249 1.860004 -0.400538
v -4.107783 1.803407 -0.148191
v -5.071244 1.351525 -1.335579
v -5.108748 1.523176 -1.237409
v -5.491661 1.580441 -1.490433
v -5.453907 1.409439 -1.588784
v -5.152991 1.681065 -1.133080
v -5.535800 1.738317 -1.386286
v -4.725708 1.466217 -0.984476
v -4.770400 1.623449 -0.879643
v -4.688627 1.293512 -1.082338
v -5.585176 1.887658 -1.276544
v -5.202213 1.830838 -1.023428
v -4.819159 1.774060 -0.770463
v -4.435984 1.717336 -0.517673
v -4.052708 1.660647 -0.265035
v -4.386756 1.567559 -0.627322
v -4.003334 1.511314 -0.374777
v -3.959196 1.353428 -0.478927
v -4.342509 1.409669 -0.731657
v -4.305015 1.238026 -0.829822
v -3.921445 1.182435 -0.577279
v -4.271525 1.056149 -0.925087
v -3.888211 0.999907 -0.672354
v -4.243162 0.861227 -1.016643
v -3.859873 0.804921 -0.763894
v -4.654725 1.112697 -1.177907
v -4.626575 0.917220 -1.269307
v -3.834484 0.602393 -0.853296
v -4.217600 0.659145 -1.106173
v -4.194151 0.451693 -1.194166
v -3.811038 0.394939 -0.941290
v -4.600721 0.715896 -1.359052
v -4.577268 0.508441 -1.447048
v -4.960391 0.565197 -1.699930
v -4.983837 0.772651 -1.611925
v -5.366952 0.829402 -1.864800
v -5.343504 0.621947 -1.952805
v -5.009393 0.974731 -1.522402
v -5.392335 1.031925 -1.775400
v -5.420675 1.226914 -1.683866
v -5.037765 1.169651 -1.430843
v -3.348879 3.180824 -1.591734
v -3.210192 3.258447 -1.627588
v -3.099413 3.298860 -1.207677
v -3.237966 3.221774 -1.172025
v -3.074496 3.325712 -1.659293
v -2.963751 3.366070 -1.239352
v -3.320888 3.218258 -2.047598
v -3.185323 3.285080 -2.079120
v -3.459829 3.139806 -2.011405
v -2.829795 3.427319 -1.268619
v -2.940442 3.387301 -1.688698
v -2.807640 3.444633 -1.716400
v -2.696975 3.484665 -1.296321
v -3.051091 3.347280 -2.108782
v -2.918287 3.404615 -2.136475
v -3.028958 3.364587 -2.556562
v -3.161743 3.307264 -2.528868
v -3.272406 3.267226 -2.948942
v -3.139595 3.324563 -2.976639
v -3.295807 3.245668 -2.499454
v -3.406351 3.205991 -2.919673
v -3.542030 3.138772 -2.887996
v -3.431494 3.178399 -2.467757
v -3.570185 3.100804 -2.431894
v -3.680573 3.061699 -2.852349
v -3.883002 2.748378 -1.421850
v -3.761714 2.879674 -1.465969
v -3.651570 2.920199 -1.045824
v -3.773514 2.789567 -1.001625
v -3.628581 2.993785 -1.509990
v -3.518271 3.034604 -1.089992
v -3.872158 2.839452 -1.886075
v -3.738647 2.952403 -1.929915
v -3.992389 2.707124 -1.842084
v -3.379152 3.135558 -1.132688
v -3.489922 3.095139 -1.552608
v -3.600612 3.054948 -1.972626
v -3.711231 3.015094 -2.392772
v -3.821763 2.975475 -2.813014
v -3.849888 2.913741 -2.350147
v -3.960880 2.874505 -2.770329
v -4.094182 2.760102 -2.726148
v -3.983019 2.799626 -2.306131
v -4.104310 2.668343 -2.262012
v -4.216134 2.629470 -2.681956
v -4.246115 2.126183 -1.264378
v -4.173708 2.291934 -1.300148
v -4.063321 2.331944 -0.879987
v -4.136057 2.166169 -0.844117
v -4.089278 2.452869 -1.338576
v -3.979304 2.493317 -0.918379
v -4.284258 2.251925 -1.720253
v -4.198793 2.412135 -1.758864
v -4.356125 2.086209 -1.684654
v -3.883904 2.647518 -0.958851
v -3.994050 2.606989 -1.378993
v -4.104492 2.566760 -1.799097
v -4.215350 2.526933 -2.219155
v -4.326516 2.487421 -2.639173
v -4.310593 2.372826 -2.178741
v -4.421918 2.333215 -2.598694
v -4.505926 2.171844 -2.560308
v -4.395017 2.211886 -2.140313
v -4.467429 2.046131 -2.104539
v -4.578671 2.006067 -2.524444
v -4.454351 1.433391 -1.139482
v -4.418195 1.617535 -1.168067
v -4.307905 1.657955 -0.747952
v -4.344514 1.474316 -0.719327
v -4.370112 1.791804 -1.198333
v -4.259989 1.832154 -0.778159
v -4.528707 1.577350 -1.588161
v -4.479839 1.751221 -1.618583
v -4.564106 1.392397 -1.559649
v -4.202927 2.000825 -0.810020
v -4.313319 1.960823 -1.230182
v -4.423869 1.920804 -1.650289
v -4.534621 1.880775 -2.070343
v -4.645542 1.840727 -2.490342
v -4.591414 1.711757 -2.038499
v -4.702607 1.672061 -2.458479
v -4.750518 1.497856 -2.428275
v -4.639503 1.537487 -2.008230
v -4.675654 1.353351 -1.979642
v -4.787128 1.314223 -2.399641
v -4.704599 1.161310 -1.951736
v -4.815609 1.121682 -2.371782
v -4.724330 0.959198 -1.924694
v -4.835297 0.919520 -2.344740
v -4.593797 1.201177 -1.531666
v -4.613148 0.998637 -1.504659
v -4.849679 0.711532 -2.318197
v -4.739025 0.751559 -1.898121
v -4.749920 0.539769 -1.871905
v -4.860572 0.499746 -2.291981
v -4.628369 0.791580 -1.478034
v -4.639268 0.579788 -1.451821
v -4.528612 0.619818 -1.031734
v -4.517712 0.831606 -1.057955
v -4.407061 0.871630 -0.637878
v -4.417957 0.659837 -0.611656
v -4.503029 1.039246 -1.084526
v -4.392686 1.079612 -0.664423
v -4.373001 1.281774 -0.691460
v -4.483288 1.241359 -1.111571
# 945 vertices

vt 0.331138 0.862575
vt 0.332900 0.892007
vt 0.417129 0.892083
vt 0.415350 0.862727
vt 0.334661 0.921439
vt 0.418908 0.921439
vt 0.248670 0.891932
vt 0.250414 0.921439
vt 0.246927 0.862424
vt 0.421278 0.948220
vt 0.337032 0.948220
vt 0.339402 0.975000
vt 0.423649 0.975000
vt 0.252785 0.948220
vt 0.255155 0.975000
vt 0.170909 0.975000
vt 0.168538 0.948220
vt 0.084292 0.948220
vt 0.086662 0.975000
vt 0.166168 0.921439
vt 0.081921 0.921439
vt 0.080142 0.892083
vt 0.164406 0.892007
vt 0.162645 0.862575
vt 0.078364 0.862727
vt 0.329100 0.724957
vt 0.329228 0.760546
vt 0.413471 0.760538
vt 0.413338 0.724941
vt 0.329357 0.796135
vt 0.413604 0.796135
vt 0.244986 0.760554
vt 0.245110 0.796135
vt 0.244862 0.724974
vt 0.414477 0.829431
vt 0.330248 0.829355
vt 0.246018 0.829279
vt 0.161754 0.829355
vt 0.077490 0.829431
vt 0.160864 0.796135
vt 0.076617 0.796135
vt 0.076484 0.760538
vt 0.160735 0.760546
vt 0.160607 0.724957
vt 0.076351 0.724941
vt 0.329661 0.587708
vt 0.329470 0.621148
vt 0.413719 0.621107
vt 0.413911 0.587624
vt 0.329280 0.654589
vt 0.413527 0.654589
vt 0.245222 0.621190
vt 0.245033 0.654589
vt 0.245411 0.587791
vt 0.413432 0.689765
vt 0.329190 0.689773
vt 0.244948 0.689781
vt 0.160697 0.689773
vt 0.076446 0.689765
vt 0.160787 0.654589
vt 0.076540 0.654589
vt 0.076732 0.621107
vt 0.160977 0.621148
vt 0.161167 0.587708
vt 0.076924 0.587624
vt 0.360606 0.294598
vt 0.360319 0.320686
vt 0.471991 0.320823
vt 0.472272 0.294872
vt 0.360033 0.346774
vt 0.471710 0.346774
vt 0.248648 0.320549
vt 0.245645 0.525000
vt 0.248940 0.294324
vt 0.414024 0.556312
vt 0.329776 0.556354
vt 0.245528 0.556396
vt 0.161283 0.556354
vt 0.077038 0.556312
vt 0.161398 0.525000
vt 0.077151 0.525000
vt 0.025281 0.320823
vt 0.136964 0.320686
vt 0.137251 0.294598
vt 0.025562 0.294872
vt 0.137828 0.261654
vt 0.026145 0.261792
vt 0.138406 0.228711
vt 0.026728 0.228711
vt 0.249512 0.261517
vt 0.250083 0.228711
vt 0.027509 0.190968
vt 0.139187 0.190968
vt 0.139967 0.153226
vt 0.028290 0.153226
vt 0.250864 0.190968
vt 0.251645 0.153226
vt 0.363323 0.153226
vt 0.362542 0.190968
vt 0.474219 0.190968
vt 0.475000 0.153226
vt 0.361761 0.228711
vt 0.473438 0.228711
vt 0.472855 0.261792
vt 0.361183 0.261654
vt 0.331138 0.862575
vt 0.332900 0.892007
vt 0.417129 0.892083
vt 0.415350 0.862727
vt 0.334661 0.921439
vt 0.418908 0.921439
vt 0.248670 0.891932
vt 0.250414 0.921439
vt 0.246927 0.862424
vt 0.421278 0.948220
vt 0.337032 0.948220
vt 0.339402 0.975000
vt 0.423649 0.975000
vt 0.252785 0.948220
vt 0.255155 0.975000
vt 0.170909 0.975000
vt 0.168538 0.948220
vt 0.084292 0.948220
vt 0.086662 0.975000
vt 0.166168 0.921439
vt 0.081921 0.921439
vt 0.080142 0.892083
vt 0.164406 0.892007
vt 0.162645 0.862575
vt 0.078364 0.862727
vt 0.329100 0.724957
vt 0.329228 0.760546
vt 0.413471 0.760538
vt 0.413338 0.724941
vt 0.329357 0.796135
vt 0.413604 0.796135
vt 0.244986 0.760554
vt 0.245110 0.796135
vt 0.244862 0.724974
vt 0.414477 0.829431
vt 0.330248 0.829355
vt 0.246018 0.829279
vt 0.161754 0.829355
vt 0.077490 0.829431
vt 0.160864 0.796135
vt 0.076617 0.796135
vt 0.076484 0.760538
vt 0.160735 0.760546
vt 0.160607 0.724957
vt 0.076351 0.724941
vt 0.329661 0.587708
vt 0.329470 0.621148
vt 0.413719 0.621107
vt 0.413911 0.587624
vt 0.329280 0.654589
vt 0.413527 0.654589
vt 0.245222 0.621190
vt 0.245033 0.654589
vt 0.245411 0.587791
vt 0.413432 0.689765
vt 0.329190 0.689773
vt 0.244948 0.689781
vt 0.160697 0.689773
vt 0.076446 0.689765
vt 0.160787 0.654589
vt 0.076540 0.654589
vt 0.076732 0.621107
vt 0.160977 0.621148
vt 0.161167 0.587708
vt 0.076924 0.587624
vt 0.360606 0.294598
vt 0.360319 0.320686
vt 0.471991 0.320823
vt 0.472272 0.294872
vt 0.360033 0.346774
vt 0.471710 0.346774
vt 0.248648 0.320549
vt 0.245645 0.525000
vt 0.248940 0.294324
vt 0.414024 0.556312
vt 0.329776 0.556354
vt 0.245528 0.556396
vt 0.161283 0.556354
vt 0.077038 0.556312
vt 0.161398 0.525000
vt 0.077151 0.525000
vt 0.025281 0.320823
vt 0.136964 0.320686
vt 0.137251 0.294598
vt 0.025562 0.294872
vt 0.137828 0.261654
vt 0.026145 0.261792
vt 0.138406 0.228711
vt 0.026728 0.228711
vt 0.249512 0.261517
vt 0.250083 0.228711
vt 0.027509 0.190968
vt 0.139187 0.190968
vt 0.139967 0.153226
vt 0.028290 0.153226
vt 0.250864 0.190968
vt 0.251645 0.153226
vt 0.363323 0.153226
vt 0.362542 0.190968
vt 0.474219 0.190968
vt 0.475000 0.153226
vt 0.361761 0.228711
vt 0.473438 0.228711
vt 0.472855 0.261792
vt 0.361183 0.261654
vt 0.331138 0.862575
vt 0.332900 0.892007
vt 0.417129 0.892083
vt 0.415350 0.862727
vt 0.334661 0.921439
vt 0.418908 0.921439
vt 0.248670 0.891932
vt 0.250414 0.921439
vt 0.246927 0.862424
vt 0.421278 0.948220
vt 0.337032 0.948220
vt 0.339402 0.975000
vt 0.423649 0.975000
vt 0.252785 0.948220
vt 0.255155 0.975000
vt 0.170909 0.975000
vt 0.168538 0.948220
vt 0.084292 0.948220
vt 0.086662 0.975000
vt 0.166168 0.921439
vt 0.081921 0.921439
vt 0.080142 0.892083
vt 0.164406 0.892007
vt 0.162645 0.862575
vt 0.078364 0.862727
vt 0.329100 0.724957
vt 0.329228 0.760546
vt 0.413471 0.760538
vt 0.413338 0.724941
vt 0.329357 0.796135
vt 0.413604 0.796135
vt 0.244986 0.760554
vt 0.245110 0.796135
vt 0.244862 0.724974
vt 0.414477 0.829431
vt 0.330248 0.829355
vt 0.246018 0.829279
vt 0.161754 0.829355
vt 0.077490 0.829431
vt 0.160864 0.796135
vt 0.076617 0.796135
vt 0.076484 0.760538
vt 0.160735 0.760546
vt 0.160607 0.724957
vt 0.076351 0.724941
vt 0.329661 0.587708
vt 0.329470 0.621148
vt 0.413719 0.621107
vt 0.413911 0.587624
vt 0.329280 0.654589
vt 0.413527 0.654589
vt 0.245222 0.621190
vt 0.245033 0.654589
vt 0.245411 0.587791
vt 0.413432 0.689765
vt 0.329190 0.689773
vt 0.244948 0.689781
vt 0.160697 0.689773
vt 0.076446 0.689765
vt 0.160787 0.654589
vt 0.076540 0.654589
vt 0.076732 0.621107
vt 0.160977 0.621148
vt 0.161167 0.587708
vt 0.076924 0.587624
vt 0.360606 0.294598
vt 0.360319 0.320686
vt 0.471991 0.320823
vt 0.472272 0.294872
vt 0.360033 0.346774
vt 0.471710 0.346774
vt 0.248648 0.320549
vt 0.245645 0.525000
vt 0.248940 0.294324
vt 0.414024 0.556312
vt 0.329776 0.556354
vt 0.245528 0.556396
vt 0.161283 0.556354
vt 0.077038 0.556312
vt 0.161398 0.525000
vt 0.077151 0.525000
vt 0.025281 0.320823
vt 0.136964 0.320686
vt 0.137251 0.294598
vt 0.025562 0.294872
vt 0.137828 0.261654
vt 0.026145 0.261792
vt 0.138406 0.228711
vt 0.026728 0.228711
vt 0.249512 0.261517
vt 0.250083 0.228711
vt 0.027509 0.190968
vt 0.139187 0.190968
vt 0.139967 0.153226
vt 0.028290 0.153226
vt 0.250864 0.190968
vt 0.251645 0.153226
vt 0.363323 0.153226
vt 0.362542 0.190968
vt 0.474219 0.190968
vt 0.475000 0.153226
vt 0.361761 0.228711
vt 0.473438 0.228711
vt 0.472855 0.261792
vt 0.361183 0.261654
vt 0.331138 0.862575
vt 0.332900 0.892007
vt 0.417129 0.892083
vt 0.415350 0.862727
vt 0.334661 0.921439
vt 0.418908 0.921439
vt 0.248670 0.891932
vt 0.250414 0.921439
vt 0.246927 0.862424
vt 0.421278 0.948220
vt 0.337032 0.948220
vt 0.339402 0.975000
vt 0.423649 0.975000
vt 0.252785 0.948220
vt 0.255155 0.975000
vt 0.170909 0.975000
vt 0.168538 0.948220
vt 0.084292 0.948220
vt 0.086662 0.975000
vt 0.166168 0.921439
vt 0.081921 0.921439
vt 0.080142 0.892083
vt 0.164406 0.892007
vt 0.162645 0.862575
vt 0.078364 0.862727
vt 0.329100 0.724957
vt 0.329228 0.760546
vt 0.413471 0.760538
vt 0.413338 0.724941
vt 0.329357 0.796135
vt 0.413604 0.796135
vt 0.244986 0.760554
vt 0.245110 0.796135
vt 0.244862 0.724974
vt 0.414477 0.829431
vt 0.330248 0.829355
vt 0.246018 0.829279
vt 0.161754 0.829355
vt 0.077490 0.829431
vt 0.160864 0.796135
vt 0.076617 0.796135
vt 0.076484 0.760538
vt 0.160735 0.760546
vt 0.160607 0.724957
vt 0.076351 0.724941
vt 0.329661 0.587708
vt 0.329470 0.621148
vt 0.413719 0.621107
vt 0.413911 0.587624
vt 0.329280 0.654589
vt 0.413527 0.654589
vt 0.245222 0.621190
vt 0.245033 0.654589
vt 0.245411 0.587791
vt 0.413432 0.689765
vt 0.329190 0.689773
vt 0.244948 0.689781
vt 0.160697 0.689773
vt 0.076446 0.689765
vt 0.160787 0.654589
vt 0.076540 0.654589
vt 0.076732 0.621107
vt 0.160977 0.621148
vt 0.161167 0.587708
vt 0.076924 0.587624
vt 0.360606 0.294598
vt 0.360319 0.320686
vt 0.471991 0.320823
vt 0.472272 0.294872
vt 0.360033 0.346774
vt 0.471710 0.346774
vt 0.248648 0.320549
vt 0.245645 0.525000
vt 0.248940 0.294324
vt 0.414024 0.556312
vt 0.329776 0.556354
vt 0.245528 0.556396
vt 0.161283 0.556354
vt 0.077038 0.556312
vt 0.161398 0.525000
vt 0.077151 0.525000
vt 0.025281 0.320823
vt 0.136964 0.320686
vt 0.137251 0.294598
vt 0.025562 0.294872
vt 0.137828 0.261654
vt 0.026145 0.261792
vt 0.138406 0.228711
vt 0.026728 0.228711
vt 0.249512 0.261517
vt 0.250083 0.228711
vt 0.027509 0.190968
vt 0.139187 0.190968
vt 0.139967 0.153226
vt 0.028290 0.153226
vt 0.250864 0.190968
vt 0.251645 0.153226
vt 0.363323 0.153226
vt 0.362542 0.190968
vt 0.474219 0.190968
vt 0.475000 0.153226
vt 0.361761 0.228711
vt 0.473438 0.228711
vt 0.472855 0.261792
vt 0.361183 0.261654
vt 0.331138 0.862575
vt 0.332900 0.892007
vt 0.417129 0.892083
vt 0.415350 0.862727
vt 0.334661 0.921439
vt 0.418908 0.921439
vt 0.248670 0.891932
vt 0.250414 0.921439
vt 0.246927 0.862424
vt 0.421278 0.948220
vt 0.337032 0.948220
vt 0.339402 0.975000
vt 0.423649 0.975000
vt 0.252785 0.948220
vt 0.255155 0.975000
vt 0.170909 0.975000
vt 0.168538 0.948220
vt 0.084292 0.948220
vt 0.086662 0.975000
vt 0.166168 0.921439
vt 0.081921 0.921439
vt 0.080142 0.892083
vt 0.164406 0.892007
vt 0.162645 0.862575
vt 0.078364 0.862727
vt 0.329100 0.724957
vt 0.329228 0.760546
vt 0.413471 0.760538
vt 0.413338 0.724941
vt 0.329357 0.796135
vt 0.413604 0.796135
vt 0.244986 0.760554
vt 0.245110 0.796135
vt 0.244862 0.724974
vt 0.414477 0.829431
vt 0.330248 0.829355
vt 0.246018 0.829279
vt 0.161754 0.829355
vt 0.077490 0.829431
vt 0.160864 0.796135
vt 0.076617 0.796135
vt 0.076484 0.760538
vt 0.160735 0.760546
vt 0.160607 0.724957
vt 0.076351 0.724941
vt 0.329661 0.587708
vt 0.329470 0.621148
vt 0.413719 0.621107
vt 0.413911 0.587624
vt 0.329280 0.654589
vt 0.413527 0.654589
vt 0.245222 0.621190
vt 0.245033 0.654589
vt 0.245411 0.587791
vt 0.413432 0.689765
vt 0.329190 0.689773
vt 0.244948 0.689781
vt 0.160697 0.689773
vt 0.076446 0.689765
vt 0.160787 0.654589
vt 0.076540 0.654589
vt 0.076732 0.621107
vt 0.160977 0.621148
vt 0.161167 0.587708
vt 0.076924 0.587624
vt 0.360606 0.294598
vt 0.360319 0.320686
vt 0.471991 0.320823
vt 0.472272 0.294872
vt 0.360033 0.346774
vt 0.471710 0.346774
vt 0.248648 0.320549
vt 0.245645 0.525000
vt 0.248940 0.294324
vt 0.414024 0.556312
vt 0.329776 0.556354
vt 0.245528 0.556396
vt 0.161283 0.556354
vt 0.077038 0.556312
vt 0.161398 0.525000
vt 0.077151 0.525000
vt 0.025281 0.320823
vt 0.136964 0.320686
vt 0.137251 0.294598
vt 0.025562 0.294872
vt 0.137828 0.261654
vt 0.026145 0.261792
vt 0.138406 0.228711
vt 0.026728 0.228711
vt 0.249512 0.261517
vt 0.250083 0.228711
vt 0.027509 0.190968
vt 0.139187 0.190968
vt 0.139967 0.153226
vt 0.028290 0.153226
vt 0.250864 0.190968
vt 0.251645 0.153226
vt 0.363323 0.153226
vt 0.362542 0.190968
vt 0.474219 0.190968
vt 0.475000 0.153226
vt 0.361761 0.228711
vt 0.473438 0.228711
vt 0.472855 0.261792
vt 0.361183 0.261654
vt 0.331138 0.862575
vt 0.332900 0.892007
vt 0.417129 0.892083
vt 0.415350 0.862727
vt 0.334661 0.921439
vt 0.418908 0.921439
vt 0.248670 0.891932
vt 0.250414 0.921439
vt 0.246927 0.862424
vt 0.421278 0.948220
vt 0.337032 0.948220
vt 0.339402 0.975000
vt 0.423649 0.975000
vt 0.252785 0.948220
vt 0.255155 0.975000
vt 0.170909 0.975000
vt 0.168538 0.948220
vt 0.084292 0.948220
vt 0.086662 0.975000
vt 0.166168 0.921439
vt 0.081921 0.921439
vt 0.080142 0.892083
vt 0.164406 0.892007
vt 0.162645 0.862575
vt 0.078364 0.862727
vt 0.329100 0.724957
vt 0.329228 0.760546
vt 0.413471 0.760538
vt 0.413338 0.724941
vt 0.329357 0.796135
vt 0.413604 0.796135
vt 0.244986 0.760554
vt 0.245110 0.796135
vt 0.244862 0.724974
vt 0.414477 0.829431
vt 0.330248 0.829355
vt 0.246018 0.829279
vt 0.161754 0.829355
vt 0.077490 0.829431
vt 0.160864 0.796135
vt 0.076617 0.796135
vt 0.076484 0.760538
vt 0.160735 0.760546
vt 0.160607 0.724957
vt 0.076351 0.724941
vt 0.329661 0.587708
vt 0.329470 0.621148
vt 0.413719 0.621107
vt 0.413911 0.587624
vt 0.329280 0.654589
vt 0.413527 0.654589
vt 0.245222 0.621190
vt 0.245033 0.654589
vt 0.245411 0.587791
vt 0.413432 0.689765
vt 0.329190 0.689773
vt 0.244948 0.689781
vt 0.160697 0.689773
vt 0.076446 0.689765
vt 0.160787 0.654589
vt 0.076540 0.654589
vt 0.076732 0.621107
vt 0.160977 0.621148
vt 0.161167 0.587708
vt 0.076924 0.587624
vt 0.360606 0.294598
vt 0.360319 0.320686
vt 0.471991 0.320823
vt 0.472272 0.294872
vt 0.360033 0.346774
vt 0.471710 0.346774
vt 0.248648 0.320549
vt 0.245645 0.525000
vt 0.248940 0.294324
vt 0.414024 0.556312
vt 0.329776 0.556354
vt 0.245528 0.556396
vt 0.161283 0.556354
vt 0.077038 0.556312
vt 0.161398 0.525000
vt 0.077151 0.525000
vt 0.025281 0.320823
vt 0.136964 0.320686
vt 0.137251 0.294598
vt 0.025562 0.294872
vt 0.137828 0.261654
vt 0.026145 0.261792
vt 0.138406 0.228711
vt 0.026728 0.228711
vt 0.249512 0.261517
vt 0.250083 0.228711
vt 0.027509 0.190968
vt 0.139187 0.190968
vt 0.139967 0.153226
vt 0.028290 0.153226
vt 0.250864 0.190968
vt 0.251645 0.153226
vt 0.363323 0.153226
vt 0.362542 0.190968
vt 0.474219 0.190968
vt 0.475000 0.153226
vt 0.361761 0.228711
vt 0.473438 0.228711
vt 0.472855 0.261792
vt 0.361183 0.261654
vt 0.331138 0.862575
vt 0.332900 0.892007
vt 0.417129 0.892083
vt 0.415350 0.862727
vt 0.334661 0.921439
vt 0.418908 0.921439
vt 0.248670 0.891932
vt 0.250414 0.921439
vt 0.246927 0.862424
vt 0.421278 0.948220
vt 0.337032 0.948220
vt 0.339402 0.975000
vt 0.423649 0.975000
vt 0.252785 0.948220
vt 0.255155 0.975000
vt 0.170909 0.975000
vt 0.168538 0.948220
vt 0.084292 0.948220
vt 0.086662 0.975000
vt 0.166168 0.921439
vt 0.081921 0.921439
vt 0.080142 0.892083
vt 0.164406 0.892007
vt 0.162645 0.862575
vt 0.078364 0.862727
vt 0.329100 0.724957
vt 0.329228 0.760546
vt 0.413471 0.760538
vt 0.413338 0.724941
vt 0.329357 0.796135
vt 0.413604 0.796135
vt 0.244986 0.760554
vt 0.245110 0.796135
vt 0.244862 0.724974
vt 0.414477 0.829431
vt 0.330248 0.829355
vt 0.246018 0.829279
vt 0.161754 0.829355
vt 0.077490 0.829431
vt 0.160864 0.796135
vt 0.076617 0.796135
vt 0.076484 0.760538
vt 0.160735 0.760546
vt 0.160607 0.724957
vt 0.076351 0.724941
vt 0.329661 0.587708
vt 0.329470 0.621148
vt 0.413719 0.621107
vt 0.413911 0.587624
vt 0.329280 0.654589
vt 0.413527 0.654589
vt 0.245222 0.621190
vt 0.245033 0.654589
vt 0.245411 0.587791
vt 0.413432 0.689765
vt 0.329190 0.689773
vt 0.244948 0.689781
vt 0.160697 0.689773
vt 0.076446 0.689765
vt 0.160787 0.654589
vt 0.076540 0.654589
vt 0.076732 0.621107
vt 0.160977 0.621148
vt 0.161167 0.587708
vt 0.076924 0.587624
vt 0.360606 0.294598
vt 0.360319 0.320686
vt 0.471991 0.320823
vt 0.472272 0.294872
vt 0.360033 0.346774
vt 0.471710 0.346774
vt 0.248648 0.320549
vt 0.245645 0.525000
vt 0.248940 0.294324
vt 0.414024 0.556312
vt 0.329776 0.556354
vt 0.245528 0.556396
vt 0.161283 0.556354
vt 0.077038 0.556312
vt 0.161398 0.525000
vt 0.077151 0.525000
vt 0.025281 0.320823
vt 0.136964 0.320686
vt 0.137251 0.294598
vt 0.025562 0.294872
vt 0.137828 0.261654
vt 0.026145 0.261792
vt 0.138406 0.228711
vt 0.026728 0.228711
vt 0.249512 0.261517
vt 0.250083 0.228711
vt 0.027509 0.190968
vt 0.139187 0.190968
vt 0.139967 0.153226
vt 0.028290 0.153226
vt 0.250864 0.190968
vt 0.251645 0.153226
vt 0.363323 0.153226
vt 0.362542 0.190968
vt 0.474219 0.190968
vt 0.475000 0.153226
vt 0.361761 0.228711
vt 0.473438 0.228711
vt 0.472855 0.261792
vt 0.361183 0.261654
vt 0.331138 0.862575
vt 0.332900 0.892007
vt 0.417129 0.892083
vt 0.415350 0.862727
vt 0.334661 0.921439
vt 0.418908 0.921439
vt 0.248670 0.891932
vt 0.250414 0.921439
vt 0.246927 0.862424
vt 0.421278 0.948220
vt 0.337032 0.948220
vt 0.339402 0.975000
vt 0.423649 0.975000
vt 0.252785 0.948220
vt 0.255155 0.975000
vt 0.170909 0.975000
vt 0.168538 0.948220
vt 0.084292 0.948220
vt 0.086662 0.975000
vt 0.166168 0.921439
vt 0.081921 0.921439
vt 0.080142 0.892083
vt 0.164406 0.892007
vt 0.162645 0.862575
vt 0.078364 0.862727
vt 0.329100 0.724957
vt 0.329228 0.760546
vt 0.413471 0.760538
vt 0.413338 0.724941
vt 0.329357 0.796135
vt 0.413604 0.796135
vt 0.244986 0.760554
vt 0.245110 0.796135
vt 0.244862 0.724974
vt 0.414477 0.829431
vt 0.330248 0.829355
vt 0.246018 0.829279
vt 0.161754 0.829355
vt 0.077490 0.829431
vt 0.160864 0.796135
vt 0.076617 0.796135
vt 0.076484 0.760538
vt 0.160735 0.760546
vt 0.160607 0.724957
vt 0.076351 0.724941
vt 0.329661 0.587708
vt 0.329470 0.621148
vt 0.413719 0.621107
vt 0.413911 0.587624
vt 0.329280 0.654589
vt 0.413527 0.654589
vt 0.245222 0.621190
vt 0.245033 0.654589
vt 0.245411 0.587791
vt 0.413432 0.689765
vt 0.329190 0.689773
vt 0.244948 0.689781
vt 0.160697 0.689773
vt 0.076446 0.689765
vt 0.160787 0.654589
vt 0.076540 0.654589
vt 0.076732 0.621107
vt 0.160977 0.621148
vt 0.161167 0.587708
vt 0.076924 0.587624
vt 0.360606 0.294598
vt 0.360319 0.320686
vt 0.471991 0.320823
vt 0.472272 0.294872
vt 0.360033 0.346774
vt 0.471710 0.346774
vt 0.248648 0.320549
vt 0.245645 0.525000
vt 0.248940 0.294324
vt 0.414024 0.556312
vt 0.329776 0.556354
vt 0.245528 0.556396
vt 0.161283 0.556354
vt 0.077038 0.556312
vt 0.161398 0.525000
vt 0.077151 0.525000
vt 0.025281 0.320823
vt 0.136964 0.320686
vt 0.137251 0.294598
vt 0.025562 0.294872
vt 0.137828 0.261654
vt 0.026145 0.261792
vt 0.138406 0.228711
vt 0.026728 0.228711
vt 0.249512 0.261517
vt 0.250083 0.228711
vt 0.027509 0.190968
vt 0.139187 0.190968
vt 0.139967 0.153226
vt 0.028290 0.153226
vt 0.250864 0.190968
vt 0.251645 0.153226
vt 0.363323 0.153226
vt 0.362542 0.190968
vt 0.474219 0.190968
vt 0.475000 0.153226
vt 0.361761 0.228711
vt 0.473438 0.228711
vt 0.472855 0.261792
vt 0.361183 0.261654
vt 0.331138 0.862575
vt 0.332900 0.892007
vt 0.417129 0.892083
vt 0.415350 0.862727
vt 0.334661 0.921439
vt 0.418908 0.921439
vt 0.248670 0.891932
vt 0.250414 0.921439
vt 0.246927 0.862424
vt 0.421278 0.948220
vt 0.337032 0.948220
vt 0.339402 0.975000
vt 0.423649 0.975000
vt 0.252785 0.948220
vt 0.255155 0.975000
vt 0.170909 0.975000
vt 0.168538 0.948220
vt 0.084292 0.948220
vt 0.086662 0.975000
vt 0.166168 0.921439
vt 0.081921 0.921439
vt 0.080142 0.892083
vt 0.164406 0.892007
vt 0.162645 0.862575
vt 0.078364 0.862727
vt 0.329100 0.724957
vt 0.329228 0.760546
vt 0.413471 0.760538
vt 0.413338 0.724941
vt 0.329357 0.796135
vt 0.413604 0.796135
vt 0.244986 0.760554
vt 0.245110 0.796135
vt 0.244862 0.724974
vt 0.414477 0.829431
vt 0.330248 0.829355
vt 0.246018 0.829279
vt 0.161754 0.829355
vt 0.077490 0.829431
vt 0.160864 0.796135
vt 0.076617 0.796135
vt 0.076484 0.760538
vt 0.160735 0.760546
vt 0.160607 0.724957
vt 0.076351 0.724941
vt 0.329661 0.587708
vt 0.329470 0.621148
vt 0.413719 0.621107
vt 0.413911 0.587624
vt 0.329280 0.654589
vt 0.413527 0.654589
vt 0.245222 0.621190
vt 0.245033 0.654589
vt 0.245411 0.587791
vt 0.413432 0.689765
vt 0.329190 0.689773
vt 0.244948 0.689781
vt 0.160697 0.689773
vt 0.076446 0.689765
vt 0.160787 0.654589
vt 0.076540 0.654589
vt 0.076732 0.621107
vt 0.160977 0.621148
vt 0.161167 0.587708
vt 0.076924 0.587624
vt 0.360606 0.294598
vt 0.360319 0.320686
vt 0.471991 0.320823
vt 0.472272 0.294872
vt 0.360033 0.346774
vt 0.471710 0.346774
vt 0.248648 0.320549
vt 0.245645 0.525000
vt 0.248940 0.294324
vt 0.414024 0.556312
vt 0.329776 0.556354
vt 0.245528 0.556396
vt 0.161283 0.556354
vt 0.077038 0.556312
vt 0.161398 0.525000
vt 0.077151 0.525000
vt 0.025281 0.320823
vt 0.136964 0.320686
vt 0.137251 0.294598
vt 0.025562 0.294872
vt 0.137828 0.261654
vt 0.026145 0.261792
vt 0.138406 0.228711
vt 0.026728 0.228711
vt 0.249512 0.261517
vt 0.250083 0.228711
vt 0.027509 0.190968
vt 0.139187 0.190968
vt 0.139967 0.153226
vt 0.028290 0.153226
vt 0.250864 0.190968
vt 0.251645 0.153226
vt 0.363323 0.153226
vt 0.362542 0.190968
vt 0.474219 0.190968
vt 0.475000 0.153226
vt 0.361761 0.228711
vt 0.473438 0.228711
vt 0.472855 0.261792
vt 0.361183 0.261654

o name 4
usemtl Material
usemap Material
f 4727/4727 4726/4726 4728/4728
f 4729/4729 4728/4728 4726/4726
f 4727/4727 4728/4728 4730/4730
f 4731/4731 4730/4730 4728/4728
f 4727/4727 4730/4730 4732/4732
f 4733/4733 4732/4732 4730/4730
f 4727/4727 4732/4732 4726/4726
f 4734/4734 4726/4726 4732/4732
f 4736/4736 4735/4735 4737/4737
f 4738/4738 4737/4737 4735/4735
f 4736/4736 4737/4737 4739/4739
f 4740/4740 4739/4739 4737/4737
f 4736/4736 4739/4739 4730/4730
f 4733/4733 4730/4730 4739/4739
f 4736/4736 4730/4730 4735/4735
f 4731/4731 4735/4735 4730/4730
f 4742/4742 4741/4741 4743/4743
f 4744/4744 4743/4743 4741/4741
f 4742/4742 4743/4743 4745/4745
f 4746/4746 4745/4745 4743/4743
f 4742/4742 4745/4745 4739/4739
f 4733/4733 4739/4739 4745/4745
f 4742/4742 4739/4739 4741/4741
f 4740/4740 4741/4741 4739/4739
f 4748/4748 4747/4747 4749/4749
f 4750/4750 4749/4749 4747/4747
f 4748/4748 4749/4749 4732/4732
f 4734/4734 4732/4732 4749/4749
f 4748/4748 4732/4732 4745/4745
f 4733/4733 4745/4745 4732/4732
f 4748/4748 4745/4745 4747/4747
f 4746/4746 4747/4747 4745/4745
f 4752/4752 4751/4751 4753/4753
f 4754/4754 4753/4753 4751/4751
f 4752/4752 4753/4753 4755/4755
f 4756/4756 4755/4755 4753/4753
f 4752/4752 4755/4755 4757/4757
f 4758/4758 4757/4757 4755/4755
f 4752/4752 4757/4757 4751/4751
f 4759/4759 4751/4751 4757/4757
f 4761/4761 4760/4760 4726/4726
f 4729/4729 4726/4726 4760/4760
f 4761/4761 4726/4726 4762/4762
f 4734/4734 4762/4762 4726/4726
f 4761/4761 4762/4762 4755/4755
f 4758/4758 4755/4755 4762/4762
f 4761/4761 4755/4755 4760/4760
f 4756/4756 4760/4760 4755/4755
f 4763/4763 4749/4749 4764/4764
f 4750/4750 4764/4764 4749/4749
f 4763/4763 4764/4764 4765/4765
f 4766/4766 4765/4765 4764/4764
f 4763/4763 4765/4765 4762/4762
f 4758/4758 4762/4762 4765/4765
f 4763/4763 4762/4762 4749/4749
f 4734/4734 4749/4749 4762/4762
f 4768/4768 4767/4767 4769/4769
f 4770/4770 4769/4769 4767/4767
f 4768/4768 4769/4769 4757/4757
f 4759/4759 4757/4757 4769/4769
f 4768/4768 4757/4757 4765/4765
f 4758/4758 4765/4765 4757/4757
f 4768/4768 4765/4765 4767/4767
f 4766/4766 4767/4767 4765/4765
f 4772/4772 4771/4771 4773/4773
f 4774/4774 4773/4773 4771/4771
f 4772/4772 4773/4773 4775/4775
f 4776/4776 4775/4775 4773/4773
f 4772/4772 4775/4775 4777/4777
f 4778/4778 4777/4777 4775/4775
f 4772/4772 4777/4777 4771/4771
f 4779/4779 4771/4771 4777/4777
f 4781/4781 4780/4780 4751/4751
f 4754/4754 4751/4751 4780/4780
f 4781/4781 4751/4751 4782/4782
f 4759/4759 4782/4782 4751/4751
f 4781/4781 4782/4782 4775/4775
f 4778/4778 4775/4775 4782/4782
f 4781/4781 4775/4775 4780/4780
f 4776/4776 4780/4780 4775/4775
f 4783/4783 4769/4769 4784/4784
f 4770/4770 4784/4784 4769/4769
f 4783/4783 4784/4784 4785/4785
f 4786/4786 4785/4785 4784/4784
f 4783/4783 4785/4785 4782/4782
f 4778/4778 4782/4782 4785/4785
f 4783/4783 4782/4782 4769/4769
f 4759/4759 4769/4769 4782/4782
f 4788/4788 4787/4787 4789/4789
f 4790/4790 4789/4789 4787/4787
f 4788/4788 4789/4789 4777/4777
f 4779/4779 4777/4777 4789/4789
f 4788/4788 4777/4777 4785/4785
f 4778/4778 4785/4785 4777/4777
f 4788/4788 4785/4785 4787/4787
f 4786/4786 4787/4787 4785/4785
f 4792/4792 4791/4791 4793/4793
f 4794/4794 4793/4793 4791/4791
f 4792/4792 4793/4793 4795/4795
f 4796/4796 4795/4795 4793/4793
f 4792/4792 4795/4795 4797/4797
f 4798/4798 4797/4797 4795/4795
f 4792/4792 4797/4797 4791/4791
f 4799/4799 4791/4791 4797/4797
f 4801/4801 4800/4800 4771/4771
f 4774/4774 4771/4771 4800/4800
f 4801/4801 4771/4771 4802/4802
f 4779/4779 4802/4802 4771/4771
f 4801/4801 4802/4802 4795/4795
f 4798/4798 4795/4795 4802/4802
f 4801/4801 4795/4795 4800/4800
f 4796/4796 4800/4800 4795/4795
f 4803/4803 4789/4789 4804/4804
f 4790/4790 4804/4804 4789/4789
f 4803/4803 4804/4804 4805/4805
f 4806/4806 4805/4805 4804/4804
f 4803/4803 4805/4805 4802/4802
f 4798/4798 4802/4802 4805/4805
f 4803/4803 4802/4802 4789/4789
f 4779/4779 4789/4789 4802/4802
f 4808/4808 4807/4807 4809/4809
f 4810/4810 4809/4809 4807/4807
f 4808/4808 4809/4809 4797/4797
f 4799/4799 4797/4797 4809/4809
f 4808/4808 4797/4797 4805/4805
f 4798/4798 4805/4805 4797/4797
f 4808/4808 4805/4805 4807/4807
f 4806/4806 4807/4807 4805/4805
f 4811/4811 4809/4809 4812/4812
f 4810/4810 4812/4812 4809/4809
f 4811/4811 4812/4812 4813/4813
f 4814/4814 4813/4813 4812/4812
f 4811/4811 4813/4813 4815/4815
f 4816/4816 4815/4815 4813/4813
f 4811/4811 4815/4815 4809/4809
f 4799/4799 4809/4809 4815/4815
f 4818/4818 4817/4817 4819/4819
f 4820/4820 4819/4819 4817/4817
f 4818/4818 4819/4819 4821/4821
f 4822/4822 4821/4821 4819/4819
f 4818/4818 4821/4821 4813/4813
f 4816/4816 4813/4813 4821/4821
f 4818/4818 4813/4813 4817/4817
f 4814/4814 4817/4817 4813/4813
f 4824/4824 4823/4823 4825/4825
f 4826/4826 4825/4825 4823/4823
f 4824/4824 4825/4825 4827/4827
f 4828/4828 4827/4827 4825/4825
f 4824/4824 4827/4827 4821/4821
f 4816/4816 4821/4821 4827/4827
f 4824/4824 4821/4821 4823/4823
f 4822/4822 4823/4823 4821/4821
f 4830/4830 4829/4829 4791/4791
f 4794/4794 4791/4791 4829/4829
f 4830/4830 4791/4791 4815/4815
f 4799/4799 4815/4815 4791/4791
f 4830/4830 4815/4815 4827/4827
f 4816/4816 4827/4827 4815/4815
f 4830/4830 4827/4827 4829/4829
f 4828/4828 4829/4829 4827/4827
f 4832/4832 4831/4831 4833/4833
f 4834/4834 4833/4833 4831/4831
f 4832/4832 4833/4833 4835/4835
f 4836/4836 4835/4835 4833/4833
f 4832/4832 4835/4835 4837/4837
f 4838/4838 4837/4837 4835/4835
f 4832/4832 4837/4837 4831/4831
f 4839/4839 4831/4831 4837/4837
f 4841/4841 4840/4840 4842/4842
f 4843/4843 4842/4842 4840/4840
f 4841/4841 4842/4842 4844/4844
f 4845/4845 4844/4844 4842/4842
f 4841/4841 4844/4844 4835/4835
f 4838/4838 4835/4835 4844/4844
f 4841/4841 4835/4835 4840/4840
f 4836/4836 4840/4840 4835/4835
f 4847/4847 4846/4846 4848/4848
f 4849/4849 4848/4848 4846/4846
f 4847/4847 4848/4848 4850/4850
f 4851/4851 4850/4850 4848/4848
f 4847/4847 4850/4850 4844/4844
f 4838/4838 4844/4844 4850/4850
f 4847/4847 4844/4844 4846/4846
f 4845/4845 4846/4846 4844/4844
f 4853/4853 4852/4852 4854/4854
f 4855/4855 4854/4854 4852/4852
f 4853/4853 4854/4854 4837/4837
f 4839/4839 4837/4837 4854/4854
f 4853/4853 4837/4837 4850/4850
f 4838/4838 4850/4850 4837/4837
f 4853/4853 4850/4850 4852/4852
f 4851/4851 4852/4852 4850/4850
f 4857/4857 4856/4856 4858/4858
f 4859/4859 4858/4858 4856/4856
f 4857/4857 4858/4858 4860/4860
f 4861/4861 4860/4860 4858/4858
f 4857/4857 4860/4860 4862/4862
f 4863/4863 4862/4862 4860/4860
f 4857/4857 4862/4862 4856/4856
f 4864/4864 4856/4856 4862/4862
f 4866/4866 4865/4865 4831/4831
f 4834/4834 4831/4831 4865/4865
f 4866/4866 4831/4831 4867/4867
f 4839/4839 4867/4867 4831/4831
f 4866/4866 4867/4867 4860/4860
f 4863/4863 4860/4860 4867/4867
f 4866/4866 4860/4860 4865/4865
f 4861/4861 4865/4865 4860/4860
f 4868/4868 4854/4854 4869/4869
f 4855/4855 4869/4869 4854/4854
f 4868/4868 4869/4869 4870/4870
f 4871/4871 4870/4870 4869/4869
f 4868/4868 4870/4870 4867/4867
f 4863/4863 4867/4867 4870/4870
f 4868/4868 4867/4867 4854/4854
f 4839/4839 4854/4854 4867/4867
f 4873/4873 4872/4872 4874/4874
f 4875/4875 4874/4874 4872/4872
f 4873/4873 4874/4874 4862/4862
f 4864/4864 4862/4862 4874/4874
f 4873/4873 4862/4862 4870/4870
f 4863/4863 4870/4870 4862/4862
f 4873/4873 4870/4870 4872/4872
f 4871/4871 4872/4872 4870/4870
f 4877/4877 4876/4876 4878/4878
f 4879/4879 4878/4878 4876/4876
f 4877/4877 4878/4878 4880/4880
f 4881/4881 4880/4880 4878/4878
f 4877/4877 4880/4880 4882/4882
f 4883/4883 4882/4882 4880/4880
f 4877/4877 4882/4882 4876/4876
f 4884/4884 4876/4876 4882/4882
f 4886/4886 4885/4885 4856/4856
f 4859/4859 4856/4856 4885/4885
f 4886/4886 4856/4856 4887/4887
f 4864/4864 4887/4887 4856/4856
f 4886/4886 4887/4887 4880/4880
f 4883/4883 4880/4880 4887/4887
f 4886/4886 4880/4880 4885/4885
f 4881/4881 4885/4885 4880/4880
f 4888/4888 4874/4874 4889/4889
f 4875/4875 4889/4889 4874/4874
f 4888/4888 4889/4889 4890/4890
f 4891/4891 4890/4890 4889/4889
f 4888/4888 4890/4890 4887/4887
f 4883/4883 4887/4887 4890/4890
f 4888/4888 4887/4887 4874/4874
f 4864/4864 4874/4874 4887/4887
f 4893/4893 4892/4892 4894/4894
f 4895/4895 4894/4894 4892/4892
f 4893/4893 4894/4894 4882/4882
f 4884/4884 4882/4882 4894/4894
f 4893/4893 4882/4882 4890/4890
f 4883/4883 4890/4890 4882/4882
f 4893/4893 4890/4890 4892/4892
f 4891/4891 4892/4892 4890/4890
f 4897/4897 4896/4896 4898/4898
f 4899/4899 4898/4898 4896/4896
f 4897/4897 4898/4898 4900/4900
f 4901/4901 4900/4900 4898/4898
f 4897/4897 4900/4900 4902/4902
f 4903/4903 4902/4902 4900/4900
f 4897/4897 4902/4902 4896/4896
f 4904/4904 4896/4896 4902/4902
f 4906/4906 4905/4905 4876/4876
f 4879/4879 4876/4876 4905/4905
f 4906/4906 4876/4876 4907/4907
f 4884/4884 4907/4907 4876/4876
f 4906/4906 4907/4907 4900/4900
f 4903/4903 4900/4900 4907/4907
f 4906/4906 4900/4900 4905/4905
f 4901/4901 4905/4905 4900/4900
f 4908/4908 4894/4894 4909/4909
f 4895/4895 4909/4909 4894/4894
f 4908/4908 4909/4909 4910/4910
f 4911/4911 4910/4910 4909/4909
f 4908/4908 4910/4910 4907/4907
f 4903/4903 4907/4907 4910/4910
f 4908/4908 4907/4907 4894/4894
f 4884/4884 4894/4894 4907/4907
f 4913/4913 4912/4912 4914/4914
f 4915/4915 4914/4914 4912/4912
f 4913/4913 4914/4914 4902/4902
f 4904/4904 4902/4902 4914/4914
f 4913/4913 4902/4902 4910/4910
f 4903/4903 4910/4910 4902/4902
f 4913/4913 4910/4910 4912/4912
f 4911/4911 4912/4912 4910/4910
f 4916/4916 4914/4914 4917/4917
f 4915/4915 4917/4917 4914/4914
f 4916/4916 4917/4917 4918/4918
f 4919/4919 4918/4918 4917/4917
f 4916/4916 4918/4918 4920/4920
f 4921/4921 4920/4920 4918/4918
f 4916/4916 4920/4920 4914/4914
f 4904/4904 4914/4914 4920/4920
f 4923/4923 4922/4922 4924/4924
f 4925/4925 4924/4924 4922/4922
f 4923/4923 4924/4924 4926/4926
f 4927/4927 4926/4926 4924/4924
f 4923/4923 4926/4926 4918/4918
f 4921/4921 4918/4918 4926/4926
f 4923/4923 4918/4918 4922/4922
f 4919/4919 4922/4922 4918/4918
f 4929/4929 4928/4928 4930/4930
f 4931/4931 4930/4930 4928/4928
f 4929/4929 4930/4930 4932/4932
f 4933/4933 4932/4932 4930/4930
f 4929/4929 4932/4932 4926/4926
f 4921/4921 4926/4926 4932/4932
f 4929/4929 4926/4926 4928/4928
f 4927/4927 4928/4928 4926/4926
f 4935/4935 4934/4934 4896/4896
f 4899/4899 4896/4896 4934/4934
f 4935/4935 4896/4896 4920/4920
f 4904/4904 4920/4920 4896/4896
f 4935/4935 4920/4920 4932/4932
f 4921/4921 4932/4932 4920/4920
f 4935/4935 4932/4932 4934/4934
f 4933/4933 4934/4934 4932/4932
f 4937/4937 4936/4936 4938/4938
f 4939/4939 4938/4938 4936/4936
f 4937/4937 4938/4938 4940/4940
f 4941/4941 4940/4940 4938/4938
f 4937/4937 4940/4940 4942/4942
f 4943/4943 4942/4942 4940/4940
f 4937/4937 4942/4942 4936/4936
f 4944/4944 4936/4936 4942/4942
f 4946/4946 4945/4945 4947/4947
f 4948/4948 4947/4947 4945/4945
f 4946/4946 4947/4947 4949/4949
f 4950/4950 4949/4949 4947/4947
f 4946/4946 4949/4949 4940/4940
f 4943/4943 4940/4940 4949/4949
f 4946/4946 4940/4940 4945/4945
f 4941/4941 4945/4945 4940/4940
f 4952/4952 4951/4951 4953/4953
f 4954/4954 4953/4953 4951/4951
f 4952/4952 4953/4953 4955/4955
f 4956/4956 4955/4955 4953/4953
f 4952/4952 4955/4955 4949/4949
f 4943/4943 4949/4949 4955/4955
f 4952/4952 4949/4949 4951/4951
f 4950/4950 4951/4951 4949/4949
f 4958/4958 4957/4957 4959/4959
f 4960/4960 4959/4959 4957/4957
f 4958/4958 4959/4959 4942/4942
f 4944/4944 4942/4942 4959/4959
f 4958/4958 4942/4942 4955/4955
f 4943/4943 4955/4955 4942/4942
f 4958/4958 4955/4955 4957/4957
f 4956/4956 4957/4957 4955/4955
f 4962/4962 4961/4961 4963/4963
f 4964/4964 4963/4963 4961/4961
f 4962/4962 4963/4963 4965/4965
f 4966/4966 4965/4965 4963/4963
f 4962/4962 4965/4965 4967/4967
f 4968/4968 4967/4967 4965/4965
f 4962/4962 4967/4967 4961/4961
f 4969/4969 4961/4961 4967/4967
f 4971/4971 4970/4970 4936/4936
f 4939/4939 4936/4936 4970/4970
f 4971/4971 4936/4936 4972/4972
f 4944/4944 4972/4972 4936/4936
f 4971/4971 4972/4972 4965/4965
f 4968/4968 4965/4965 4972/4972
f 4971/4971 4965/4965 4970/4970
f 4966/4966 4970/4970 4965/4965
f 4973/4973 4959/4959 4974/4974
f 4960/4960 4974/4974 4959/4959
f 4973/4973 4974/4974 4975/4975
f 4976/4976 4975/4975 4974/4974
f 4973/4973 4975/4975 4972/4972
f 4968/4968 4972/4972 4975/4975
f 4973/4973 4972/4972 4959/4959
f 4944/4944 4959/4959 4972/4972
f 4978/4978 4977/4977 4979/4979
f 4980/4980 4979/4979 4977/4977
f 4978/4978 4979/4979 4967/4967
f 4969/4969 4967/4967 4979/4979
f 4978/4978 4967/4967 4975/4975
f 4968/4968 4975/4975 4967/4967
f 4978/4978 4975/4975 4977/4977
f 4976/4976 4977/4977 4975/4975
f 4982/4982 4981/4981 4983/4983
f 4984/4984 4983/4983 4981/4981
f 4982/4982 4983/4983 4985/4985
f 4986/4986 4985/4985 4983/4983
f 4982/4982 4985/4985 4987/4987
f 4988/4988 4987/4987 4985/4985
f 4982/4982 4987/4987 4981/4981
f 4989/4989 4981/4981 4987/4987
f 4991/4991 4990/4990 4961/4961
f 4964/4964 4961/4961 4990/4990
f 4991/4991 4961/4961 4992/4992
f 4969/4969 4992/4992 4961/4961
f 4991/4991 4992/4992 4985/4985
f 4988/4988 4985/4985 4992/4992
f 4991/4991 4985/4985 4990/4990
f 4986/4986 4990/4990 4985/4985
f 4993/4993 4979/4979 4994/4994
f 4980/4980 4994/4994 4979/4979
f 4993/4993 4994/4994 4995/4995
f 4996/4996 4995/4995 4994/4994
f 4993/4993 4995/4995 4992/4992
f 4988/4988 4992/4992 4995/4995
f 4993/4993 4992/4992 4979/4979
f 4969/4969 4979/4979 4992/4992
f 4998/4998 4997/4997 4999/4999
f 5000/5000 4999/4999 4997/4997
f 4998/4998 4999/4999 4987/4987
f 4989/4989 4987/4987 4999/4999
f 4998/4998 4987/4987 4995/4995
f 4988/4988 4995/4995 4987/4987
f 4998/4998 4995/4995 4997/4997
f 4996/4996 4997/4997 4995/4995
f 5002/5002 5001/5001 5003/5003
f 5004/5004 5003/5003 5001/5001
f 5002/5002 5003/5003 5005/5005
f 5006/5006 5005/5005 5003/5003
f 5002/5002 5005/5005 5007/5007
f 5008/5008 5007/5007 5005/5005
f 5002/5002 5007/5007 5001/5001
f 5009/5009 5001/5001 5007/5007
f 5011/5011 5010/5010 4981/4981
f 4984/4984 4981/4981 5010/5010
f 5011/5011 4981/4981 5012/5012
f 4989/4989 5012/5012 4981/4981
f 5011/5011 5012/5012 5005/5005
f 5008/5008 5005/5005 5012/5012
f 5011/5011 5005/5005 5010/5010
f 5006/5006 5010/5010 5005/5005
f 5013/5013 4999/4999 5014/5014
f 5000/5000 5014/5014 4999/4999
f 5013/5013 5014/5014 5015/5015
f 5016/5016 5015/5015 5014/5014
f 5013/5013 5015/5015 5012/5012
f 5008/5008 5012/5012 5015/5015
f 5013/5013 5012/5012 4999/4999
f 4989/4989 4999/4999 5012/5012
f 5018/5018 5017/5017 5019/5019
f 5020/5020 5019/5019 5017/5017
f 5018/5018 5019/5019 5007/5007
f 5009/5009 5007/5007 5019/5019
f 5018/5018 5007/5007 5015/5015
f 5008/5008 5015/5015 5007/5007
f 5018/5018 5015/5015 5017/5017
f 5016/5016 5017/5017 5015/5015
f 5021/5021 5019/5019 5022/5022
f 5020/5020 5022/5022 5019/5019
f 5021/5021 5022/5022 5023/5023
f 5024/5024 5023/5023 5022/5022
f 5021/5021 5023/5023 5025/5025
f 5026/5026 5025/5025 5023/5023
f 5021/5021 5025/5025 5019/5019
f 5009/5009 5019/5019 5025/5025
f 5028/5028 5027/5027 5029/5029
f 5030/5030 5029/5029 5027/5027
f 5028/5028 5029/5029 5031/5031
f 5032/5032 5031/5031 5029/5029
f 5028/5028 5031/5031 5023/5023
f 5026/5026 5023/5023 5031/5031
f 5028/5028 5023/5023 5027/5027
f 5024/5024 5027/5027 5023/5023
f 5034/5034 5033/5033 5035/5035
f 5036/5036 5035/5035 5033/5033
f 5034/5034 5035/5035 5037/5037
f 5038/5038 5037/5037 5035/5035
f 5034/5034 5037/5037 5031/5031
f 5026/5026 5031/5031 5037/5037
f 5034/5034 5031/5031 5033/5033
f 5032/5032 5033/5033 5031/5031
f 5040/5040 5039/5039 5001/5001
f 5004/5004 5001/5001 5039/5039
f 5040/5040 5001/5001 5025/5025
f 5009/5009 5025/5025 5001/5001
f 5040/5040 5025/5025 5037/5037
f 5026/5026 5037/5037 5025/5025
f 5040/5040 5037/5037 5039/5039
f 5038/5038 5039/5039 5037/5037
f 5042/5042 5041/5041 5043/5043
f 5044/5044 5043/5043 5041/5041
f 5042/5042 5043/5043 5045/5045
f 5046/5046 5045/5045 5043/5043
f 5042/5042 5045/5045 5047/5047
f 5048/5048 5047/5047 5045/5045
f 5042/5042 5047/5047 5041/5041
f 5049/5049 5041/5041 5047/5047
f 5051/5051 5050/5050 5052/5052
f 5053/5053 5052/5052 5050/5050
f 5051/5051 5052/5052 5054/5054
f 5055/5055 5054/5054 5052/5052
f 5051/5051 5054/5054 5045/5045
f 5048/5048 5045/5045 5054/5054
f 5051/5051 5045/5045 5050/5050
f 5046/5046 5050/5050 5045/5045
f 5057/5057 5056/5056 5058/5058
f 5059/5059 5058/5058 5056/5056
f 5057/5057 5058/5058 5060/5060
f 5061/5061 5060/5060 5058/5058
f 5057/5057 5060/5060 5054/5054
f 5048/5048 5054/5054 5060/5060
f 5057/5057 5054/5054 5056/5056
f 5055/5055 5056/5056 5054/5054
f 5063/5063 5062/5062 5064/5064
f 5065/5065 5064/5064 5062/5062
f 5063/5063 5064/5064 5047/5047
f 5049/5049 5047/5047 5064/5064
f 5063/5063 5047/5047 5060/5060
f 5048/5048 5060/5060 5047/5047
f 5063/5063 5060/5060 5062/5062
f 5061/5061 5062/5062 5060/5060
f 5067/5067 5066/5066 5068/5068
f 5069/5069 5068/5068 5066/5066
f 5067/5067 5068/5068 5070/5070
f 5071/5071 5070/5070 5068/5068
f 5067/5067 5070/5070 5072/5072
f 5073/5073 5072/5072 5070/5070
f 5067/5067 5072/5072 5066/5066
f 5074/5074 5066/5066 5072/5072
f 5076/5076 5075/5075 5041/5041
f 5044/5044 5041/5041 5075/5075
f 5076/5076 5041/5041 5077/5077
f 5049/5049 5077/5077 5041/5041
f 5076/5076 5077/5077 5070/5070
f 5073/5073 5070/5070 5077/5077
f 5076/5076 5070/5070 5075/5075
f 5071/5071 5075/5075 5070/5070
f 5078/5078 5064/5064 5079/5079
f 5065/5065 5079/5079 5064/5064
f 5078/5078 5079/5079 5080/5080
f 5081/5081 5080/5080 5079/5079
f 5078/5078 5080/5080 5077/5077
f 5073/5073 5077/5077 5080/5080
f 5078/5078 5077/5077 5064/5064
f 5049/5049 5064/5064 5077/5077
f 5083/5083 5082/5082 5084/5084
f 5085/5085 5084/5084 5082/5082
f 5083/5083 5084/5084 5072/5072
f 5074/5074 5072/5072 5084/5084
f 5083/5083 5072/5072 5080/5080
f 5073/5073 5080/5080 5072/5072
f 5083/5083 5080/5080 5082/5082
f 5081/5081 5082/5082 5080/5080
f 5087/5087 5086/5086 5088/5088
f 5089/5089 5088/5088 5086/5086
f 5087/5087 5088/5088 5090/5090
f 5091/5091 5090/5090 5088/5088
f 5087/5087 5090/5090 5092/5092
f 5093/5093 5092/5092 5090/5090
f 5087/5087 5092/5092 5086/5086
f 5094/5094 5086/5086 5092/5092
f 5096/5096 5095/5095 5066/5066
f 5069/5069 5066/5066 5095/5095
f 5096/5096 5066/5066 5097/5097
f 5074/5074 5097/5097 5066/5066
f 5096/5096 5097/5097 5090/5090
f 5093/5093 5090/5090 5097/5097
f 5096/5096 5090/5090 5095/5095
f 5091/5091 5095/5095 5090/5090
f 5098/5098 5084/5084 5099/5099
f 5085/5085 5099/5099 5084/5084
f 5098/5098 5099/5099 5100/5100
f 5101/5101 5100/5100 5099/5099
f 5098/5098 5100/5100 5097/5097
f 5093/5093 5097/5097 5100/5100
f 5098/5098 5097/5097 5084/5084
f 5074/5074 5084/5084 5097/5097
f 5103/5103 5102/5102 5104/5104
f 5105/5105 5104/5104 5102/5102
f 5103/5103 5104/5104 5092/5092
f 5094/5094 5092/5092 5104/5104
f 5103/5103 5092/5092 5100/5100
f 5093/5093 5100/5100 5092/5092
f 5103/5103 5100/5100 5102/5102
f 5101/5101 5102/5102 5100/5100
f 5107/5107 5106/5106 5108/5108
f 5109/5109 5108/5108 5106/5106
f 5107/5107 5108/5108 5110/5110
f 5111/5111 5110/5110 5108/5108
f 5107/5107 5110/5110 5112/5112
f 5113/5113 5112/5112 5110/5110
f 5107/5107 5112/5112 5106/5106
f 5114/5114 5106/5106 5112/5112
f 5116/5116 5115/5115 5086/5086
f 5089/5089 5086/5086 5115/5115
f 5116/5116 5086/5086 5117/5117
f 5094/5094 5117/5117 5086/5086
f 5116/5116 5117/5117 5110/5110
f 5113/5113 5110/5110 5117/5117
f 5116/5116 5110/5110 5115/5115
f 5111/5111 5115/5115 5110/5110
f 5118/5118 5104/5104 5119/5119
f 5105/5105 5119/5119 5104/5104
f 5118/5118 5119/5119 5120/5120
f 5121/5121 5120/5120 5119/5119
f 5118/5118 5120/5120 5117/5117
f 5113/5113 5117/5117 5120/5120
f 5118/5118 5117/5117 5104/5104
f 5094/5094 5104/5104 5117/5117
f 5123/5123 5122/5122 5124/5124
f 5125/5125 5124/5124 5122/5122
f 5123/5123 5124/5124 5112/5112
f 5114/5114 5112/5112 5124/5124
f 5123/5123 5112/5112 5120/5120
f 5113/5113 5120/5120 5112/5112
f 5123/5123 5120/5120 5122/5122
f 5121/5121 5122/5122 5120/5120
f 5126/5126 5124/5124 5127/5127
f 5125/5125 5127/5127 5124/5124
f 5126/5126 5127/5127 5128/5128
f 5129/5129 5128/5128 5127/5127
f 5126/5126 5128/5128 5130/5130
f 5131/5131 5130/5130 5128/5128
f 5126/5126 5130/5130 5124/5124
f 5114/5114 5124/5124 5130/5130
f 5133/5133 5132/5132 5134/5134
f 5135/5135 5134/5134 5132/5132
f 5133/5133 5134/5134 5136/5136
f 5137/5137 5136/5136 5134/5134
f 5133/5133 5136/5136 5128/5128
f 5131/5131 5128/5128 5136/5136
f 5133/5133 5128/5128 5132/5132
f 5129/5129 5132/5132 5128/5128
f 5139/5139 5138/5138 5140/5140
f 5141/5141 5140/5140 5138/5138
f 5139/5139 5140/5140 5142/5142
f 5143/5143 5142/5142 5140/5140
f 5139/5139 5142/5142 5136/5136
f 5131/5131 5136/5136 5142/5142
f 5139/5139 5136/5136 5138/5138
f 5137/5137 5138/5138 5136/5136
f 5145/5145 5144/5144 5106/5106
f 5109/5109 5106/5106 5144/5144
f 5145/5145 5106/5106 5130/5130
f 5114/5114 5130/5130 5106/5106
f 5145/5145 5130/5130 5142/5142
f 5131/5131 5142/5142 5130/5130
f 5145/5145 5142/5142 5144/5144
f 5143/5143 5144/5144 5142/5142
f 5147/5147 5146/5146 5148/5148
f 5149/5149 5148/5148 5146/5146
f 5147/5147 5148/5148 5150/5150
f 5151/5151 5150/5150 5148/5148
f 5147/5147 5150/5150 5152/5152
f 5153/5153 5152/5152 5150/5150
f 5147/5147 5152/5152 5146/5146
f 5154/5154 5146/5146 5152/5152
f 5156/5156 5155/5155 5157/5157
f 5158/5158 5157/5157 5155/5155
f 5156/5156 5157/5157 5159/5159
f 5160/5160 5159/5159 5157/5157
f 5156/5156 5159/5159 5150/5150
f 5153/5153 5150/5150 5159/5159
f 5156/5156 5150/5150 5155/5155
f 5151/5151 5155/5155 5150/5150
f 5162/5162 5161/5161 5163/5163
f 5164/5164 5163/5163 5161/5161
f 5162/5162 5163/5163 5165/5165
f 5166/5166 5165/5165 5163/5163
f 5162/5162 5165/5165 5159/5159
f 5153/5153 5159/5159 5165/5165
f 5162/5162 5159/5159 5161/5161
f 5160/5160 5161/5161 5159/5159
f 5168/5168 5167/5167 5169/5169
f 5170/5170 5169/5169 5167/5167
f 5168/5168 5169/5169 5152/5152
f 5154/5154 5152/5152 5169/5169
f 5168/5168 5152/5152 5165/5165
f 5153/5153 5165/5165 5152/5152
f 5168/5168 5165/5165 5167/5167
f 5166/5166 5167/5167 5165/5165
f 5172/5172 5171/5171 5173/5173
f 5174/5174 5173/5173 5171/5171
f 5172/5172 5173/5173 5175/5175
f 5176/5176 5175/5175 5173/5173
f 5172/5172 5175/5175 5177/5177
f 5178/5178 5177/5177 5175/5175
f 5172/5172 5177/5177 5171/5171
f 5179/5179 5171/5171 5177/5177
f 5181/5181 5180/5180 5146/5146
f 5149/5149 5146/5146 5180/5180
f 5181/5181 5146/5146 5182/5182
f 5154/5154 5182/5182 5146/5146
f 5181/5181 5182/5182 5175/5175
f 5178/5178 5175/5175 5182/5182
f 5181/5181 5175/5175 5180/5180
f 5176/5176 5180/5180 5175/5175
f 5183/5183 5169/5169 5184/5184
f 5170/5170 5184/5184 5169/5169
f 5183/5183 5184/5184 5185/5185
f 5186/5186 5185/5185 5184/5184
f 5183/5183 5185/5185 5182/5182
f 5178/5178 5182/5182 5185/5185
f 5183/5183 5182/5182 5169/5169
f 5154/5154 5169/5169 5182/5182
f 5188/5188 5187/5187 5189/5189
f 5190/5190 5189/5189 5187/5187
f 5188/5188 5189/5189 5177/5177
f 5179/5179 5177/5177 5189/5189
f 5188/5188 5177/5177 5185/5185
f 5178/5178 5185/5185 5177/5177
f 5188/5188 5185/5185 5187/5187
f 5186/5186 5187/5187 5185/5185
f 5192/5192 5191/5191 5193/5193
f 5194/5194 5193/5193 5191/5191
f 5192/5192 5193/5193 5195/5195
f 5196/5196 5195/5195 5193/5193
f 5192/5192 5195/5195 5197/5197
f 5198/5198 5197/5197 5195/5195
f 5192/5192 5197/5197 5191/5191
f 5199/5199 5191/5191 5197/5197
f 5201/5201 5200/5200 5171/5171
f 5174/5174 5171/5171 5200/5200
f 5201/5201 5171/5171 5202/5202
f 5179/5179 5202/5202 5171/5171
f 5201/5201 5202/5202 5195/5195
f 5198/5198 5195/5195 5202/5202
f 5201/5201 5195/5195 5200/5200
f 5196/5196 5200/5200 5195/5195
f 5203/5203 5189/5189 5204/5204
f 5190/5190 5204/5204 5189/5189
f 5203/5203 5204/5204 5205/5205
f 5206/5206 5205/5205 5204/5204
f 5203/5203 5205/5205 5202/5202
f 5198/5198 5202/5202 5205/5205
f 5203/5203 5202/5202 5189/5189
f 5179/5179 5189/5189 5202/5202
f 5208/5208 5207/5207 5209/5209
f 5210/5210 5209/5209 5207/5207
f 5208/5208 5209/5209 5197/5197
f 5199/5199 5197/5197 5209/5209
f 5208/5208 5197/5197 5205/5205
f 5198/5198 5205/5205 5197/5197
f 5208/5208 5205/5205 5207/5207
f 5206/5206 5207/5207 5205/5205
f 5212/5212 5211/5211 5213/5213
f 5214/5214 5213/5213 5211/5211
f 5212/5212 5213/5213 5215/5215
f 5216/5216 5215/5215 5213/5213
f 5212/5212 5215/5215 5217/5217
f 5218/5218 5217/5217 5215/5215
f 5212/5212 5217/5217 5211/5211
f 5219/5219 5211/5211 5217/5217
f 5221/5221 5220/5220 5191/5191
f 5194/5194 5191/5191 5220/5220
f 5221/5221 5191/5191 5222/5222
f 5199/5199 5222/5222 5191/5191
f 5221/5221 5222/5222 5215/5215
f 5218/5218 5215/5215 5222/5222
f 5221/5221 5215/5215 5220/5220
f 5216/5216 5220/5220 5215/5215
f 5223/5223 5209/5209 5224/5224
f 5210/5210 5224/5224 5209/5209
f 5223/5223 5224/5224 5225/5225
f 5226/5226 5225/5225 5224/5224
f 5223/5223 5225/5225 5222/5222
f 5218/5218 5222/5222 5225/5225
f 5223/5223 5222/5222 5209/5209
f 5199/5199 5209/5209 5222/5222
f 5228/5228 5227/5227 5229/5229
f 5230/5230 5229/5229 5227/5227
f 5228/5228 5229/5229 5217/5217
f 5219/5219 5217/5217 5229/5229
f 5228/5228 5217/5217 5225/5225
f 5218/5218 5225/5225 5217/5217
f 5228/5228 5225/5225 5227/5227
f 5226/5226 5227/5227 5225/5225
f 5231/5231 5229/5229 5232/5232
f 5230/5230 5232/5232 5229/5229
f 5231/5231 5232/5232 5233/5233
f 5234/5234 5233/5233 5232/5232
f 5231/5231 5233/5233 5235/5235
f 5236/5236 5235/5235 5233/5233
f 5231/5231 5235/5235 5229/5229
f 5219/5219 5229/5229 5235/5235
f 5238/5238 5237/5237 5239/5239
f 5240/5240 5239/5239 5237/5237
f 5238/5238 5239/5239 5241/5241
f 5242/5242 5241/5241 5239/5239
f 5238/5238 5241/5241 5233/5233
f 5236/5236 5233/5233 5241/5241
f 5238/5238 5233/5233 5237/5237
f 5234/5234 5237/5237 5233/5233
f 5244/5244 5243/5243 5245/5245
f 5246/5246 5245/5245 5243/5243
f 5244/5244 5245/5245 5247/5247
f 5248/5248 5247/5247 5245/5245
f 5244/5244 5247/5247 5241/5241
f 5236/5236 5241/5241 5247/5247
f 5244/5244 5241/5241 5243/5243
f 5242/5242 5243/5243 5241/5241
f 5250/5250 5249/5249 5211/5211
f 5214/5214 5211/5211 5249/5249
f 5250/5250 5211/5211 5235/5235
f 5219/5219 5235/5235 5211/5211
f 5250/5250 5235/5235 5247/5247
f 5236/5236 5247/5247 5235/5235
f 5250/5250 5247/5247 5249/5249
f 5248/5248 5249/5249 5247/5247
f 5252/5252 5251/5251 5253/5253
f 5254/5254 5253/5253 5251/5251
f 5252/5252 5253/5253 5255/5255
f 5256/5256 5255/5255 5253/5253
f 5252/5252 5255/5255 5257/5257
f 5258/5258 5257/5257 5255/5255
f 5252/5252 5257/5257 5251/5251
f 5259/5259 5251/5251 5257/5257
f 5261/5261 5260/5260 5262/5262
f 5263/5263 5262/5262 5260/5260
f 5261/5261 5262/5262 5264/5264
f 5265/5265 5264/5264 5262/5262
f 5261/5261 5264/5264 5255/5255
f 5258/5258 5255/5255 5264/5264
f 5261/5261 5255/5255 5260/5260
f 5256/5256 5260/5260 5255/5255
f 5267/5267 5266/5266 5268/5268
f 5269/5269 5268/5268 5266/5266
f 5267/5267 5268/5268 5270/5270
f 5271/5271 5270/5270 5268/5268
f 5267/5267 5270/5270 5264/5264
f 5258/5258 5264/5264 5270/5270
f 5267/5267 5264/5264 5266/5266
f 5265/5265 5266/5266 5264/5264
f 5273/5273 5272/5272 5274/5274
f 5275/5275 5274/5274 5272/5272
f 5273/5273 5274/5274 5257/5257
f 5259/5259 5257/5257 5274/5274
f 5273/5273 5257/5257 5270/5270
f 5258/5258 5270/5270 5257/5257
f 5273/5273 5270/5270 5272/5272
f 5271/5271 5272/5272 5270/5270
f 5277/5277 5276/5276 5278/5278
f 5279/5279 5278/5278 5276/5276
f 5277/5277 5278/5278 5280/5280
f 5281/5281 5280/5280 5278/5278
f 5277/5277 5280/5280 5282/5282
f 5283/5283 5282/5282 5280/5280
f 5277/5277 5282/5282 5276/5276
f 5284/5284 5276/5276 5282/5282
f 5286/5286 5285/5285 5251/5251
f 5254/5254 5251/5251 5285/5285
f 5286/5286 5251/5251 5287/5287
f 5259/5259 5287/5287 5251/5251
f 5286/5286 5287/5287 5280/5280
f 5283/5283 5280/5280 5287/5287
f 5286/5286 5280/5280 5285/5285
f 5281/5281 5285/5285 5280/5280
f 5288/5288 5274/5274 5289/5289
f 5275/5275 5289/5289 5274/5274
f 5288/5288 5289/5289 5290/5290
f 5291/5291 5290/5290 5289/5289
f 5288/5288 5290/5290 5287/5287
f 5283/5283 5287/5287 5290/5290
f 5288/5288 5287/5287 5274/5274
f 5259/5259 5274/5274 5287/5287
f 5293/5293 5292/5292 5294/5294
f 5295/5295 5294/5294 5292/5292
f 5293/5293 5294/5294 5282/5282
f 5284/5284 5282/5282 5294/5294
f 5293/5293 5282/5282 5290/5290
f 5283/5283 5290/5290 5282/5282
f 5293/5293 5290/5290 5292/5292
f 5291/5291 5292/5292 5290/5290
f 5297/5297 5296/5296 5298/5298
f 5299/5299 5298/5298 5296/5296
f 5297/5297 5298/5298 5300/5300
f 5301/5301 5300/5300 5298/5298
f 5297/5297 5300/5300 5302/5302
f 5303/5303 5302/5302 5300/5300
f 5297/5297 5302/5302 5296/5296
f 5304/5304 5296/5296 5302/5302
f 5306/5306 5305/5305 5276/5276
f 5279/5279 5276/5276 5305/5305
f 5306/5306 5276/5276 5307/5307
f 5284/5284 5307/5307 5276/5276
f 5306/5306 5307/5307 5300/5300
f 5303/5303 5300/5300 5307/5307
f 5306/5306 5300/5300 5305/5305
f 5301/5301 5305/5305 5300/5300
f 5308/5308 5294/5294 5309/5309
f 5295/5295 5309/5309 5294/5294
f 5308/5308 5309/5309 5310/5310
f 5311/5311 5310/5310 5309/5309
f 5308/5308 5310/5310 5307/5307
f 5303/5303 5307/5307 5310/5310
f 5308/5308 5307/5307 5294/5294
f 5284/5284 5294/5294 5307/5307
f 5313/5313 5312/5312 5314/5314
f 5315/5315 5314/5314 5312/5312
f 5313/5313 5314/5314 5302/5302
f 5304/5304 5302/5302 5314/5314
f 5313/5313 5302/5302 5310/5310
f 5303/5303 5310/5310 5302/5302
f 5313/5313 5310/5310 5312/5312
f 5311/5311 5312/5312 5310/5310
f 5317/5317 5316/5316 5318/5318
f 5319/5319 5318/5318 5316/5316
f 5317/5317 5318/5318 5320/5320
f 5321/5321 5320/5320 5318/5318
f 5317/5317 5320/5320 5322/5322
f 5323/5323 5322/5322 5320/5320
f 5317/5317 5322/5322 5316/5316
f 5324/5324 5316/5316 5322/5322
f 5326/5326 5325/5325 5296/5296
f 5299/5299 5296/5296 5325/5325
f 5326/5326 5296/5296 5327/5327
f 5304/5304 5327/5327 5296/5296
f 5326/5326 5327/5327 5320/5320
f 5323/5323 5320/5320 5327/5327
f 5326/5326 5320/5320 5325/5325
f 5321/5321 5325/5325 5320/5320
f 5328/5328 5314/5314 5329/5329
f 5315/5315 5329/5329 5314/5314
f 5328/5328 5329/5329 5330/5330
f 5331/5331 5330/5330 5329/5329
f 5328/5328 5330/5330 5327/5327
f 5323/5323 5327/5327 5330/5330
f 5328/5328 5327/5327 5314/5314
f 5304/5304 5314/5314 5327/5327
f 5333/5333 5332/5332 5334/5334
f 5335/5335 5334/5334 5332/5332
f 5333/5333 5334/5334 5322/5322
f 5324/5324 5322/5322 5334/5334
f 5333/5333 5322/5322 5330/5330
f 5323/5323 5330/5330 5322/5322
f 5333/5333 5330/5330 5332/5332
f 5331/5331 5332/5332 5330/5330
f 5336/5336 5334/5334 5337/5337
f 5335/5335 5337/5337 5334/5334
f 5336/5336 5337/5337 5338/5338
f 5339/5339 5338/5338 5337/5337
f 5336/5336 5338/5338 5340/5340
f 5341/5341 5340/5340 5338/5338
f 5336/5336 5340/5340 5334/5334
f 5324/5324 5334/5334 5340/5340
f 5343/5343 5342/5342 5344/5344
f 5345/5345 5344/5344 5342/5342
f 5343/5343 5344/5344 5346/5346
f 5347/5347 5346/5346 5344/5344
f 5343/5343 5346/5346 5338/5338
f 5341/5341 5338/5338 5346/5346
f 5343/5343 5338/5338 5342/5342
f 5339/5339 5342/5342 5338/5338
f 5349/5349 5348/5348 5350/5350
f 5351/5351 5350/5350 5348/5348
f 5349/5349 5350/5350 5352/5352
f 5353/5353 5352/5352 5350/5350
f 5349/5349 5352/5352 5346/5346
f 5341/5341 5346/5346 5352/5352
f 5349/5349 5346/5346 5348/5348
f 5347/5347 5348/5348 5346/5346
f 5355/5355 5354/5354 5316/5316
f 5319/5319 5316/5316 5354/5354
f 5355/5355 5316/5316 5340/5340
f 5324/5324 5340/5340 5316/5316
f 5355/5355 5340/5340 5352/5352
f 5341/5341 5352/5352 5340/5340
f 5355/5355 5352/5352 5354/5354
f 5353/5353 5354/5354 5352/5352
f 5357/5357 5356/5356 5358/5358
f 5359/5359 5358/5358 5356/5356
f 5357/5357 5358/5358 5360/5360
f 5361/5361 5360/5360 5358/5358
f 5357/5357 5360/5360 5362/5362
f 5363/5363 5362/5362 5360/5360
f 5357/5357 5362/5362 5356/5356
f 5364/5364 5356/5356 5362/5362
f 5366/5366 5365/5365 5367/5367
f 5368/5368 5367/5367 5365/5365
f 5366/5366 5367/5367 5369/5369
f 5370/5370 5369/5369 5367/5367
f 5366/5366 5369/5369 5360/5360
f 5363/5363 5360/5360 5369/5369
f 5366/5366 5360/5360 5365/5365
f 5361/5361 5365/5365 5360/5360
f 5372/5372 5371/5371 5373/5373
f 5374/5374 5373/5373 5371/5371
f 5372/5372 5373/5373 5375/5375
f 5376/5376 5375/5375 5373/5373
f 5372/5372 5375/5375 5369/5369
f 5363/5363 5369/5369 5375/5375
f 5372/5372 5369/5369 5371/5371
f 5370/5370 5371/5371 5369/5369
f 5378/5378 5377/5377 5379/5379
f 5380/5380 5379/5379 5377/5377
f 5378/5378 5379/5379 5362/5362
f 5364/5364 5362/5362 5379/5379
f 5378/5378 5362/5362 5375/5375
f 5363/5363 5375/5375 5362/5362
f 5378/5378 5375/5375 5377/5377
f 5376/5376 5377/5377 5375/5375
f 5382/5382 5381/5381 5383/5383
f 5384/5384 5383/5383 5381/5381
f 5382/5382 5383/5383 5385/5385
f 5386/5386 5385/5385 5383/5383
f 5382/5382 5385/5385 5387/5387
f 5388/5388 5387/5387 5385/5385
f 5382/5382 5387/5387 5381/5381
f 5389/5389 5381/5381 5387/5387
f 5391/5391 5390/5390 5356/5356
f 5359/5359 5356/5356 5390/5390
f 5391/5391 5356/5356 5392/5392
f 5364/5364 5392/5392 5356/5356
f 5391/5391 5392/5392 5385/5385
f 5388/5388 5385/5385 5392/5392
f 5391/5391 5385/5385 5390/5390
f 5386/5386 5390/5390 5385/5385
f 5393/5393 5379/5379 5394/5394
f 5380/5380 5394/5394 5379/5379
f 5393/5393 5394/5394 5395/5395
f 5396/5396 5395/5395 5394/5394
f 5393/5393 5395/5395 5392/5392
f 5388/5388 5392/5392 5395/5395
f 5393/5393 5392/5392 5379/5379
f 5364/5364 5379/5379 5392/5392
f 5398/5398 5397/5397 5399/5399
f 5400/5400 5399/5399 5397/5397
f 5398/5398 5399/5399 5387/5387
f 5389/5389 5387/5387 5399/5399
f 5398/5398 5387/5387 5395/5395
f 5388/5388 5395/5395 5387/5387
f 5398/5398 5395/5395 5397/5397
f 5396/5396 5397/5397 5395/5395
f 5402/5402 5401/5401 5403/5403
f 5404/5404 5403/5403 5401/5401
f 5402/5402 5403/5403 5405/5405
f 5406/5406 5405/5405 5403/5403
f 5402/5402 5405/5405 5407/5407
f 5408/5408 5407/5407 5405/5405
f 5402/5402 5407/5407 5401/5401
f 5409/5409 5401/5401 5407/5407
f 5411/5411 5410/5410 5381/5381
f 5384/5384 5381/5381 5410/5410
f 5411/5411 5381/5381 5412/5412
f 5389/5389 5412/5412 5381/5381
f 5411/5411 5412/5412 5405/5405
f 5408/5408 5405/5405 5412/5412
f 5411/5411 5405/5405 5410/5410
f 5406/5406 5410/5410 5405/5405
f 5413/5413 5399/5399 5414/5414
f 5400/5400 5414/5414 5399/5399
f 5413/5413 5414/5414 5415/5415
f 5416/5416 5415/5415 5414/5414
f 5413/5413 5415/5415 5412/5412
f 5408/5408 5412/5412 5415/5415
f 5413/5413 5412/5412 5399/5399
f 5389/5389 5399/5399 5412/5412
f 5418/5418 5417/5417 5419/5419
f 5420/5420 5419/5419 5417/5417
f 5418/5418 5419/5419 5407/5407
f 5409/5409 5407/5407 5419/5419
f 5418/5418 5407/5407 5415/5415
f 5408/5408 5415/5415 5407/5407
f 5418/5418 5415/5415 5417/5417
f 5416/5416 5417/5417 5415/5415
f 5422/5422 5421/5421 5423/5423
f 5424/5424 5423/5423 5421/5421
f 5422/5422 5423/5423 5425/5425
f 5426/5426 5425/5425 5423/5423
f 5422/5422 5425/5425 5427/5427
f 5428/5428 5427/5427 5425/5425
f 5422/5422 5427/5427 5421/5421
f 5429/5429 5421/5421 5427/5427
f 5431/5431 5430/5430 5401/5401
f 5404/5404 5401/5401 5430/5430
f 5431/5431 5401/5401 5432/5432
f 5409/5409 5432/5432 5401/5401
f 5431/5431 5432/5432 5425/5425
f 5428/5428 5425/5425 5432/5432
f 5431/5431 5425/5425 5430/5430
f 5426/5426 5430/5430 5425/5425
f 5433/5433 5419/5419 5434/5434
f 5420/5420 5434/5434 5419/5419
f 5433/5433 5434/5434 5435/5435
f 5436/5436 5435/5435 5434/5434
f 5433/5433 5435/5435 5432/5432
f 5428/5428 5432/5432 5435/5435
f 5433/5433 5432/5432 5419/5419
f 5409/5409 5419/5419 5432/5432
f 5438/5438 5437/5437 5439/5439
f 5440/5440 5439/5439 5437/5437
f 5438/5438 5439/5439 5427/5427
f 5429/5429 5427/5427 5439/5439
f 5438/5438 5427/5427 5435/5435
f 5428/5428 5435/5435 5427/5427
f 5438/5438 5435/5435 5437/5437
f 5436/5436 5437/5437 5435/5435
f 5441/5441 5439/5439 5442/5442
f 5440/5440 5442/5442 5439/5439
f 5441/5441 5442/5442 5443/5443
f 5444/5444 5443/5443 5442/5442
f 5441/5441 5443/5443 5445/5445
f 5446/5446 5445/5445 5443/5443
f 5441/5441 5445/5445 5439/5439
f 5429/5429 5439/5439 5445/5445
f 5448/5448 5447/5447 5449/5449
f 5450/5450 5449/5449 5447/5447
f 5448/5448 5449/5449 5451/5451
f 5452/5452 5451/5451 5449/5449
f 5448/5448 5451/5451 5443/5443
f 5446/5446 5443/5443 5451/5451
f 5448/5448 5443/5443 5447/5447
f 5444/5444 5447/5447 5443/5443
f 5454/5454 5453/5453 5455/5455
f 5456/5456 5455/5455 5453/5453
f 5454/5454 5455/5455 5457/5457
f 5458/5458 5457/5457 5455/5455
f 5454/5454 5457/5457 5451/5451
f 5446/5446 5451/5451 5457/5457
f 5454/5454 5451/5451 5453/5453
f 5452/5452 5453/5453 5451/5451
f 5460/5460 5459/5459 5421/5421
f 5424/5424 5421/5421 5459/5459
f 5460/5460 5421/5421 5445/5445
f 5429/5429 5445/5445 5421/5421
f 5460/5460 5445/5445 5457/5457
f 5446/5446 5457/5457 5445/5445
f 5460/5460 5457/5457 5459/5459
f 5458/5458 5459/5459 5457/5457
f 5462/5462 5461/5461 5463/5463
f 5464/5464 5463/5463 5461/5461
f 5462/5462 5463/5463 5465/5465
f 5466/5466 5465/5465 5463/5463
f 5462/5462 5465/5465 5467/5467
f 5468/5468 5467/5467 5465/5465
f 5462/5462 5467/5467 5461/5461
f 5469/5469 5461/5461 5467/5467
f 5471/5471 5470/5470 5472/5472
f 5473/5473 5472/5472 5470/5470
f 5471/5471 5472/5472 5474/5474
f 5475/5475 5474/5474 5472/5472
f 5471/5471 5474/5474 5465/5465
f 5468/5468 5465/5465 5474/5474
f 5471/5471 5465/5465 5470/5470
f 5466/5466 5470/5470 5465/5465
f 5477/5477 5476/5476 5478/5478
f 5479/5479 5478/5478 5476/5476
f 5477/5477 5478/5478 5480/5480
f 5481/5481 5480/5480 5478/5478
f 5477/5477 5480/5480 5474/5474
f 5468/5468 5474/5474 5480/5480
f 5477/5477 5474/5474 5476/5476
f 5475/5475 5476/5476 5474/5474
f 5483/5483 5482/5482 5484/5484
f 5485/5485 5484/5484 5482/5482
f 5483/5483 5484/5484 5467/5467
f 5469/5469 5467/5467 5484/5484
f 5483/5483 5467/5467 5480/5480
f 5468/5468 5480/5480 5467/5467
f 5483/5483 5480/5480 5482/5482
f 5481/5481 5482/5482 5480/5480
f 5487/5487 5486/5486 5488/5488
f 5489/5489 5488/5488 5486/5486
f 5487/5487 5488/5488 5490/5490
f 5491/5491 5490/5490 5488/5488
f 5487/5487 5490/5490 5492/5492
f 5493/5493 5492/5492 5490/5490
f 5487/5487 5492/5492 5486/5486
f 5494/5494 5486/5486 5492/5492
f 5496/5496 5495/5495 5461/5461
f 5464/5464 5461/5461 5495/5495
f 5496/5496 5461/5461 5497/5497
f 5469/5469 5497/5497 5461/5461
f 5496/5496 5497/5497 5490/5490
f 5493/5493 5490/5490 5497/5497
f 5496/5496 5490/5490 5495/5495
f 5491/5491 5495/5495 5490/5490
f 5498/5498 5484/5484 5499/5499
f 5485/5485 5499/5499 5484/5484
f 5498/5498 5499/5499 5500/5500
f 5501/5501 5500/5500 5499/5499
f 5498/5498 5500/5500 5497/5497
f 5493/5493 5497/5497 5500/5500
f 5498/5498 5497/5497 5484/5484
f 5469/5469 5484/5484 5497/5497
f 5503/5503 5502/5502 5504/5504
f 5505/5505 5504/5504 5502/5502
f 5503/5503 5504/5504 5492/5492
f 5494/5494 5492/5492 5504/5504
f 5503/5503 5492/5492 5500/5500
f 5493/5493 5500/5500 5492/5492
f 5503/5503 5500/5500 5502/5502
f 5501/5501 5502/5502 5500/5500
f 5507/5507 5506/5506 5508/5508
f 5509/5509 5508/5508 5506/5506
f 5507/5507 5508/5508 5510/5510
f 5511/5511 5510/5510 5508/5508
f 5507/5507 5510/5510 5512/5512
f 5513/5513 5512/5512 5510/5510
f 5507/5507 5512/5512 5506/5506
f 5514/5514 5506/5506 5512/5512
f 5516/5516 5515/5515 5486/5486
f 5489/5489 5486/5486 5515/5515
f 5516/5516 5486/5486 5517/5517
f 5494/5494 5517/5517 5486/5486
f 5516/5516 5517/5517 5510/5510
f 5513/5513 5510/5510 5517/5517
f 5516/5516 5510/5510 5515/5515
f 5511/5511 5515/5515 5510/5510
f 5518/5518 5504/5504 5519/5519
f 5505/5505 5519/5519 5504/5504
f 5518/5518 5519/5519 5520/5520
f 5521/5521 5520/5520 5519/5519
f 5518/5518 5520/5520 5517/5517
f 5513/5513 5517/5517 5520/5520
f 5518/5518 5517/5517 5504/5504
f 5494/5494 5504/5504 5517/5517
f 5523/5523 5522/5522 5524/5524
f 5525/5525 5524/5524 5522/5522
f 5523/5523 5524/5524 5512/5512
f 5514/5514 5512/5512 5524/5524
f 5523/5523 5512/5512 5520/5520
f 5513/5513 5520/5520 5512/5512
f 5523/5523 5520/5520 5522/5522
f 5521/5521 5522/5522 5520/5520
f 5527/5527 5526/5526 5528/5528
f 5529/5529 5528/5528 5526/5526
f 5527/5527 5528/5528 5530/5530
f 5531/5531 5530/5530 5528/5528
f 5527/5527 5530/5530 5532/5532
f 5533/5533 5532/5532 5530/5530
f 5527/5527 5532/5532 5526/5526
f 5534/5534 5526/5526 5532/5532
f 5536/5536 5535/5535 5506/5506
f 5509/5509 5506/5506 5535/5535
f 5536/5536 5506/5506 5537/5537
f 5514/5514 5537/5537 5506/5506
f 5536/5536 5537/5537 5530/5530
f 5533/5533 5530/5530 5537/5537
f 5536/5536 5530/5530 5535/5535
f 5531/5531 5535/5535 5530/5530
f 5538/5538 5524/5524 5539/5539
f 5525/5525 5539/5539 5524/5524
f 5538/5538 5539/5539 5540/5540
f 5541/5541 5540/5540 5539/5539
f 5538/5538 5540/5540 5537/5537
f 5533/5533 5537/5537 5540/5540
f 5538/5538 5537/5537 5524/5524
f 5514/5514 5524/5524 5537/5537
f 5543/5543 5542/5542 5544/5544
f 5545/5545 5544/5544 5542/5542
f 5543/5543 5544/5544 5532/5532
f 5534/5534 5532/5532 5544/5544
f 5543/5543 5532/5532 5540/5540
f 5533/5533 5540/5540 5532/5532
f 5543/5543 5540/5540 5542/5542
f 5541/5541 5542/5542 5540/5540
f 5546/5546 5544/5544 5547/5547
f 5545/5545 5547/5547 5544/5544
f 5546/5546 5547/5547 5548/5548
f 5549/5549 5548/5548 5547/5547
f 5546/5546 5548/5548 5550/5550
f 5551/5551 5550/5550 5548/5548
f 5546/5546 5550/5550 5544/5544
f 5534/5534 5544/5544 5550/5550
f 5553/5553 5552/5552 5554/5554
f 5555/5555 5554/5554 5552/5552
f 5553/5553 5554/5554 5556/5556
f 5557/5557 5556/5556 5554/5554
f 5553/5553 5556/5556 5548/5548
f 5551/5551 5548/5548 5556/5556
f 5553/5553 5548/5548 5552/5552
f 5549/5549 5552/5552 5548/5548
f 5559/5559 5558/5558 5560/5560
f 5561/5561 5560/5560 5558/5558
f 5559/5559 5560/5560 5562/5562
f 5563/5563 5562/5562 5560/5560
f 5559/5559 5562/5562 5556/5556
f 5551/5551 5556/5556 5562/5562
f 5559/5559 5556/5556 5558/5558
f 5557/5557 5558/5558 5556/5556
f 5565/5565 5564/5564 5526/5526
f 5529/5529 5526/5526 5564/5564
f 5565/5565 5526/5526 5550/5550
f 5534/5534 5550/5550 5526/5526
f 5565/5565 5550/5550 5562/5562
f 5551/5551 5562/5562 5550/5550
f 5565/5565 5562/5562 5564/5564
f 5563/5563 5564/5564 5562/5562
f 5567/5567 5566/5566 5568/5568
f 5569/5569 5568/5568 5566/5566
f 5567/5567 5568/5568 5570/5570
f 5571/5571 5570/5570 5568/5568
f 5567/5567 5570/5570 5572/5572
f 5573/5573 5572/5572 5570/5570
f 5567/5567 5572/5572 5566/5566
f 5574/5574 5566/5566 5572/5572
f 5576/5576 5575/5575 5577/5577
f 5578/5578 5577/5577 5575/5575
f 5576/5576 5577/5577 5579/5579
f 5580/5580 5579/5579 5577/5577
f 5576/5576 5579/5579 5570/5570
f 5573/5573 5570/5570 5579/5579
f 5576/5576 5570/5570 5575/5575
f 5571/5571 5575/5575 5570/5570
f 5582/5582 5581/5581 5583/5583
f 5584/5584 5583/5583 5581/5581
f 5582/5582 5583/5583 5585/5585
f 5586/5586 5585/5585 5583/5583
f 5582/5582 5585/5585 5579/5579
f 5573/5573 5579/5579 5585/5585
f 5582/5582 5579/5579 5581/5581
f 5580/5580 5581/5581 5579/5579
f 5588/5588 5587/5587 5589/5589
f 5590/5590 5589/5589 5587/5587
f 5588/5588 5589/5589 5572/5572
f 5574/5574 5572/5572 5589/5589
f 5588/5588 5572/5572 5585/5585
f 5573/5573 5585/5585 5572/5572
f 5588/5588 5585/5585 5587/5587
f 5586/5586 5587/5587 5585/5585
f 5592/5592 5591/5591 5593/5593
f 5594/5594 5593/5593 5591/5591
f 5592/5592 5593/5593 5595/5595
f 5596/5596 5595/5595 5593/5593
f 5592/5592 5595/5595 5597/5597
f 5598/5598 5597/5597 5595/5595
f 5592/5592 5597/5597 5591/5591
f 5599/5599 5591/5591 5597/5597
f 5601/5601 5600/5600 5566/5566
f 5569/5569 5566/5566 5600/5600
f 5601/5601 5566/5566 5602/5602
f 5574/5574 5602/5602 5566/5566
f 5601/5601 5602/5602 5595/5595
f 5598/5598 5595/5595 5602/5602
f 5601/5601 5595/5595 5600/5600
f 5596/5596 5600/5600 5595/5595
f 5603/5603 5589/5589 5604/5604
f 5590/5590 5604/5604 5589/5589
f 5603/5603 5604/5604 5605/5605
f 5606/5606 5605/5605 5604/5604
f 5603/5603 5605/5605 5602/5602
f 5598/5598 5602/5602 5605/5605
f 5603/5603 5602/5602 5589/5589
f 5574/5574 5589/5589 5602/5602
f 5608/5608 5607/5607 5609/5609
f 5610/5610 5609/5609 5607/5607
f 5608/5608 5609/5609 5597/5597
f 5599/5599 5597/5597 5609/5609
f 5608/5608 5597/5597 5605/5605
f 5598/5598 5605/5605 5597/5597
f 5608/5608 5605/5605 5607/5607
f 5606/5606 5607/5607 5605/5605
f 5612/5612 5611/5611 5613/5613
f 5614/5614 5613/5613 5611/5611
f 5612/5612 5613/5613 5615/5615
f 5616/5616 5615/5615 5613/5613
f 5612/5612 5615/5615 5617/5617
f 5618/5618 5617/5617 5615/5615
f 5612/5612 5617/5617 5611/5611
f 5619/5619 5611/5611 5617/5617
f 5621/5621 5620/5620 5591/5591
f 5594/5594 5591/5591 5620/5620
f 5621/5621 5591/5591 5622/5622
f 5599/5599 5622/5622 5591/5591
f 5621/5621 5622/5622 5615/5615
f 5618/5618 5615/5615 5622/5622
f 5621/5621 5615/5615 5620/5620
f 5616/5616 5620/5620 5615/5615
f 5623/5623 5609/5609 5624/5624
f 5610/5610 5624/5624 5609/5609
f 5623/5623 5624/5624 5625/5625
f 5626/5626 5625/5625 5624/5624
f 5623/5623 5625/5625 5622/5622
f 5618/5618 5622/5622 5625/5625
f 5623/5623 5622/5622 5609/5609
f 5599/5599 5609/5609 5622/5622
f 5628/5628 5627/5627 5629/5629
f 5630/5630 5629/5629 5627/5627
f 5628/5628 5629/5629 5617/5617
f 5619/5619 5617/5617 5629/5629
f 5628/5628 5617/5617 5625/5625
f 5618/5618 5625/5625 5617/5617
f 5628/5628 5625/5625 5627/5627
f 5626/5626 5627/5627 5625/5625
f 5632/5632 5631/5631 5633/5633
f 5634/5634 5633/5633 5631/5631
f 5632/5632 5633/5633 5635/5635
f 5636/5636 5635/5635 5633/5633
f 5632/5632 5635/5635 5637/5637
f 5638/5638 5637/5637 5635/5635
f 5632/5632 5637/5637 5631/5631
f 5639/5639 5631/5631 5637/5637
f 5641/5641 5640/5640 5611/5611
f 5614/5614 5611/5611 5640/5640
f 5641/5641 5611/5611 5642/5642
f 5619/5619 5642/5642 5611/5611
f 5641/5641 5642/5642 5635/5635
f 5638/5638 5635/5635 5642/5642
f 5641/5641 5635/5635 5640/5640
f 5636/5636 5640/5640 5635/5635
f 5643/5643 5629/5629 5644/5644
f 5630/5630 5644/5644 5629/5629
f 5643/5643 5644/5644 5645/5645
f 5646/5646 5645/5645 5644/5644
f 5643/5643 5645/5645 5642/5642
f 5638/5638 5642/5642 5645/5645
f 5643/5643 5642/5642 5629/5629
f 5619/5619 5629/5629 5642/5642
f 5648/5648 5647/5647 5649/5649
f 5650/5650 5649/5649 5647/5647
f 5648/5648 5649/5649 5637/5637
f 5639/5639 5637/5637 5649/5649
f 5648/5648 5637/5637 5645/5645
f 5638/5638 5645/5645 5637/5637
f 5648/5648 5645/5645 5647/5647
f 5646/5646 5647/5647 5645/5645
f 5651/5651 5649/5649 5652/5652
f 5650/5650 5652/5652 5649/5649
f 5651/5651 5652/5652 5653/5653
f 5654/5654 5653/5653 5652/5652
f 5651/5651 5653/5653 5655/5655
f 5656/5656 5655/5655 5653/5653
f 5651/5651 5655/5655 5649/5649
f 5639/5639 5649/5649 5655/5655
f 5658/5658 5657/5657 5659/5659
f 5660/5660 5659/5659 5657/5657
f 5658/5658 5659/5659 5661/5661
f 5662/5662 5661/5661 5659/5659
f 5658/5658 5661/5661 5653/5653
f 5656/5656 5653/5653 5661/5661
f 5658/5658 5653/5653 5657/5657
f 5654/5654 5657/5657 5653/5653
f 5664/5664 5663/5663 5665/5665
f 5666/5666 5665/5665 5663/5663
f 5664/5664 5665/5665 5667/5667
f 5668/5668 5667/5667 5665/5665
f 5664/5664 5667/5667 5661/5661
f 5656/5656 5661/5661 5667/5667
f 5664/5664 5661/5661 5663/5663
f 5662/5662 5663/5663 5661/5661
f 5670/5670 5669/5669 5631/5631
f 5634/5634 5631/5631 5669/5669
f 5670/5670 5631/5631 5655/5655
f 5639/5639 5655/5655 5631/5631
f 5670/5670 5655/5655 5667/5667
f 5656/5656 5667/5667 5655/5655
f 5670/5670 5667/5667 5669/5669
f 5668/5668 5669/5669 5667/5667

v -5.790284 1.547981 2.549104
v -5.948181 1.506365 2.623658
v -6.174794 1.506592 2.199890
v -6.017321 1.548496 2.125705
v -6.097546 1.458949 2.690787
v -6.324114 1.459147 2.266980
v -5.721768 1.506274 3.047600
v -5.870770 1.458612 3.114414
v -5.563179 1.547419 2.972444
v -6.468505 1.408350 2.329782
v -6.242227 1.408350 2.753841
v -6.383394 1.355362 2.813838
v -6.609673 1.355362 2.389779
v -6.015947 1.408350 3.177900
v -6.157115 1.355362 3.237896
v -5.930836 1.355362 3.661956
v -5.789669 1.408350 3.601959
v -5.563390 1.408350 4.026018
v -5.704557 1.355362 4.086015
v -5.644988 1.458949 3.538905
v -5.419000 1.459147 3.963216
v -5.269680 1.506592 3.896126
v -5.495624 1.506365 3.471776
v -5.337727 1.547981 3.397222
v -5.112206 1.548496 3.821941
v -5.097910 1.602505 2.194098
v -5.276605 1.616568 2.289044
v -5.502831 1.617363 1.864985
v -5.324069 1.604308 1.770040
v -5.453125 1.607966 2.380926
v -5.679648 1.608852 1.957119
v -5.050347 1.616250 2.713103
v -5.226427 1.606447 2.804552
v -4.871760 1.600541 2.618157
v -5.852309 1.585276 2.044960
v -5.625695 1.585048 2.468728
v -5.399282 1.584957 2.892671
v -5.173138 1.585048 3.316846
v -4.947194 1.585276 3.741196
v -5.000568 1.607966 3.229044
v -4.774534 1.608852 3.653355
v -4.597716 1.617363 3.561221
v -4.824048 1.616568 3.137162
v -4.645352 1.602505 3.042217
v -4.418954 1.604308 3.466276
v -4.410869 1.375682 1.824435
v -4.575591 1.454533 1.913416
v -4.801664 1.454715 1.489238
v -4.636681 1.376096 1.400104
v -4.746118 1.520380 2.005446
v -4.972173 1.521227 1.581284
v -4.349395 1.454460 2.337523
v -4.520223 1.518928 2.429683
v -4.185099 1.375232 2.248789
v -5.146490 1.573334 1.675089
v -4.920263 1.572539 2.099147
v -4.694005 1.572221 2.523206
v -4.467706 1.572539 2.947266
v -4.241374 1.573334 3.371325
v -4.293561 1.520380 2.853565
v -4.067058 1.521227 3.277520
v -3.896549 1.454715 3.185474
v -4.123034 1.454533 2.761535
v -3.958311 1.375682 2.672553
v -3.731565 1.376096 3.096341
v -3.793258 0.974528 1.490018
v -3.942909 1.095661 1.571696
v -4.169175 1.096251 1.147658
v -4.019507 0.975865 1.066007
v -4.095055 1.199830 1.654083
v -4.321144 1.200499 1.229939
v -3.716635 1.095425 1.995746
v -3.869101 1.198682 2.078288
v -3.567011 0.973070 1.914024
v -4.476339 1.293364 1.313667
v -4.250267 1.293181 1.737846
v -4.024070 1.293108 2.161953
v -3.797709 1.293181 2.585964
v -3.571224 1.293364 3.009904
v -3.642497 1.199830 2.502202
v -3.416028 1.200499 2.926176
v -3.264060 1.096251 2.843894
v -3.490351 1.095661 2.419814
v -3.340701 0.974528 2.338136
v -3.114392 0.975865 2.762244
v -3.191310 0.841592 2.256029
v -2.965018 0.842182 2.680110
v -3.042251 0.693609 2.173377
v -2.815961 0.694120 2.597455
v -3.417594 0.841356 1.831962
v -3.268549 0.692732 1.749286
v -2.667095 0.537364 2.514483
v -2.893374 0.537364 2.090424
v -2.744633 0.374922 2.007246
v -2.518355 0.374922 2.431305
v -3.119653 0.537364 1.666365
v -2.970912 0.374922 1.583187
v -3.197191 0.374922 1.159128
v -3.345931 0.537364 1.242306
v -3.572210 0.537364 0.818247
v -3.423470 0.374922 0.735069
v -3.494808 0.693609 1.325258
v -3.721076 0.694120 0.901218
v -3.870133 0.842182 0.983874
v -3.643867 0.841592 1.407911
v -4.129735 1.121184 -1.062684
v -4.216512 1.068014 -1.196592
v -3.842541 0.969197 -1.427088
v -3.756101 1.022613 -1.293610
v -4.296534 1.009890 -1.322032
v -3.922530 0.911048 -1.552492
v -4.590645 1.166951 -0.966283
v -4.670382 1.108613 -1.091369
v -4.503320 1.219719 -0.831688
v -3.998613 0.850039 -1.673003
v -4.372849 0.949052 -1.442827
v -4.446385 0.886171 -1.560132
v -4.072148 0.787158 -1.790309
v -4.747089 1.048061 -1.212655
v -4.820623 0.985183 -1.329959
v -5.194860 1.084196 -1.099792
v -5.121325 1.147075 -0.982483
v -5.495564 1.246087 -0.752314
v -5.569096 1.183206 -0.869615
v -5.045012 1.207915 -0.861691
v -5.419478 1.307095 -0.631805
v -5.339491 1.365244 -0.506408
v -4.964987 1.266037 -0.736244
v -4.878211 1.319209 -0.602336
v -5.253050 1.418663 -0.372920
v -3.740309 1.233718 -0.454551
v -3.840137 1.230784 -0.616257
v -3.465794 1.132505 -0.846520
v -3.365826 1.136370 -0.684926
v -3.939985 1.207120 -0.772154
v -3.565877 1.108913 -1.002696
v -4.214420 1.329501 -0.386051
v -4.313993 1.304753 -0.541354
v -4.114819 1.330922 -0.224154
v -3.663690 1.071661 -1.152637
v -4.037659 1.170478 -0.922130
v -4.411793 1.269410 -0.691828
v -4.786136 1.368500 -0.461788
v -5.160638 1.467705 -0.231945
v -4.688459 1.405146 -0.311811
v -5.062832 1.504960 -0.082009
v -4.962741 1.528554 0.074166
v -4.588613 1.428808 -0.155917
v -4.488783 1.431744 0.005792
v -4.862772 1.532415 0.235757
v -3.375236 1.086994 0.197188
v -3.459832 1.144509 0.036663
v -3.085444 1.045681 -0.193358
v -3.000661 0.988396 -0.032641
v -3.549429 1.189665 -0.126759
v -3.174966 1.091448 -0.356880
v -3.834129 1.243448 0.266775
v -3.924053 1.287316 0.103322
v -3.749847 1.185554 0.426988
v -3.268333 1.123718 -0.521287
v -3.642677 1.221995 -0.291021
v -4.016958 1.320716 -0.060815
v -4.391150 1.420022 0.169320
v -4.765279 1.519766 0.399401
v -4.297904 1.387689 0.333583
v -4.671916 1.487495 0.563807
v -4.582392 1.441727 0.727330
v -4.208308 1.342533 0.497008
v -4.123713 1.285017 0.657534
v -4.497609 1.384442 0.888049
v -3.071395 0.775132 0.817506
v -3.142424 0.872588 0.663039
v -2.768127 0.774118 0.432778
v -2.697020 0.677349 0.587129
v -3.216570 0.954283 0.509294
v -2.842147 0.855901 0.279171
v -3.516688 0.971383 0.893250
v -3.591119 1.052218 0.739374
v -3.445780 0.872803 1.047901
v -2.919279 0.926992 0.124674
v -3.293664 1.025822 0.354695
v -3.667963 1.124756 0.584806
v -4.042138 1.223842 0.815037
v -4.416227 1.323038 1.045361
v -3.965044 1.152306 0.969637
v -4.339099 1.251946 1.199862
v -4.265078 1.170166 1.353468
v -3.890901 1.070611 1.123385
v -3.819867 0.973155 1.277848
v -4.193969 1.073395 1.507816
v -3.750034 0.864845 1.434119
v -4.124210 0.964400 1.664201
v -3.681721 0.742694 1.592690
v -4.055909 0.842176 1.822785
v -3.375818 0.765616 1.203983
v -3.307573 0.642876 1.362652
v -3.988488 0.711958 1.982698
v -3.614253 0.612946 1.752526
v -3.547407 0.477498 1.913308
v -3.921647 0.576510 2.143479
v -3.240014 0.513934 1.522354
v -3.173172 0.378486 1.683135
v -2.798939 0.279474 1.452967
v -2.865776 0.414922 1.292182
v -2.491540 0.315910 1.062011
v -2.424697 0.180463 1.222795
v -2.933249 0.544672 1.132347
v -2.558962 0.446130 0.902098
v -2.627262 0.568353 0.743514
v -3.001559 0.666821 0.973774
v -2.198610 1.290838 4.175070
v -2.133474 1.236911 4.320632
v -2.524917 1.284778 4.538778
v -2.589669 1.338912 4.393617
v -2.076069 1.178873 4.458107
v -2.467553 1.226722 4.676209
v -1.741851 1.189140 4.102676
v -1.684775 1.130926 4.239805
v -1.807613 1.242733 3.956460
v -2.414656 1.166287 4.808967
v -2.022910 1.118580 4.591137
v -1.972934 1.056594 4.720839
v -2.364680 1.104303 4.938668
v -1.631162 1.070872 4.373310
v -1.581187 1.008886 4.503010
v -1.189441 0.961178 4.285180
v -1.239414 1.023163 4.155479
v -0.847669 0.975454 3.937650
v -0.797696 0.913470 4.067351
v -1.292575 1.083457 4.022448
v -0.900568 1.035888 3.804897
v -0.957931 1.093948 3.667460
v -1.349978 1.141495 3.884976
v -1.415116 1.195423 3.739416
v -1.022683 1.148081 3.522304
v -2.527151 1.412261 3.532892
v -2.435571 1.406594 3.699526
v -2.827212 1.455044 3.917333
v -2.918659 1.461645 3.750670
v -2.349837 1.380375 3.863409
v -2.741230 1.428861 4.081492
v -2.043865 1.358590 3.481709
v -1.958697 1.331330 3.645140
v -2.135661 1.362726 3.315119
v -2.661252 1.389412 4.241313
v -2.269810 1.341544 4.023165
v -1.878183 1.293772 3.805212
v -1.486314 1.246129 3.587507
v -1.094265 1.198580 3.369997
v -1.566342 1.284961 3.427751
v -1.174240 1.238032 3.210175
v -1.260223 1.264209 3.046016
v -1.652074 1.311178 3.263870
v -1.743655 1.316844 3.097233
v -1.351672 1.270813 2.879352
v -2.906280 1.274344 2.886498
v -2.811833 1.330069 3.042289
v -3.203669 1.377969 3.259932
v -3.298228 1.322490 3.103907
v -2.716218 1.373122 3.203042
v -3.107949 1.421640 3.420690
v -2.420051 1.282284 2.824534
v -2.324493 1.324032 2.985522
v -2.514314 1.226161 2.669127
v -3.012460 1.451580 3.584512
v -2.620819 1.403132 3.366705
v -2.229114 1.355128 3.148886
v -1.837324 1.307717 2.931048
v -1.445475 1.260748 2.713197
v -1.932724 1.277707 2.767385
v -1.540962 1.230808 2.549374
v -1.636681 1.187137 2.388617
v -2.028337 1.234653 2.606630
v -2.122784 1.178928 2.450839
v -1.731241 1.131655 2.232592
v -3.275014 0.967602 2.298857
v -3.181919 1.064051 2.442038
v -3.573568 1.112304 2.659874
v -3.666540 1.016546 2.516703
v -3.090374 1.144575 2.586979
v -3.482113 1.192922 2.804654
v -2.790210 1.016124 2.224205
v -2.698641 1.095771 2.369416
v -2.883510 0.918548 2.081011
v -3.390783 1.262674 2.952058
v -2.998949 1.214774 2.734415
v -2.607166 1.166988 2.516659
v -2.215455 1.119357 2.298757
v -1.823796 1.071841 2.080741
v -2.306879 1.049159 2.151321
v -1.915125 1.002089 1.933339
v -2.006580 0.921470 1.788559
v -2.398424 0.968633 2.006380
v -2.491521 0.872187 1.863200
v -2.099553 0.825714 1.645389
v -2.586565 0.764835 1.719874
v -2.194723 0.717672 1.502055
v -2.684099 0.643580 1.576365
v -2.292266 0.596345 1.358541
v -2.978354 0.812325 1.937701
v -3.075990 0.690478 1.794183
v -2.391245 0.466984 1.214923
v -2.782991 0.514692 1.432752
v -2.882909 0.380079 1.289064
v -2.491163 0.332371 1.071233
v -3.174740 0.562400 1.650582
v -3.274657 0.427787 1.506892
v -3.666403 0.475495 1.724722
v -3.566486 0.610108 1.868410
v -3.958230 0.657816 2.086240
v -4.058148 0.523204 1.942550
v -3.467591 0.738997 2.012021
v -3.859253 0.787177 2.229856
v -3.761710 0.908504 2.373368
v -3.370061 0.860251 2.155533
v -0.050165 1.398190 0.382787
v 0.120544 1.338000 0.310189
v 0.365302 1.398823 0.767335
v 0.195062 1.459257 0.839491
v 0.281813 1.272940 0.246417
v 0.526517 1.333738 0.703614
v -0.123987 1.277294 -0.147167
v 0.036879 1.212023 -0.210562
v -0.295468 1.337086 -0.073850
v 0.682288 1.265836 0.644991
v 0.437902 1.205204 0.187494
v 0.590102 1.135465 0.132207
v 0.834496 1.196098 0.589696
v 0.193515 1.144572 -0.270000
v 0.345715 1.074832 -0.325286
v 0.101330 1.014199 -0.782783
v -0.050870 1.083938 -0.727498
v -0.295259 1.023305 -1.184990
v -0.143056 0.953566 -1.240273
v -0.206958 1.151672 -0.668573
v -0.451024 1.091206 -1.126362
v -0.612249 1.156294 -1.062641
v -0.368227 1.216734 -0.604802
v -0.538930 1.276928 -0.532206
v -0.782485 1.216726 -0.990481
v -0.801993 1.528960 0.751264
v -0.607239 1.524936 0.648208
v -0.362888 1.586425 1.105576
v -0.557686 1.591530 1.208474
v -0.415422 1.497076 0.551961
v -0.170746 1.558612 1.009046
v -0.851606 1.463958 0.190762
v -0.660303 1.434890 0.095169
v -1.046288 1.466214 0.294076
v 0.016483 1.515385 0.919457
v -0.228272 1.454560 0.462308
v -0.472800 1.393854 0.004950
v -0.717045 1.333299 -0.452682
v -0.961060 1.272851 -0.910521
v -0.904196 1.375813 -0.363027
v -1.148295 1.316086 -0.820934
v -1.340438 1.343891 -0.724402
v -1.096012 1.403668 -0.266786
v -1.290765 1.407693 -0.163728
v -1.535239 1.349002 -0.621500
v -1.555112 1.359453 1.179378
v -1.373934 1.426339 1.072544
v -1.129767 1.487194 1.530135
v -1.311225 1.420586 1.637096
v -1.186762 1.478629 0.964498
v -0.942600 1.540198 1.421965
v -1.618234 1.365620 0.615010
v -1.430769 1.416401 0.507039
v -1.798956 1.298276 0.721641
v -0.751656 1.577352 1.314180
v -0.996006 1.515864 0.856813
v -1.240377 1.454888 0.399367
v -1.484780 1.394598 -0.058178
v -1.729199 1.334821 -0.515795
v -1.675537 1.357367 0.049507
v -1.920147 1.297665 -0.408010
v -2.107312 1.244659 -0.299841
v -1.862707 1.305073 0.157550
v -2.043887 1.238187 0.264388
v -2.288769 1.178052 -0.192883
v -2.237061 0.995370 1.597231
v -2.071222 1.109214 1.491561
v -1.826834 1.170478 1.948937
v -1.992671 1.057433 2.054465
v -1.903091 1.204651 1.387784
v -1.658894 1.266021 1.845264
v -2.315609 1.048328 1.034111
v -2.147152 1.142753 0.930316
v -2.481448 0.933178 1.140023
v -1.487729 1.349022 1.741828
v -1.731897 1.288168 1.284238
v -1.976195 1.227447 0.826704
v -2.220670 1.166902 0.369248
v -2.465277 1.106490 -0.088148
v -2.391865 1.083383 0.472793
v -2.636440 1.023489 0.015289
v -2.804379 0.927945 0.118959
v -2.559994 0.987946 0.576568
v -2.725833 0.874105 0.682243
v -2.970215 0.814902 0.224488
v -2.891690 0.747636 0.790219
v -3.136071 0.687634 0.332609
v -3.057557 0.605068 0.901126
v -3.301945 0.544984 0.443533
v -2.647301 0.808017 1.247761
v -2.813174 0.664764 1.358793
v -3.467829 0.393032 0.556152
v -3.223443 0.453664 1.013646
v -3.389332 0.295631 1.127373
v -3.633718 0.234998 0.669879
v -2.979054 0.514296 1.471142
v -3.144944 0.356262 1.584868
v -2.900556 0.416896 2.042363
v -2.734668 0.574929 1.928634
v -2.490281 0.635562 2.386123
v -2.656172 0.477529 2.499854
v -2.568788 0.726335 1.816117
v -2.324401 0.787514 2.273509
v -2.158531 0.930165 2.162586
v -2.402913 0.868901 1.705207
v -1.643207 2.150944 2.894433
v -1.526647 2.155873 2.993857
v -1.777343 2.150305 3.318692
v -1.893538 2.145741 3.219416
v -1.417490 2.153511 3.090157
v -1.668230 2.147903 3.414977
v -1.275781 2.161613 2.669102
v -1.166938 2.158937 2.765270
v -1.392943 2.156093 2.569419
v -1.563393 2.141288 3.509458
v -1.312404 2.147140 3.184747
v -1.210373 2.137770 3.278043
v -1.461352 2.131924 3.602760
v -1.061416 2.152997 2.860032
v -0.959384 2.143627 2.953331
v -0.708395 2.149480 2.628623
v -0.810427 2.158852 2.535322
v -0.559445 2.164702 2.210614
v -0.457408 2.155332 2.303912
v -0.915514 2.165220 2.440738
v -0.664273 2.171319 2.116135
v -0.773399 2.173719 2.019848
v -1.024666 2.167583 2.344438
v -1.141230 2.162655 2.245017
v -0.889588 2.169151 1.920580
v -2.152122 2.020669 2.484961
v -2.023449 2.077854 2.585838
v -2.274601 2.072644 2.910405
v -2.403477 2.016280 2.809351
v -1.893629 2.115588 2.689059
v -2.144508 2.110542 3.013755
v -1.772391 2.083447 2.261184
v -1.642836 2.120058 2.364380
v -1.900728 2.024931 2.160602
v -2.016278 2.134729 3.117390
v -1.765580 2.140300 2.792559
v -1.514707 2.146037 2.467804
v -1.263604 2.152005 2.143137
v -1.012322 2.158144 1.818551
v -1.391658 2.127300 2.039639
v -1.140548 2.133960 1.714906
v -1.270648 2.096057 1.611559
v -1.521470 2.089559 1.936416
v -1.650144 2.032378 1.835539
v -1.399528 2.039690 1.510504
v -2.618330 1.658006 2.120975
v -2.510821 1.765149 2.204972
v -2.762004 1.759392 2.529544
v -2.869756 1.652373 2.445372
v -2.396664 1.863060 2.293993
v -2.647959 1.857849 2.618456
v -2.259760 1.770965 1.880317
v -2.145147 1.867816 1.969697
v -2.366865 1.663618 1.796606
v -2.528655 1.945384 2.711503
v -2.277505 1.950592 2.386933
v -2.026449 1.956187 2.062279
v -1.775528 1.962297 1.737511
v -1.524705 1.968795 1.412660
v -1.894690 1.874765 1.644569
v -1.644013 1.881261 1.319614
v -1.758054 1.782802 1.230702
v -2.008843 1.776854 1.555549
v -2.116356 1.669710 1.471553
v -1.865806 1.675782 1.146530
v -3.002450 1.169289 1.819886
v -2.913321 1.307493 1.889532
v -3.164404 1.302128 2.214149
v -3.253657 1.164540 2.144384
v -2.819681 1.432291 1.963017
v -3.070921 1.426943 2.287527
v -2.662293 1.313152 1.564859
v -2.568264 1.437276 1.638652
v -2.751223 1.173943 1.495406
v -2.973155 1.543175 2.364315
v -2.721976 1.548930 2.039744
v -2.470913 1.554744 1.715090
v -2.220001 1.560635 1.390322
v -1.969207 1.566584 1.065472
v -2.317705 1.443995 1.313595
v -2.066971 1.450353 0.988685
v -2.160455 1.325536 0.915307
v -2.411343 1.319199 1.240110
v -2.500473 1.180997 1.170463
v -2.249710 1.187953 0.845545
v -2.587660 1.033074 1.102683
v -2.336768 1.039414 0.777881
v -2.672361 0.872759 1.037289
v -2.421460 0.879034 0.712500
v -2.838609 1.027027 1.427433
v -2.923205 0.866184 1.362139
v -2.504717 0.711493 0.648490
v -2.755705 0.705640 0.973201
v -2.838020 0.533420 0.910095
v -2.587035 0.539271 0.585385
v -3.006693 0.699786 1.297914
v -3.089009 0.527564 1.234807
v -3.339999 0.521713 1.559520
v -3.257679 0.693936 1.622623
v -3.508663 0.688083 1.947333
v -3.590984 0.515860 1.884227
v -3.174339 0.861054 1.686711
v -3.425408 0.855621 2.011339
v -3.340720 1.016000 2.076722
v -3.089635 1.021368 1.752108
v -1.979574 2.441937 -0.494268
v -1.911217 2.464637 -0.651550
v -1.478115 2.467624 -0.487570
v -1.546458 2.445383 -0.330690
v -1.843344 2.478328 -0.800546
v -1.410251 2.481271 -0.636507
v -2.344298 2.461850 -0.815727
v -2.276446 2.475153 -0.964368
v -2.412701 2.438419 -0.657769
v -1.342647 2.489707 -0.780677
v -1.775726 2.487065 -0.944981
v -1.708320 2.492101 -1.086000
v -1.275224 2.494754 -0.921706
v -2.208808 2.484419 -1.109297
v -2.141392 2.489459 -1.250314
v -2.574486 2.486819 -1.414618
v -2.641890 2.481783 -1.273613
v -3.074973 2.479134 -1.437913
v -3.007555 2.484174 -1.578933
v -2.709508 2.473042 -1.129162
v -3.142568 2.470700 -1.293756
v -3.210445 2.457057 -1.144804
v -2.777379 2.459348 -0.980176
v -2.845729 2.436661 -0.822890
v -3.278778 2.434812 -0.987937
v -2.244919 2.222843 0.174024
v -2.182155 2.305243 0.008239
v -1.749211 2.308577 0.172834
v -1.812150 2.227086 0.338978
v -2.116065 2.366077 -0.161406
v -1.683085 2.369638 0.002870
v -2.615180 2.302317 -0.156187
v -2.548964 2.361870 -0.325650
v -2.677658 2.218478 0.009010
v -1.615201 2.415176 -0.166501
v -2.048304 2.412185 -0.330484
v -2.481389 2.409403 -0.494668
v -2.914470 2.406896 -0.659100
v -3.347529 2.404607 -0.823741
v -2.982225 2.360796 -0.490018
v -3.415423 2.359067 -0.654375
v -3.481535 2.298006 -0.484403
v -3.048319 2.299950 -0.320380
v -3.111081 2.217563 -0.154597
v -3.544487 2.216504 -0.318260
v -2.461305 1.749881 0.759308
v -2.412763 1.885353 0.626577
v -1.979771 1.888079 0.791149
v -2.028430 1.752714 0.924213
v -2.360440 2.011384 0.484168
v -1.927564 2.014703 0.648950
v -2.845806 1.882680 0.462165
v -2.793182 2.007582 0.319050
v -2.894166 1.747032 0.594354
v -1.871976 2.129810 0.498702
v -2.304923 2.126468 0.334110
v -2.737948 2.123542 0.169685
v -3.171087 2.121178 0.005492
v -3.604301 2.119235 -0.158533
v -3.226608 2.006096 0.155554
v -3.659885 2.004129 -0.008281
v -3.712095 1.877501 0.133911
v -3.278930 1.880065 0.297956
v -3.327470 1.744591 0.430695
v -3.760757 1.742134 0.266980
v -2.629406 1.146849 1.223730
v -2.592131 1.314608 1.118413
v -2.159150 1.317784 1.282904
v -2.196544 1.150698 1.388449
v -2.551404 1.467977 1.005716
v -2.118482 1.471149 1.170408
v -3.025175 1.311751 0.954033
v -2.984207 1.464418 0.840753
v -3.062243 1.142896 1.058967
v -2.075039 1.615487 1.051373
v -2.508030 1.612762 0.886801
v -2.941074 1.610086 0.722393
v -3.374190 1.607474 0.558184
v -3.807364 1.604909 0.394141
v -3.417570 1.462687 0.677097
v -3.850811 1.460576 0.513175
v -3.891476 1.307205 0.625672
v -3.458298 1.309320 0.789796
v -3.495569 1.141565 0.895109
v -3.928867 1.140126 0.731215
v -3.530885 0.963199 0.996795
v -3.964060 0.961086 0.832664
v -3.563697 0.771308 1.093837
v -3.996861 0.769123 0.929692
v -3.097761 0.965632 1.161030
v -3.130473 0.773163 1.257881
v -4.028226 0.569344 1.024043
v -3.595147 0.571988 1.188350
v -3.625564 0.367100 1.280943
v -4.058641 0.364455 1.116635
v -3.162062 0.574630 1.352659
v -3.192481 0.369740 1.445255
v -2.759393 0.372386 1.609568
v -2.728977 0.577276 1.516965
v -2.295900 0.579920 1.681272
v -2.326314 0.375029 1.773873
v -2.697534 0.776594 1.422459
v -2.264539 0.779696 1.586923
v -2.231735 0.971658 1.489903
v -2.664716 0.968485 1.325409
v -5.177729 2.601802 0.337920
v -5.340508 2.623890 0.271935
v -5.184258 2.622838 -0.175489
v -5.021891 2.601213 -0.109514
v -5.494771 2.636784 0.206321
v -5.338459 2.635681 -0.241096
v -5.496962 2.625152 0.719340
v -5.650858 2.637653 0.653741
v -5.333488 2.602322 0.785364
v -5.487763 2.643217 -0.306515
v -5.644347 2.644629 0.140893
v -5.790414 2.648694 0.075635
v -5.633838 2.647288 -0.371788
v -5.800943 2.646031 0.588301
v -5.947008 2.650106 0.523033
v -6.103590 2.651515 0.970456
v -5.957539 2.647453 1.035714
v -6.114117 2.648853 1.483126
v -6.260180 2.652917 1.417854
v -5.807948 2.639604 1.101140
v -5.964824 2.641323 1.548530
v -5.810609 2.628473 1.614151
v -5.653693 2.626710 1.166754
v -5.490911 2.604633 1.232731
v -5.648257 2.606859 1.680116
v -4.486383 2.382202 0.593890
v -4.657888 2.465411 0.533229
v -4.501008 2.464712 0.085944
v -4.329131 2.382433 0.146769
v -4.833368 2.526510 0.469492
v -4.676814 2.526041 0.022177
v -4.814598 2.466533 0.980586
v -4.989890 2.526316 0.916732
v -4.643695 2.381847 1.040986
v -4.852014 2.571468 -0.043240
v -5.008267 2.572523 0.404187
v -5.164728 2.573788 0.851597
v -5.321443 2.575342 1.299007
v -5.478372 2.577114 1.746400
v -5.146540 2.529334 1.364308
v -5.303174 2.531674 1.811827
v -5.127361 2.470351 1.875582
v -4.971066 2.468225 1.428049
v -4.799562 2.385026 1.488708
v -4.955485 2.388062 1.936415
v -3.880499 1.902083 0.804638
v -4.017972 2.039839 0.757090
v -3.861111 2.038517 0.309768
v -3.723296 1.900871 0.357420
v -4.165417 2.167871 0.706035
v -4.008340 2.167159 0.258814
v -4.174666 2.041219 1.204463
v -4.322838 2.168090 1.153129
v -4.037752 1.903276 1.251837
v -4.163859 2.283955 0.204741
v -4.320739 2.284647 0.652024
v -4.477447 2.285764 1.099382
v -4.633916 2.287460 1.546844
v -4.790212 2.289590 1.994376
v -4.478589 2.170692 1.600856
v -4.634688 2.172792 2.048447
v -4.487467 2.044150 2.099401
v -4.331152 2.042658 1.651913
v -4.193670 1.904897 1.699457
v -4.349646 1.906502 2.147059
v -3.399154 1.288028 0.970559
v -3.508377 1.459018 0.933472
v -3.351602 1.458156 0.486155
v -3.242144 1.287855 0.523353
v -3.625200 1.615224 0.893201
v -3.468216 1.614359 0.445943
v -3.665039 1.460208 1.380848
v -3.782463 1.615694 1.340352
v -3.556209 1.288094 1.417744
v -3.591566 1.761281 0.403153
v -3.748428 1.762605 0.850478
v -3.905119 1.763980 1.297853
v -4.061605 1.765422 1.745295
v -4.217919 1.766913 2.192792
v -3.938378 1.618040 1.788023
v -4.094568 1.619998 2.235579
v -3.977951 1.463786 2.275793
v -3.821552 1.461834 1.828295
v -3.712331 1.290849 1.865376
v -3.868493 1.293493 2.312984
v -3.606844 1.108975 1.900665
v -3.763249 1.110928 2.348159
v -3.506129 0.913221 1.933659
v -3.662551 0.915103 2.381142
v -3.450330 1.107350 1.453217
v -3.349815 0.911004 1.486117
v -3.564606 0.711256 2.412808
v -3.408019 0.709847 1.965400
v -3.311884 0.500757 1.996197
v -3.468472 0.502164 2.443602
v -3.251430 0.708436 1.517986
v -3.155293 0.499345 1.548787
v -2.998700 0.497940 1.101369
v -3.094847 0.707030 1.070576
v -2.938260 0.705622 0.623171
v -2.842114 0.496530 0.653963
v -3.192949 0.910405 1.038839
v -3.036202 0.909464 0.591510
v -3.136892 1.105290 0.558525
v -3.293669 1.106156 1.005840
v -4.327043 2.729332 3.185103
v -4.424080 2.761670 3.324307
v -4.807241 2.818769 3.071752
v -4.710249 2.786893 2.932947
v -4.520006 2.784961 3.455347
v -4.903151 2.842010 3.202736
v -4.040955 2.704778 3.577051
v -4.136833 2.727678 3.707741
v -3.943819 2.671711 3.437182
v -4.998447 2.860029 3.329020
v -4.615333 2.803281 3.581894
v -4.710184 2.817883 3.705083
v -5.093316 2.874640 3.452213
v -4.232219 2.746527 3.834779
v -4.327079 2.761137 3.957962
v -3.943948 2.704385 4.210837
v -3.849100 2.689783 4.087666
v -3.465981 2.633024 4.340531
v -3.560844 2.647629 4.463716
v -3.753771 2.671459 3.961104
v -3.370699 2.615009 4.214254
v -3.274773 2.591766 4.083260
v -3.657848 2.648167 3.830069
v -3.560816 2.615847 3.690862
v -3.177791 2.559896 3.944467
v -3.954484 2.473708 2.585729
v -4.040405 2.564511 2.735650
v -4.423242 2.621927 2.482538
v -4.336957 2.531998 2.332322
v -4.133096 2.634407 2.888178
v -4.516005 2.692053 2.635373
v -3.657404 2.507487 2.988622
v -3.750336 2.576128 3.140921
v -3.572067 2.415303 2.839184
v -4.612299 2.747028 2.786936
v -4.229136 2.689927 3.039493
v -3.846008 2.633035 3.292248
v -3.462901 2.576424 3.545248
v -3.079833 2.520031 3.798450
v -3.366864 2.520911 3.393929
v -2.983530 2.465046 3.646893
v -2.890775 2.394922 3.494047
v -3.274172 2.451002 3.241405
v -3.188253 2.360212 3.091486
v -2.804483 2.304986 3.343835
v -3.679153 1.973510 2.051593
v -3.737521 2.114820 2.173419
v -4.120480 2.171639 1.920306
v -4.061920 2.030418 1.798181
v -3.802812 2.247325 2.303679
v -4.185544 2.304723 2.050396
v -3.354467 2.058044 2.426388
v -3.420345 2.189482 2.557248
v -3.296419 1.916587 2.305048
v -4.257056 2.426885 2.187376
v -3.874222 2.369465 2.440487
v -3.491221 2.312441 2.693460
v -3.107991 2.255952 2.946243
v -2.724594 2.199880 3.198885
v -3.036574 2.133831 2.809431
v -2.653080 2.077713 3.061900
v -2.588020 1.944629 2.931816
v -2.971285 2.001313 2.679178
v -2.912918 1.860004 2.557343
v -2.529452 1.803407 2.809690
v -3.492913 1.351525 1.622301
v -3.530417 1.523175 1.720471
v -3.913330 1.580441 1.467447
v -3.875576 1.409438 1.369097
v -3.574660 1.681065 1.824800
v -3.957469 1.738317 1.571594
v -3.147377 1.466216 1.973404
v -3.192069 1.623449 2.078237
v -3.110296 1.293511 1.875543
v -4.006845 1.887658 1.681336
v -3.623883 1.830838 1.934452
v -3.240827 1.774060 2.187418
v -2.857653 1.717335 2.440208
v -2.474377 1.660647 2.692845
v -2.808425 1.567559 2.330558
v -2.425003 1.511313 2.583104
v -2.380865 1.353428 2.478953
v -2.764178 1.409669 2.226224
v -2.726683 1.238025 2.128059
v -2.343114 1.182434 2.380602
v -2.693195 1.056149 2.032793
v -2.309880 0.999907 2.285526
v -2.664831 0.861226 1.941237
v -2.281542 0.804920 2.193986
v -3.076394 1.112697 1.779973
v -3.048244 0.917220 1.688574
v -2.256153 0.602393 2.104584
v -2.639269 0.659145 1.851707
v -2.615820 0.451692 1.763715
v -2.232708 0.394939 2.016590
v -3.022390 0.715895 1.598828
v -2.998937 0.508440 1.510833
v -3.382060 0.565197 1.257950
v -3.405506 0.772650 1.345956
v -3.788621 0.829402 1.093081
v -3.765173 0.621947 1.005075
v -3.431062 0.974731 1.435478
v -3.814004 1.031924 1.182480
v -3.842344 1.226913 1.274014
v -3.459433 1.169651 1.527038
v -1.770548 3.180824 1.366147
v -1.631861 3.258447 1.330293
v -1.521082 3.298859 1.750204
v -1.659635 3.221773 1.785855
v -1.496165 3.325711 1.298588
v -1.385420 3.366069 1.718528
v -1.742557 3.218258 0.910282
v -1.606992 3.285080 0.878760
v -1.881498 3.139806 0.946476
v -1.251464 3.427319 1.689261
v -1.362111 3.387301 1.269182
v -1.229309 3.444632 1.241481
v -1.118644 3.484664 1.661559
v -1.472760 3.347279 0.849099
v -1.339956 3.404615 0.821405
v -1.450627 3.364586 0.401319
v -1.583412 3.307264 0.429013
v -1.694075 3.267226 0.008938
v -1.561264 3.324563 -0.018758
v -1.717476 3.245668 0.458427
v -1.828020 3.205991 0.038208
v -1.963699 3.138772 0.069884
v -1.853163 3.178399 0.490123
v -1.991854 3.100803 0.525987
v -2.102242 3.061698 0.105532
v -2.304671 2.748378 1.536031
v -2.183383 2.879674 1.491911
v -2.073239 2.920199 1.912057
v -2.195183 2.789567 1.956255
v -2.050250 2.993784 1.447891
v -1.939940 3.034604 1.867889
v -2.293827 2.839452 1.071805
v -2.160316 2.952403 1.027965
v -2.414058 2.707123 1.115796
v -1.800821 3.135557 1.825192
v -1.911591 3.095139 1.405272
v -2.022281 3.054948 0.985254
v -2.132900 3.015093 0.565108
v -2.243432 2.975474 0.144866
v -2.271557 2.913741 0.607734
v -2.382549 2.874504 0.187552
v -2.515851 2.760101 0.231732
v -2.404688 2.799626 0.651749
v -2.525979 2.668342 0.695868
v -2.637803 2.629469 0.275924
v -2.667784 2.126182 1.693502
v -2.595377 2.291934 1.657733
v -2.484990 2.331943 2.077893
v -2.557726 2.166168 2.113764
v -2.510947 2.452869 1.619304
v -2.400973 2.493317 2.039502
v -2.705927 2.251925 1.237627
v -2.620462 2.412135 1.199016
v -2.777794 2.086209 1.273226
v -2.305573 2.647518 1.999030
v -2.415719 2.606988 1.578888
v -2.526161 2.566760 1.158784
v -2.637019 2.526932 0.738725
v -2.748185 2.487420 0.318707
v -2.732262 2.372825 0.779140
v -2.843587 2.333215 0.359187
v -2.927595 2.171843 0.397573
v -2.816686 2.211886 0.817567
v -2.889098 2.046131 0.853341
v -3.000340 2.006066 0.433437
v -2.876021 1.433391 1.818398
v -2.839864 1.617535 1.789814
v -2.729574 1.657955 2.209928
v -2.766183 1.474315 2.238553
v -2.791781 1.791804 1.759547
v -2.681658 1.832153 2.179722
v -2.950376 1.577349 1.369720
v -2.901508 1.751221 1.339297
v -2.985775 1.392396 1.398232
v -2.624596 2.000824 2.147860
v -2.734988 1.960822 1.727698
v -2.845538 1.920803 1.307592
v -2.956290 1.880774 0.887537
v -3.067211 1.840726 0.467538
v -3.013083 1.711757 0.919381
v -3.124276 1.672061 0.499402
v -3.172187 1.497856 0.529605
v -3.061172 1.537487 0.949650
v -3.097323 1.353350 0.978238
v -3.208798 1.314223 0.558240
v -3.126268 1.161309 1.006145
v -3.237278 1.121681 0.586098
v -3.145999 0.959198 1.033187
v -3.256966 0.919519 0.613141
v -3.015466 1.201177 1.426215
v -3.034817 0.998636 1.453221
v -3.271348 0.711532 0.639684
v -3.160694 0.751558 1.059759
v -3.171589 0.539768 1.085975
v -3.282241 0.499746 0.665900
v -3.050038 0.791580 1.479847
v -3.060937 0.579787 1.506060
v -2.950281 0.619818 1.926147
v -2.939381 0.831605 1.899925
v -2.828730 0.871630 2.320002
v -2.839627 0.659837 2.346224
v -2.924698 1.039245 1.873355
v -2.814355 1.079611 2.293458
v -2.794670 1.281773 2.266420
v -2.904957 1.241358 1.846310
# 945 vertices

vt 0.331138 0.862575
vt 0.332900 0.892007
vt 0.417129 0.892083
vt 0.415350 0.862727
vt 0.334661 0.921439
vt 0.418908 0.921439
vt 0.248670 0.891932
vt 0.250414 0.921439
vt 0.246927 0.862424
vt 0.421278 0.948220
vt 0.337032 0.948220
vt 0.339402 0.975000
vt 0.423649 0.975000
vt 0.252785 0.948220
vt 0.255155 0.975000
vt 0.170909 0.975000
vt 0.168538 0.948220
vt 0.084292 0.948220
vt 0.086662 0.975000
vt 0.166168 0.921439
vt 0.081921 0.921439
vt 0.080142 0.892083
vt 0.164406 0.892007
vt 0.162645 0.862575
vt 0.078364 0.862727
vt 0.329100 0.724957
vt 0.329228 0.760546
vt 0.413471 0.760538
vt 0.413338 0.724941
vt 0.329357 0.796135
vt 0.413604 0.796135
vt 0.244986 0.760554
vt 0.245110 0.796135
vt 0.244862 0.724974
vt 0.414477 0.829431
vt 0.330248 0.829355
vt 0.246018 0.829279
vt 0.161754 0.829355
vt 0.077490 0.829431
vt 0.160864 0.796135
vt 0.076617 0.796135
vt 0.076484 0.760538
vt 0.160735 0.760546
vt 0.160607 0.724957
vt 0.076351 0.724941
vt 0.329661 0.587708
vt 0.329470 0.621148
vt 0.413719 0.621107
vt 0.413911 0.587624
vt 0.329280 0.654589
vt 0.413527 0.654589
vt 0.245222 0.621190
vt 0.245033 0.654589
vt 0.245411 0.587791
vt 0.413432 0.689765
vt 0.329190 0.689773
vt 0.244948 0.689781
vt 0.160697 0.689773
vt 0.076446 0.689765
vt 0.160787 0.654589
vt 0.076540 0.654589
vt 0.076732 0.621107
vt 0.160977 0.621148
vt 0.161167 0.587708
vt 0.076924 0.587624
vt 0.360606 0.294598
vt 0.360319 0.320686
vt 0.471991 0.320823
vt 0.472272 0.294872
vt 0.360033 0.346774
vt 0.471710 0.346774
vt 0.248648 0.320549
vt 0.245645 0.525000
vt 0.248940 0.294324
vt 0.414024 0.556312
vt 0.329776 0.556354
vt 0.245528 0.556396
vt 0.161283 0.556354
vt 0.077038 0.556312
vt 0.161398 0.525000
vt 0.077151 0.525000
vt 0.025281 0.320823
vt 0.136964 0.320686
vt 0.137251 0.294598
vt 0.025562 0.294872
vt 0.137828 0.261654
vt 0.026145 0.261792
vt 0.138406 0.228711
vt 0.026728 0.228711
vt 0.249512 0.261517
vt 0.250083 0.228711
vt 0.027509 0.190968
vt 0.139187 0.190968
vt 0.139967 0.153226
vt 0.028290 0.153226
vt 0.250864 0.190968
vt 0.251645 0.153226
vt 0.363323 0.153226
vt 0.362542 0.190968
vt 0.474219 0.190968
vt 0.475000 0.153226
vt 0.361761 0.228711
vt 0.473438 0.228711
vt 0.472855 0.261792
vt 0.361183 0.261654
vt 0.331138 0.862575
vt 0.332900 0.892007
vt 0.417129 0.892083
vt 0.415350 0.862727
vt 0.334661 0.921439
vt 0.418908 0.921439
vt 0.248670 0.891932
vt 0.250414 0.921439
vt 0.246927 0.862424
vt 0.421278 0.948220
vt 0.337032 0.948220
vt 0.339402 0.975000
vt 0.423649 0.975000
vt 0.252785 0.948220
vt 0.255155 0.975000
vt 0.170909 0.975000
vt 0.168538 0.948220
vt 0.084292 0.948220
vt 0.086662 0.975000
vt 0.166168 0.921439
vt 0.081921 0.921439
vt 0.080142 0.892083
vt 0.164406 0.892007
vt 0.162645 0.862575
vt 0.078364 0.862727
vt 0.329100 0.724957
vt 0.329228 0.760546
vt 0.413471 0.760538
vt 0.413338 0.724941
vt 0.329357 0.796135
vt 0.413604 0.796135
vt 0.244986 0.760554
vt 0.245110 0.796135
vt 0.244862 0.724974
vt 0.414477 0.829431
vt 0.330248 0.829355
vt 0.246018 0.829279
vt 0.161754 0.829355
vt 0.077490 0.829431
vt 0.160864 0.796135
vt 0.076617 0.796135
vt 0.076484 0.760538
vt 0.160735 0.760546
vt 0.160607 0.724957
vt 0.076351 0.724941
vt 0.329661 0.587708
vt 0.329470 0.621148
vt 0.413719 0.621107
vt 0.413911 0.587624
vt 0.329280 0.654589
vt 0.413527 0.654589
vt 0.245222 0.621190
vt 0.245033 0.654589
vt 0.245411 0.587791
vt 0.413432 0.689765
vt 0.329190 0.689773
vt 0.244948 0.689781
vt 0.160697 0.689773
vt 0.076446 0.689765
vt 0.160787 0.654589
vt 0.076540 0.654589
vt 0.076732 0.621107
vt 0.160977 0.621148
vt 0.161167 0.587708
vt 0.076924 0.587624
vt 0.360606 0.294598
vt 0.360319 0.320686
vt 0.471991 0.320823
vt 0.472272 0.294872
vt 0.360033 0.346774
vt 0.471710 0.346774
vt 0.248648 0.320549
vt 0.245645 0.525000
vt 0.248940 0.294324
vt 0.414024 0.556312
vt 0.329776 0.556354
vt 0.245528 0.556396
vt 0.161283 0.556354
vt 0.077038 0.556312
vt 0.161398 0.525000
vt 0.077151 0.525000
vt 0.025281 0.320823
vt 0.136964 0.320686
vt 0.137251 0.294598
vt 0.025562 0.294872
vt 0.137828 0.261654
vt 0.026145 0.261792
vt 0.138406 0.228711
vt 0.026728 0.228711
vt 0.249512 0.261517
vt 0.250083 0.228711
vt 0.027509 0.190968
vt 0.139187 0.190968
vt 0.139967 0.153226
vt 0.028290 0.153226
vt 0.250864 0.190968
vt 0.251645 0.153226
vt 0.363323 0.153226
vt 0.362542 0.190968
vt 0.474219 0.190968
vt 0.475000 0.153226
vt 0.361761 0.228711
vt 0.473438 0.228711
vt 0.472855 0.261792
vt 0.361183 0.261654
vt 0.331138 0.862575
vt 0.332900 0.892007
vt 0.417129 0.892083
vt 0.415350 0.862727
vt 0.334661 0.921439
vt 0.418908 0.921439
vt 0.248670 0.891932
vt 0.250414 0.921439
vt 0.246927 0.862424
vt 0.421278 0.948220
vt 0.337032 0.948220
vt 0.339402 0.975000
vt 0.423649 0.975000
vt 0.252785 0.948220
vt 0.255155 0.975000
vt 0.170909 0.975000
vt 0.168538 0.948220
vt 0.084292 0.948220
vt 0.086662 0.975000
vt 0.166168 0.921439
vt 0.081921 0.921439
vt 0.080142 0.892083
vt 0.164406 0.892007
vt 0.162645 0.862575
vt 0.078364 0.862727
vt 0.329100 0.724957
vt 0.329228 0.760546
vt 0.413471 0.760538
vt 0.413338 0.724941
vt 0.329357 0.796135
vt 0.413604 0.796135
vt 0.244986 0.760554
vt 0.245110 0.796135
vt 0.244862 0.724974
vt 0.414477 0.829431
vt 0.330248 0.829355
vt 0.246018 0.829279
vt 0.161754 0.829355
vt 0.077490 0.829431
vt 0.160864 0.796135
vt 0.076617 0.796135
vt 0.076484 0.760538
vt 0.160735 0.760546
vt 0.160607 0.724957
vt 0.076351 0.724941
vt 0.329661 0.587708
vt 0.329470 0.621148
vt 0.413719 0.621107
vt 0.413911 0.587624
vt 0.329280 0.654589
vt 0.413527 0.654589
vt 0.245222 0.621190
vt 0.245033 0.654589
vt 0.245411 0.587791
vt 0.413432 0.689765
vt 0.329190 0.689773
vt 0.244948 0.689781
vt 0.160697 0.689773
vt 0.076446 0.689765
vt 0.160787 0.654589
vt 0.076540 0.654589
vt 0.076732 0.621107
vt 0.160977 0.621148
vt 0.161167 0.587708
vt 0.076924 0.587624
vt 0.360606 0.294598
vt 0.360319 0.320686
vt 0.471991 0.320823
vt 0.472272 0.294872
vt 0.360033 0.346774
vt 0.471710 0.346774
vt 0.248648 0.320549
vt 0.245645 0.525000
vt 0.248940 0.294324
vt 0.414024 0.556312
vt 0.329776 0.556354
vt 0.245528 0.556396
vt 0.161283 0.556354
vt 0.077038 0.556312
vt 0.161398 0.525000
vt 0.077151 0.525000
vt 0.025281 0.320823
vt 0.136964 0.320686
vt 0.137251 0.294598
vt 0.025562 0.294872
vt 0.137828 0.261654
vt 0.026145 0.261792
vt 0.138406 0.228711
vt 0.026728 0.228711
vt 0.249512 0.261517
vt 0.250083 0.228711
vt 0.027509 0.190968
vt 0.139187 0.190968
vt 0.139967 0.153226
vt 0.028290 0.153226
vt 0.250864 0.190968
vt 0.251645 0.153226
vt 0.363323 0.153226
vt 0.362542 0.190968
vt 0.474219 0.190968
vt 0.475000 0.153226
vt 0.361761 0.228711
vt 0.473438 0.228711
vt 0.472855 0.261792
vt 0.361183 0.261654
vt 0.331138 0.862575
vt 0.332900 0.892007
vt 0.417129 0.892083
vt 0.415350 0.862727
vt 0.334661 0.921439
vt 0.418908 0.921439
vt 0.248670 0.891932
vt 0.250414 0.921439
vt 0.246927 0.862424
vt 0.421278 0.948220
vt 0.337032 0.948220
vt 0.339402 0.975000
vt 0.423649 0.975000
vt 0.252785 0.948220
vt 0.255155 0.975000
vt 0.170909 0.975000
vt 0.168538 0.948220
vt 0.084292 0.948220
vt 0.086662 0.975000
vt 0.166168 0.921439
vt 0.081921 0.921439
vt 0.080142 0.892083
vt 0.164406 0.892007
vt 0.162645 0.862575
vt 0.078364 0.862727
vt 0.329100 0.724957
vt 0.329228 0.760546
vt 0.413471 0.760538
vt 0.413338 0.724941
vt 0.329357 0.796135
vt 0.413604 0.796135
vt 0.244986 0.760554
vt 0.245110 0.796135
vt 0.244862 0.724974
vt 0.414477 0.829431
vt 0.330248 0.829355
vt 0.246018 0.829279
vt 0.161754 0.829355
vt 0.077490 0.829431
vt 0.160864 0.796135
vt 0.076617 0.796135
vt 0.076484 0.760538
vt 0.160735 0.760546
vt 0.160607 0.724957
vt 0.076351 0.724941
vt 0.329661 0.587708
vt 0.329470 0.621148
vt 0.413719 0.621107
vt 0.413911 0.587624
vt 0.329280 0.654589
vt 0.413527 0.654589
vt 0.245222 0.621190
vt 0.245033 0.654589
vt 0.245411 0.587791
vt 0.413432 0.689765
vt 0.329190 0.689773
vt 0.244948 0.689781
vt 0.160697 0.689773
vt 0.076446 0.689765
vt 0.160787 0.654589
vt 0.076540 0.654589
vt 0.076732 0.621107
vt 0.160977 0.621148
vt 0.161167 0.587708
vt 0.076924 0.587624
vt 0.360606 0.294598
vt 0.360319 0.320686
vt 0.471991 0.320823
vt 0.472272 0.294872
vt 0.360033 0.346774
vt 0.471710 0.346774
vt 0.248648 0.320549
vt 0.245645 0.525000
vt 0.248940 0.294324
vt 0.414024 0.556312
vt 0.329776 0.556354
vt 0.245528 0.556396
vt 0.161283 0.556354
vt 0.077038 0.556312
vt 0.161398 0.525000
vt 0.077151 0.525000
vt 0.025281 0.320823
vt 0.136964 0.320686
vt 0.137251 0.294598
vt 0.025562 0.294872
vt 0.137828 0.261654
vt 0.026145 0.261792
vt 0.138406 0.228711
vt 0.026728 0.228711
vt 0.249512 0.261517
vt 0.250083 0.228711
vt 0.027509 0.190968
vt 0.139187 0.190968
vt 0.139967 0.153226
vt 0.028290 0.153226
vt 0.250864 0.190968
vt 0.251645 0.153226
vt 0.363323 0.153226
vt 0.362542 0.190968
vt 0.474219 0.190968
vt 0.475000 0.153226
vt 0.361761 0.228711
vt 0.473438 0.228711
vt 0.472855 0.261792
vt 0.361183 0.261654
vt 0.331138 0.862575
vt 0.332900 0.892007
vt 0.417129 0.892083
vt 0.415350 0.862727
vt 0.334661 0.921439
vt 0.418908 0.921439
vt 0.248670 0.891932
vt 0.250414 0.921439
vt 0.246927 0.862424
vt 0.421278 0.948220
vt 0.337032 0.948220
vt 0.339402 0.975000
vt 0.423649 0.975000
vt 0.252785 0.948220
vt 0.255155 0.975000
vt 0.170909 0.975000
vt 0.168538 0.948220
vt 0.084292 0.948220
vt 0.086662 0.975000
vt 0.166168 0.921439
vt 0.081921 0.921439
vt 0.080142 0.892083
vt 0.164406 0.892007
vt 0.162645 0.862575
vt 0.078364 0.862727
vt 0.329100 0.724957
vt 0.329228 0.760546
vt 0.413471 0.760538
vt 0.413338 0.724941
vt 0.329357 0.796135
vt 0.413604 0.796135
vt 0.244986 0.760554
vt 0.245110 0.796135
vt 0.244862 0.724974
vt 0.414477 0.829431
vt 0.330248 0.829355
vt 0.246018 0.829279
vt 0.161754 0.829355
vt 0.077490 0.829431
vt 0.160864 0.796135
vt 0.076617 0.796135
vt 0.076484 0.760538
vt 0.160735 0.760546
vt 0.160607 0.724957
vt 0.076351 0.724941
vt 0.329661 0.587708
vt 0.329470 0.621148
vt 0.413719 0.621107
vt 0.413911 0.587624
vt 0.329280 0.654589
vt 0.413527 0.654589
vt 0.245222 0.621190
vt 0.245033 0.654589
vt 0.245411 0.587791
vt 0.413432 0.689765
vt 0.329190 0.689773
vt 0.244948 0.689781
vt 0.160697 0.689773
vt 0.076446 0.689765
vt 0.160787 0.654589
vt 0.076540 0.654589
vt 0.076732 0.621107
vt 0.160977 0.621148
vt 0.161167 0.587708
vt 0.076924 0.587624
vt 0.360606 0.294598
vt 0.360319 0.320686
vt 0.471991 0.320823
vt 0.472272 0.294872
vt 0.360033 0.346774
vt 0.471710 0.346774
vt 0.248648 0.320549
vt 0.245645 0.525000
vt 0.248940 0.294324
vt 0.414024 0.556312
vt 0.329776 0.556354
vt 0.245528 0.556396
vt 0.161283 0.556354
vt 0.077038 0.556312
vt 0.161398 0.525000
vt 0.077151 0.525000
vt 0.025281 0.320823
vt 0.136964 0.320686
vt 0.137251 0.294598
vt 0.025562 0.294872
vt 0.137828 0.261654
vt 0.026145 0.261792
vt 0.138406 0.228711
vt 0.026728 0.228711
vt 0.249512 0.261517
vt 0.250083 0.228711
vt 0.027509 0.190968
vt 0.139187 0.190968
vt 0.139967 0.153226
vt 0.028290 0.153226
vt 0.250864 0.190968
vt 0.251645 0.153226
vt 0.363323 0.153226
vt 0.362542 0.190968
vt 0.474219 0.190968
vt 0.475000 0.153226
vt 0.361761 0.228711
vt 0.473438 0.228711
vt 0.472855 0.261792
vt 0.361183 0.261654
vt 0.331138 0.862575
vt 0.332900 0.892007
vt 0.417129 0.892083
vt 0.415350 0.862727
vt 0.334661 0.921439
vt 0.418908 0.921439
vt 0.248670 0.891932
vt 0.250414 0.921439
vt 0.246927 0.862424
vt 0.421278 0.948220
vt 0.337032 0.948220
vt 0.339402 0.975000
vt 0.423649 0.975000
vt 0.252785 0.948220
vt 0.255155 0.975000
vt 0.170909 0.975000
vt 0.168538 0.948220
vt 0.084292 0.948220
vt 0.086662 0.975000
vt 0.166168 0.921439
vt 0.081921 0.921439
vt 0.080142 0.892083
vt 0.164406 0.892007
vt 0.162645 0.862575
vt 0.078364 0.862727
vt 0.329100 0.724957
vt 0.329228 0.760546
vt 0.413471 0.760538
vt 0.413338 0.724941
vt 0.329357 0.796135
vt 0.413604 0.796135
vt 0.244986 0.760554
vt 0.245110 0.796135
vt 0.244862 0.724974
vt 0.414477 0.829431
vt 0.330248 0.829355
vt 0.246018 0.829279
vt 0.161754 0.829355
vt 0.077490 0.829431
vt 0.160864 0.796135
vt 0.076617 0.796135
vt 0.076484 0.760538
vt 0.160735 0.760546
vt 0.160607 0.724957
vt 0.076351 0.724941
vt 0.329661 0.587708
vt 0.329470 0.621148
vt 0.413719 0.621107
vt 0.413911 0.587624
vt 0.329280 0.654589
vt 0.413527 0.654589
vt 0.245222 0.621190
vt 0.245033 0.654589
vt 0.245411 0.587791
vt 0.413432 0.689765
vt 0.329190 0.689773
vt 0.244948 0.689781
vt 0.160697 0.689773
vt 0.076446 0.689765
vt 0.160787 0.654589
vt 0.076540 0.654589
vt 0.076732 0.621107
vt 0.160977 0.621148
vt 0.161167 0.587708
vt 0.076924 0.587624
vt 0.360606 0.294598
vt 0.360319 0.320686
vt 0.471991 0.320823
vt 0.472272 0.294872
vt 0.360033 0.346774
vt 0.471710 0.346774
vt 0.248648 0.320549
vt 0.245645 0.525000
vt 0.248940 0.294324
vt 0.414024 0.556312
vt 0.329776 0.556354
vt 0.245528 0.556396
vt 0.161283 0.556354
vt 0.077038 0.556312
vt 0.161398 0.525000
vt 0.077151 0.525000
vt 0.025281 0.320823
vt 0.136964 0.320686
vt 0.137251 0.294598
vt 0.025562 0.294872
vt 0.137828 0.261654
vt 0.026145 0.261792
vt 0.138406 0.228711
vt 0.026728 0.228711
vt 0.249512 0.261517
vt 0.250083 0.228711
vt 0.027509 0.190968
vt 0.139187 0.190968
vt 0.139967 0.153226
vt 0.028290 0.153226
vt 0.250864 0.190968
vt 0.251645 0.153226
vt 0.363323 0.153226
vt 0.362542 0.190968
vt 0.474219 0.190968
vt 0.475000 0.153226
vt 0.361761 0.228711
vt 0.473438 0.228711
vt 0.472855 0.261792
vt 0.361183 0.261654
vt 0.331138 0.862575
vt 0.332900 0.892007
vt 0.417129 0.892083
vt 0.415350 0.862727
vt 0.334661 0.921439
vt 0.418908 0.921439
vt 0.248670 0.891932
vt 0.250414 0.921439
vt 0.246927 0.862424
vt 0.421278 0.948220
vt 0.337032 0.948220
vt 0.339402 0.975000
vt 0.423649 0.975000
vt 0.252785 0.948220
vt 0.255155 0.975000
vt 0.170909 0.975000
vt 0.168538 0.948220
vt 0.084292 0.948220
vt 0.086662 0.975000
vt 0.166168 0.921439
vt 0.081921 0.921439
vt 0.080142 0.892083
vt 0.164406 0.892007
vt 0.162645 0.862575
vt 0.078364 0.862727
vt 0.329100 0.724957
vt 0.329228 0.760546
vt 0.413471 0.760538
vt 0.413338 0.724941
vt 0.329357 0.796135
vt 0.413604 0.796135
vt 0.244986 0.760554
vt 0.245110 0.796135
vt 0.244862 0.724974
vt 0.414477 0.829431
vt 0.330248 0.829355
vt 0.246018 0.829279
vt 0.161754 0.829355
vt 0.077490 0.829431
vt 0.160864 0.796135
vt 0.076617 0.796135
vt 0.076484 0.760538
vt 0.160735 0.760546
vt 0.160607 0.724957
vt 0.076351 0.724941
vt 0.329661 0.587708
vt 0.329470 0.621148
vt 0.413719 0.621107
vt 0.413911 0.587624
vt 0.329280 0.654589
vt 0.413527 0.654589
vt 0.245222 0.621190
vt 0.245033 0.654589
vt 0.245411 0.587791
vt 0.413432 0.689765
vt 0.329190 0.689773
vt 0.244948 0.689781
vt 0.160697 0.689773
vt 0.076446 0.689765
vt 0.160787 0.654589
vt 0.076540 0.654589
vt 0.076732 0.621107
vt 0.160977 0.621148
vt 0.161167 0.587708
vt 0.076924 0.587624
vt 0.360606 0.294598
vt 0.360319 0.320686
vt 0.471991 0.320823
vt 0.472272 0.294872
vt 0.360033 0.346774
vt 0.471710 0.346774
vt 0.248648 0.320549
vt 0.245645 0.525000
vt 0.248940 0.294324
vt 0.414024 0.556312
vt 0.329776 0.556354
vt 0.245528 0.556396
vt 0.161283 0.556354
vt 0.077038 0.556312
vt 0.161398 0.525000
vt 0.077151 0.525000
vt 0.025281 0.320823
vt 0.136964 0.320686
vt 0.137251 0.294598
vt 0.025562 0.294872
vt 0.137828 0.261654
vt 0.026145 0.261792
vt 0.138406 0.228711
vt 0.026728 0.228711
vt 0.249512 0.261517
vt 0.250083 0.228711
vt 0.027509 0.190968
vt 0.139187 0.190968
vt 0.139967 0.153226
vt 0.028290 0.153226
vt 0.250864 0.190968
vt 0.251645 0.153226
vt 0.363323 0.153226
vt 0.362542 0.190968
vt 0.474219 0.190968
vt 0.475000 0.153226
vt 0.361761 0.228711
vt 0.473438 0.228711
vt 0.472855 0.261792
vt 0.361183 0.261654
vt 0.331138 0.862575
vt 0.332900 0.892007
vt 0.417129 0.892083
vt 0.415350 0.862727
vt 0.334661 0.921439
vt 0.418908 0.921439
vt 0.248670 0.891932
vt 0.250414 0.921439
vt 0.246927 0.862424
vt 0.421278 0.948220
vt 0.337032 0.948220
vt 0.339402 0.975000
vt 0.423649 0.975000
vt 0.252785 0.948220
vt 0.255155 0.975000
vt 0.170909 0.975000
vt 0.168538 0.948220
vt 0.084292 0.948220
vt 0.086662 0.975000
vt 0.166168 0.921439
vt 0.081921 0.921439
vt 0.080142 0.892083
vt 0.164406 0.892007
vt 0.162645 0.862575
vt 0.078364 0.862727
vt 0.329100 0.724957
vt 0.329228 0.760546
vt 0.413471 0.760538
vt 0.413338 0.724941
vt 0.329357 0.796135
vt 0.413604 0.796135
vt 0.244986 0.760554
vt 0.245110 0.796135
vt 0.244862 0.724974
vt 0.414477 0.829431
vt 0.330248 0.829355
vt 0.246018 0.829279
vt 0.161754 0.829355
vt 0.077490 0.829431
vt 0.160864 0.796135
vt 0.076617 0.796135
vt 0.076484 0.760538
vt 0.160735 0.760546
vt 0.160607 0.724957
vt 0.076351 0.724941
vt 0.329661 0.587708
vt 0.329470 0.621148
vt 0.413719 0.621107
vt 0.413911 0.587624
vt 0.329280 0.654589
vt 0.413527 0.654589
vt 0.245222 0.621190
vt 0.245033 0.654589
vt 0.245411 0.587791
vt 0.413432 0.689765
vt 0.329190 0.689773
vt 0.244948 0.689781
vt 0.160697 0.689773
vt 0.076446 0.689765
vt 0.160787 0.654589
vt 0.076540 0.654589
vt 0.076732 0.621107
vt 0.160977 0.621148
vt 0.161167 0.587708
vt 0.076924 0.587624
vt 0.360606 0.294598
vt 0.360319 0.320686
vt 0.471991 0.320823
vt 0.472272 0.294872
vt 0.360033 0.346774
vt 0.471710 0.346774
vt 0.248648 0.320549
vt 0.245645 0.525000
vt 0.248940 0.294324
vt 0.414024 0.556312
vt 0.329776 0.556354
vt 0.245528 0.556396
vt 0.161283 0.556354
vt 0.077038 0.556312
vt 0.161398 0.525000
vt 0.077151 0.525000
vt 0.025281 0.320823
vt 0.136964 0.320686
vt 0.137251 0.294598
vt 0.025562 0.294872
vt 0.137828 0.261654
vt 0.026145 0.261792
vt 0.138406 0.228711
vt 0.026728 0.228711
vt 0.249512 0.261517
vt 0.250083 0.228711
vt 0.027509 0.190968
vt 0.139187 0.190968
vt 0.139967 0.153226
vt 0.028290 0.153226
vt 0.250864 0.190968
vt 0.251645 0.153226
vt 0.363323 0.153226
vt 0.362542 0.190968
vt 0.474219 0.190968
vt 0.475000 0.153226
vt 0.361761 0.228711
vt 0.473438 0.228711
vt 0.472855 0.261792
vt 0.361183 0.261654
vt 0.331138 0.862575
vt 0.332900 0.892007
vt 0.417129 0.892083
vt 0.415350 0.862727
vt 0.334661 0.921439
vt 0.418908 0.921439
vt 0.248670 0.891932
vt 0.250414 0.921439
vt 0.246927 0.862424
vt 0.421278 0.948220
vt 0.337032 0.948220
vt 0.339402 0.975000
vt 0.423649 0.975000
vt 0.252785 0.948220
vt 0.255155 0.975000
vt 0.170909 0.975000
vt 0.168538 0.948220
vt 0.084292 0.948220
vt 0.086662 0.975000
vt 0.166168 0.921439
vt 0.081921 0.921439
vt 0.080142 0.892083
vt 0.164406 0.892007
vt 0.162645 0.862575
vt 0.078364 0.862727
vt 0.329100 0.724957
vt 0.329228 0.760546
vt 0.413471 0.760538
vt 0.413338 0.724941
vt 0.329357 0.796135
vt 0.413604 0.796135
vt 0.244986 0.760554
vt 0.245110 0.796135
vt 0.244862 0.724974
vt 0.414477 0.829431
vt 0.330248 0.829355
vt 0.246018 0.829279
vt 0.161754 0.829355
vt 0.077490 0.829431
vt 0.160864 0.796135
vt 0.076617 0.796135
vt 0.076484 0.760538
vt 0.160735 0.760546
vt 0.160607 0.724957
vt 0.076351 0.724941
vt 0.329661 0.587708
vt 0.329470 0.621148
vt 0.413719 0.621107
vt 0.413911 0.587624
vt 0.329280 0.654589
vt 0.413527 0.654589
vt 0.245222 0.621190
vt 0.245033 0.654589
vt 0.245411 0.587791
vt 0.413432 0.689765
vt 0.329190 0.689773
vt 0.244948 0.689781
vt 0.160697 0.689773
vt 0.076446 0.689765
vt 0.160787 0.654589
vt 0.076540 0.654589
vt 0.076732 0.621107
vt 0.160977 0.621148
vt 0.161167 0.587708
vt 0.076924 0.587624
vt 0.360606 0.294598
vt 0.360319 0.320686
vt 0.471991 0.320823
vt 0.472272 0.294872
vt 0.360033 0.346774
vt 0.471710 0.346774
vt 0.248648 0.320549
vt 0.245645 0.525000
vt 0.248940 0.294324
vt 0.414024 0.556312
vt 0.329776 0.556354
vt 0.245528 0.556396
vt 0.161283 0.556354
vt 0.077038 0.556312
vt 0.161398 0.525000
vt 0.077151 0.525000
vt 0.025281 0.320823
vt 0.136964 0.320686
vt 0.137251 0.294598
vt 0.025562 0.294872
vt 0.137828 0.261654
vt 0.026145 0.261792
vt 0.138406 0.228711
vt 0.026728 0.228711
vt 0.249512 0.261517
vt 0.250083 0.228711
vt 0.027509 0.190968
vt 0.139187 0.190968
vt 0.139967 0.153226
vt 0.028290 0.153226
vt 0.250864 0.190968
vt 0.251645 0.153226
vt 0.363323 0.153226
vt 0.362542 0.190968
vt 0.474219 0.190968
vt 0.475000 0.153226
vt 0.361761 0.228711
vt 0.473438 0.228711
vt 0.472855 0.261792
vt 0.361183 0.261654

o name 5
usemtl Material
usemap Material
f 5672/5672 5671/5671 5673/5673
f 5674/5674 5673/5673 5671/5671
f 5672/5672 5673/5673 5675/5675
f 5676/5676 5675/5675 5673/5673
f 5672/5672 5675/5675 5677/5677
f 5678/5678 5677/5677 5675/5675
f 5672/5672 5677/5677 5671/5671
f 5679/5679 5671/5671 5677/5677
f 5681/5681 5680/5680 5682/5682
f 5683/5683 5682/5682 5680/5680
f 5681/5681 5682/5682 5684/5684
f 5685/5685 5684/5684 5682/5682
f 5681/5681 5684/5684 5675/5675
f 5678/5678 5675/5675 5684/5684
f 5681/5681 5675/5675 5680/5680
f 5676/5676 5680/5680 5675/5675
f 5687/5687 5686/5686 5688/5688
f 5689/5689 5688/5688 5686/5686
f 5687/5687 5688/5688 5690/5690
f 5691/5691 5690/5690 5688/5688
f 5687/5687 5690/5690 5684/5684
f 5678/5678 5684/5684 5690/5690
f 5687/5687 5684/5684 5686/5686
f 5685/5685 5686/5686 5684/5684
f 5693/5693 5692/5692 5694/5694
f 5695/5695 5694/5694 5692/5692
f 5693/5693 5694/5694 5677/5677
f 5679/5679 5677/5677 5694/5694
f 5693/5693 5677/5677 5690/5690
f 5678/5678 5690/5690 5677/5677
f 5693/5693 5690/5690 5692/5692
f 5691/5691 5692/5692 5690/5690
f 5697/5697 5696/5696 5698/5698
f 5699/5699 5698/5698 5696/5696
f 5697/5697 5698/5698 5700/5700
f 5701/5701 5700/5700 5698/5698
f 5697/5697 5700/5700 5702/5702
f 5703/5703 5702/5702 5700/5700
f 5697/5697 5702/5702 5696/5696
f 5704/5704 5696/5696 5702/5702
f 5706/5706 5705/5705 5671/5671
f 5674/5674 5671/5671 5705/5705
f 5706/5706 5671/5671 5707/5707
f 5679/5679 5707/5707 5671/5671
f 5706/5706 5707/5707 5700/5700
f 5703/5703 5700/5700 5707/5707
f 5706/5706 5700/5700 5705/5705
f 5701/5701 5705/5705 5700/5700
f 5708/5708 5694/5694 5709/5709
f 5695/5695 5709/5709 5694/5694
f 5708/5708 5709/5709 5710/5710
f 5711/5711 5710/5710 5709/5709
f 5708/5708 5710/5710 5707/5707
f 5703/5703 5707/5707 5710/5710
f 5708/5708 5707/5707 5694/5694
f 5679/5679 5694/5694 5707/5707
f 5713/5713 5712/5712 5714/5714
f 5715/5715 5714/5714 5712/5712
f 5713/5713 5714/5714 5702/5702
f 5704/5704 5702/5702 5714/5714
f 5713/5713 5702/5702 5710/5710
f 5703/5703 5710/5710 5702/5702
f 5713/5713 5710/5710 5712/5712
f 5711/5711 5712/5712 5710/5710
f 5717/5717 5716/5716 5718/5718
f 5719/5719 5718/5718 5716/5716
f 5717/5717 5718/5718 5720/5720
f 5721/5721 5720/5720 5718/5718
f 5717/5717 5720/5720 5722/5722
f 5723/5723 5722/5722 5720/5720
f 5717/5717 5722/5722 5716/5716
f 5724/5724 5716/5716 5722/5722
f 5726/5726 5725/5725 5696/5696
f 5699/5699 5696/5696 5725/5725
f 5726/5726 5696/5696 5727/5727
f 5704/5704 5727/5727 5696/5696
f 5726/5726 5727/5727 5720/5720
f 5723/5723 5720/5720 5727/5727
f 5726/5726 5720/5720 5725/5725
f 5721/5721 5725/5725 5720/5720
f 5728/5728 5714/5714 5729/5729
f 5715/5715 5729/5729 5714/5714
f 5728/5728 5729/5729 5730/5730
f 5731/5731 5730/5730 5729/5729
f 5728/5728 5730/5730 5727/5727
f 5723/5723 5727/5727 5730/5730
f 5728/5728 5727/5727 5714/5714
f 5704/5704 5714/5714 5727/5727
f 5733/5733 5732/5732 5734/5734
f 5735/5735 5734/5734 5732/5732
f 5733/5733 5734/5734 5722/5722
f 5724/5724 5722/5722 5734/5734
f 5733/5733 5722/5722 5730/5730
f 5723/5723 5730/5730 5722/5722
f 5733/5733 5730/5730 5732/5732
f 5731/5731 5732/5732 5730/5730
f 5737/5737 5736/5736 5738/5738
f 5739/5739 5738/5738 5736/5736
f 5737/5737 5738/5738 5740/5740
f 5741/5741 5740/5740 5738/5738
f 5737/5737 5740/5740 5742/5742
f 5743/5743 5742/5742 5740/5740
f 5737/5737 5742/5742 5736/5736
f 5744/5744 5736/5736 5742/5742
f 5746/5746 5745/5745 5716/5716
f 5719/5719 5716/5716 5745/5745
f 5746/5746 5716/5716 5747/5747
f 5724/5724 5747/5747 5716/5716
f 5746/5746 5747/5747 5740/5740
f 5743/5743 5740/5740 5747/5747
f 5746/5746 5740/5740 5745/5745
f 5741/5741 5745/5745 5740/5740
f 5748/5748 5734/5734 5749/5749
f 5735/5735 5749/5749 5734/5734
f 5748/5748 5749/5749 5750/5750
f 5751/5751 5750/5750 5749/5749
f 5748/5748 5750/5750 5747/5747
f 5743/5743 5747/5747 5750/5750
f 5748/5748 5747/5747 5734/5734
f 5724/5724 5734/5734 5747/5747
f 5753/5753 5752/5752 5754/5754
f 5755/5755 5754/5754 5752/5752
f 5753/5753 5754/5754 5742/5742
f 5744/5744 5742/5742 5754/5754
f 5753/5753 5742/5742 5750/5750
f 5743/5743 5750/5750 5742/5742
f 5753/5753 5750/5750 5752/5752
f 5751/5751 5752/5752 5750/5750
f 5756/5756 5754/5754 5757/5757
f 5755/5755 5757/5757 5754/5754
f 5756/5756 5757/5757 5758/5758
f 5759/5759 5758/5758 5757/5757
f 5756/5756 5758/5758 5760/5760
f 5761/5761 5760/5760 5758/5758
f 5756/5756 5760/5760 5754/5754
f 5744/5744 5754/5754 5760/5760
f 5763/5763 5762/5762 5764/5764
f 5765/5765 5764/5764 5762/5762
f 5763/5763 5764/5764 5766/5766
f 5767/5767 5766/5766 5764/5764
f 5763/5763 5766/5766 5758/5758
f 5761/5761 5758/5758 5766/5766
f 5763/5763 5758/5758 5762/5762
f 5759/5759 5762/5762 5758/5758
f 5769/5769 5768/5768 5770/5770
f 5771/5771 5770/5770 5768/5768
f 5769/5769 5770/5770 5772/5772
f 5773/5773 5772/5772 5770/5770
f 5769/5769 5772/5772 5766/5766
f 5761/5761 5766/5766 5772/5772
f 5769/5769 5766/5766 5768/5768
f 5767/5767 5768/5768 5766/5766
f 5775/5775 5774/5774 5736/5736
f 5739/5739 5736/5736 5774/5774
f 5775/5775 5736/5736 5760/5760
f 5744/5744 5760/5760 5736/5736
f 5775/5775 5760/5760 5772/5772
f 5761/5761 5772/5772 5760/5760
f 5775/5775 5772/5772 5774/5774
f 5773/5773 5774/5774 5772/5772
f 5777/5777 5776/5776 5778/5778
f 5779/5779 5778/5778 5776/5776
f 5777/5777 5778/5778 5780/5780
f 5781/5781 5780/5780 5778/5778
f 5777/5777 5780/5780 5782/5782
f 5783/5783 5782/5782 5780/5780
f 5777/5777 5782/5782 5776/5776
f 5784/5784 5776/5776 5782/5782
f 5786/5786 5785/5785 5787/5787
f 5788/5788 5787/5787 5785/5785
f 5786/5786 5787/5787 5789/5789
f 5790/5790 5789/5789 5787/5787
f 5786/5786 5789/5789 5780/5780
f 5783/5783 5780/5780 5789/5789
f 5786/5786 5780/5780 5785/5785
f 5781/5781 5785/5785 5780/5780
f 5792/5792 5791/5791 5793/5793
f 5794/5794 5793/5793 5791/5791
f 5792/5792 5793/5793 5795/5795
f 5796/5796 5795/5795 5793/5793
f 5792/5792 5795/5795 5789/5789
f 5783/5783 5789/5789 5795/5795
f 5792/5792 5789/5789 5791/5791
f 5790/5790 5791/5791 5789/5789
f 5798/5798 5797/5797 5799/5799
f 5800/5800 5799/5799 5797/5797
f 5798/5798 5799/5799 5782/5782
f 5784/5784 5782/5782 5799/5799
f 5798/5798 5782/5782 5795/5795
f 5783/5783 5795/5795 5782/5782
f 5798/5798 5795/5795 5797/5797
f 5796/5796 5797/5797 5795/5795
f 5802/5802 5801/5801 5803/5803
f 5804/5804 5803/5803 5801/5801
f 5802/5802 5803/5803 5805/5805
f 5806/5806 5805/5805 5803/5803
f 5802/5802 5805/5805 5807/5807
f 5808/5808 5807/5807 5805/5805
f 5802/5802 5807/5807 5801/5801
f 5809/5809 5801/5801 5807/5807
f 5811/5811 5810/5810 5776/5776
f 5779/5779 5776/5776 5810/5810
f 5811/5811 5776/5776 5812/5812
f 5784/5784 5812/5812 5776/5776
f 5811/5811 5812/5812 5805/5805
f 5808/5808 5805/5805 5812/5812
f 5811/5811 5805/5805 5810/5810
f 5806/5806 5810/5810 5805/5805
f 5813/5813 5799/5799 5814/5814
f 5800/5800 5814/5814 5799/5799
f 5813/5813 5814/5814 5815/5815
f 5816/5816 5815/5815 5814/5814
f 5813/5813 5815/5815 5812/5812
f 5808/5808 5812/5812 5815/5815
f 5813/5813 5812/5812 5799/5799
f 5784/5784 5799/5799 5812/5812
f 5818/5818 5817/5817 5819/5819
f 5820/5820 5819/5819 5817/5817
f 5818/5818 5819/5819 5807/5807
f 5809/5809 5807/5807 5819/5819
f 5818/5818 5807/5807 5815/5815
f 5808/5808 5815/5815 5807/5807
f 5818/5818 5815/5815 5817/5817
f 5816/5816 5817/5817 5815/5815
f 5822/5822 5821/5821 5823/5823
f 5824/5824 5823/5823 5821/5821
f 5822/5822 5823/5823 5825/5825
f 5826/5826 5825/5825 5823/5823
f 5822/5822 5825/5825 5827/5827
f 5828/5828 5827/5827 5825/5825
f 5822/5822 5827/5827 5821/5821
f 5829/5829 5821/5821 5827/5827
f 5831/5831 5830/5830 5801/5801
f 5804/5804 5801/5801 5830/5830
f 5831/5831 5801/5801 5832/5832
f 5809/5809 5832/5832 5801/5801
f 5831/5831 5832/5832 5825/5825
f 5828/5828 5825/5825 5832/5832
f 5831/5831 5825/5825 5830/5830
f 5826/5826 5830/5830 5825/5825
f 5833/5833 5819/5819 5834/5834
f 5820/5820 5834/5834 5819/5819
f 5833/5833 5834/5834 5835/5835
f 5836/5836 5835/5835 5834/5834
f 5833/5833 5835/5835 5832/5832
f 5828/5828 5832/5832 5835/5835
f 5833/5833 5832/5832 5819/5819
f 5809/5809 5819/5819 5832/5832
f 5838/5838 5837/5837 5839/5839
f 5840/5840 5839/5839 5837/5837
f 5838/5838 5839/5839 5827/5827
f 5829/5829 5827/5827 5839/5839
f 5838/5838 5827/5827 5835/5835
f 5828/5828 5835/5835 5827/5827
f 5838/5838 5835/5835 5837/5837
f 5836/5836 5837/5837 5835/5835
f 5842/5842 5841/5841 5843/5843
f 5844/5844 5843/5843 5841/5841
f 5842/5842 5843/5843 5845/5845
f 5846/5846 5845/5845 5843/5843
f 5842/5842 5845/5845 5847/5847
f 5848/5848 5847/5847 5845/5845
f 5842/5842 5847/5847 5841/5841
f 5849/5849 5841/5841 5847/5847
f 5851/5851 5850/5850 5821/5821
f 5824/5824 5821/5821 5850/5850
f 5851/5851 5821/5821 5852/5852
f 5829/5829 5852/5852 5821/5821
f 5851/5851 5852/5852 5845/5845
f 5848/5848 5845/5845 5852/5852
f 5851/5851 5845/5845 5850/5850
f 5846/5846 5850/5850 5845/5845
f 5853/5853 5839/5839 5854/5854
f 5840/5840 5854/5854 5839/5839
f 5853/5853 5854/5854 5855/5855
f 5856/5856 5855/5855 5854/5854
f 5853/5853 5855/5855 5852/5852
f 5848/5848 5852/5852 5855/5855
f 5853/5853 5852/5852 5839/5839
f 5829/5829 5839/5839 5852/5852
f 5858/5858 5857/5857 5859/5859
f 5860/5860 5859/5859 5857/5857
f 5858/5858 5859/5859 5847/5847
f 5849/5849 5847/5847 5859/5859
f 5858/5858 5847/5847 5855/5855
f 5848/5848 5855/5855 5847/5847
f 5858/5858 5855/5855 5857/5857
f 5856/5856 5857/5857 5855/5855
f 5861/5861 5859/5859 5862/5862
f 5860/5860 5862/5862 5859/5859
f 5861/5861 5862/5862 5863/5863
f 5864/5864 5863/5863 5862/5862
f 5861/5861 5863/5863 5865/5865
f 5866/5866 5865/5865 5863/5863
f 5861/5861 5865/5865 5859/5859
f 5849/5849 5859/5859 5865/5865
f 5868/5868 5867/5867 5869/5869
f 5870/5870 5869/5869 5867/5867
f 5868/5868 5869/5869 5871/5871
f 5872/5872 5871/5871 5869/5869
f 5868/5868 5871/5871 5863/5863
f 5866/5866 5863/5863 5871/5871
f 5868/5868 5863/5863 5867/5867
f 5864/5864 5867/5867 5863/5863
f 5874/5874 5873/5873 5875/5875
f 5876/5876 5875/5875 5873/5873
f 5874/5874 5875/5875 5877/5877
f 5878/5878 5877/5877 5875/5875
f 5874/5874 5877/5877 5871/5871
f 5866/5866 5871/5871 5877/5877
f 5874/5874 5871/5871 5873/5873
f 5872/5872 5873/5873 5871/5871
f 5880/5880 5879/5879 5841/5841
f 5844/5844 5841/5841 5879/5879
f 5880/5880 5841/5841 5865/5865
f 5849/5849 5865/5865 5841/5841
f 5880/5880 5865/5865 5877/5877
f 5866/5866 5877/5877 5865/5865
f 5880/5880 5877/5877 5879/5879
f 5878/5878 5879/5879 5877/5877
f 5882/5882 5881/5881 5883/5883
f 5884/5884 5883/5883 5881/5881
f 5882/5882 5883/5883 5885/5885
f 5886/5886 5885/5885 5883/5883
f 5882/5882 5885/5885 5887/5887
f 5888/5888 5887/5887 5885/5885
f 5882/5882 5887/5887 5881/5881
f 5889/5889 5881/5881 5887/5887
f 5891/5891 5890/5890 5892/5892
f 5893/5893 5892/5892 5890/5890
f 5891/5891 5892/5892 5894/5894
f 5895/5895 5894/5894 5892/5892
f 5891/5891 5894/5894 5885/5885
f 5888/5888 5885/5885 5894/5894
f 5891/5891 5885/5885 5890/5890
f 5886/5886 5890/5890 5885/5885
f 5897/5897 5896/5896 5898/5898
f 5899/5899 5898/5898 5896/5896
f 5897/5897 5898/5898 5900/5900
f 5901/5901 5900/5900 5898/5898
f 5897/5897 5900/5900 5894/5894
f 5888/5888 5894/5894 5900/5900
f 5897/5897 5894/5894 5896/5896
f 5895/5895 5896/5896 5894/5894
f 5903/5903 5902/5902 5904/5904
f 5905/5905 5904/5904 5902/5902
f 5903/5903 5904/5904 5887/5887
f 5889/5889 5887/5887 5904/5904
f 5903/5903 5887/5887 5900/5900
f 5888/5888 5900/5900 5887/5887
f 5903/5903 5900/5900 5902/5902
f 5901/5901 5902/5902 5900/5900
f 5907/5907 5906/5906 5908/5908
f 5909/5909 5908/5908 5906/5906
f 5907/5907 5908/5908 5910/5910
f 5911/5911 5910/5910 5908/5908
f 5907/5907 5910/5910 5912/5912
f 5913/5913 5912/5912 5910/5910
f 5907/5907 5912/5912 5906/5906
f 5914/5914 5906/5906 5912/5912
f 5916/5916 5915/5915 5881/5881
f 5884/5884 5881/5881 5915/5915
f 5916/5916 5881/5881 5917/5917
f 5889/5889 5917/5917 5881/5881
f 5916/5916 5917/5917 5910/5910
f 5913/5913 5910/5910 5917/5917
f 5916/5916 5910/5910 5915/5915
f 5911/5911 5915/5915 5910/5910
f 5918/5918 5904/5904 5919/5919
f 5905/5905 5919/5919 5904/5904
f 5918/5918 5919/5919 5920/5920
f 5921/5921 5920/5920 5919/5919
f 5918/5918 5920/5920 5917/5917
f 5913/5913 5917/5917 5920/5920
f 5918/5918 5917/5917 5904/5904
f 5889/5889 5904/5904 5917/5917
f 5923/5923 5922/5922 5924/5924
f 5925/5925 5924/5924 5922/5922
f 5923/5923 5924/5924 5912/5912
f 5914/5914 5912/5912 5924/5924
f 5923/5923 5912/5912 5920/5920
f 5913/5913 5920/5920 5912/5912
f 5923/5923 5920/5920 5922/5922
f 5921/5921 5922/5922 5920/5920
f 5927/5927 5926/5926 5928/5928
f 5929/5929 5928/5928 5926/5926
f 5927/5927 5928/5928 5930/5930
f 5931/5931 5930/5930 5928/5928
f 5927/5927 5930/5930 5932/5932
f 5933/5933 5932/5932 5930/5930
f 5927/5927 5932/5932 5926/5926
f 5934/5934 5926/5926 5932/5932
f 5936/5936 5935/5935 5906/5906
f 5909/5909 5906/5906 5935/5935
f 5936/5936 5906/5906 5937/5937
f 5914/5914 5937/5937 5906/5906
f 5936/5936 5937/5937 5930/5930
f 5933/5933 5930/5930 5937/5937
f 5936/5936 5930/5930 5935/5935
f 5931/5931 5935/5935 5930/5930
f 5938/5938 5924/5924 5939/5939
f 5925/5925 5939/5939 5924/5924
f 5938/5938 5939/5939 5940/5940
f 5941/5941 5940/5940 5939/5939
f 5938/5938 5940/5940 5937/5937
f 5933/5933 5937/5937 5940/5940
f 5938/5938 5937/5937 5924/5924
f 5914/5914 5924/5924 5937/5937
f 5943/5943 5942/5942 5944/5944
f 5945/5945 5944/5944 5942/5942
f 5943/5943 5944/5944 5932/5932
f 5934/5934 5932/5932 5944/5944
f 5943/5943 5932/5932 5940/5940
f 5933/5933 5940/5940 5932/5932
f 5943/5943 5940/5940 5942/5942
f 5941/5941 5942/5942 5940/5940
f 5947/5947 5946/5946 5948/5948
f 5949/5949 5948/5948 5946/5946
f 5947/5947 5948/5948 5950/5950
f 5951/5951 5950/5950 5948/5948
f 5947/5947 5950/5950 5952/5952
f 5953/5953 5952/5952 5950/5950
f 5947/5947 5952/5952 5946/5946
f 5954/5954 5946/5946 5952/5952
f 5956/5956 5955/5955 5926/5926
f 5929/5929 5926/5926 5955/5955
f 5956/5956 5926/5926 5957/5957
f 5934/5934 5957/5957 5926/5926
f 5956/5956 5957/5957 5950/5950
f 5953/5953 5950/5950 5957/5957
f 5956/5956 5950/5950 5955/5955
f 5951/5951 5955/5955 5950/5950
f 5958/5958 5944/5944 5959/5959
f 5945/5945 5959/5959 5944/5944
f 5958/5958 5959/5959 5960/5960
f 5961/5961 5960/5960 5959/5959
f 5958/5958 5960/5960 5957/5957
f 5953/5953 5957/5957 5960/5960
f 5958/5958 5957/5957 5944/5944
f 5934/5934 5944/5944 5957/5957
f 5963/5963 5962/5962 5964/5964
f 5965/5965 5964/5964 5962/5962
f 5963/5963 5964/5964 5952/5952
f 5954/5954 5952/5952 5964/5964
f 5963/5963 5952/5952 5960/5960
f 5953/5953 5960/5960 5952/5952
f 5963/5963 5960/5960 5962/5962
f 5961/5961 5962/5962 5960/5960
f 5966/5966 5964/5964 5967/5967
f 5965/5965 5967/5967 5964/5964
f 5966/5966 5967/5967 5968/5968
f 5969/5969 5968/5968 5967/5967
f 5966/5966 5968/5968 5970/5970
f 5971/5971 5970/5970 5968/5968
f 5966/5966 5970/5970 5964/5964
f 5954/5954 5964/5964 5970/5970
f 5973/5973 5972/5972 5974/5974
f 5975/5975 5974/5974 5972/5972
f 5973/5973 5974/5974 5976/5976
f 5977/5977 5976/5976 5974/5974
f 5973/5973 5976/5976 5968/5968
f 5971/5971 5968/5968 5976/5976
f 5973/5973 5968/5968 5972/5972
f 5969/5969 5972/5972 5968/5968
f 5979/5979 5978/5978 5980/5980
f 5981/5981 5980/5980 5978/5978
f 5979/5979 5980/5980 5982/5982
f 5983/5983 5982/5982 5980/5980
f 5979/5979 5982/5982 5976/5976
f 5971/5971 5976/5976 5982/5982
f 5979/5979 5976/5976 5978/5978
f 5977/5977 5978/5978 5976/5976
f 5985/5985 5984/5984 5946/5946
f 5949/5949 5946/5946 5984/5984
f 5985/5985 5946/5946 5970/5970
f 5954/5954 5970/5970 5946/5946
f 5985/5985 5970/5970 5982/5982
f 5971/5971 5982/5982 5970/5970
f 5985/5985 5982/5982 5984/5984
f 5983/5983 5984/5984 5982/5982
f 5987/5987 5986/5986 5988/5988
f 5989/5989 5988/5988 5986/5986
f 5987/5987 5988/5988 5990/5990
f 5991/5991 5990/5990 5988/5988
f 5987/5987 5990/5990 5992/5992
f 5993/5993 5992/5992 5990/5990
f 5987/5987 5992/5992 5986/5986
f 5994/5994 5986/5986 5992/5992
f 5996/5996 5995/5995 5997/5997
f 5998/5998 5997/5997 5995/5995
f 5996/5996 5997/5997 5999/5999
f 6000/6000 5999/5999 5997/5997
f 5996/5996 5999/5999 5990/5990
f 5993/5993 5990/5990 5999/5999
f 5996/5996 5990/5990 5995/5995
f 5991/5991 5995/5995 5990/5990
f 6002/6002 6001/6001 6003/6003
f 6004/6004 6003/6003 6001/6001
f 6002/6002 6003/6003 6005/6005
f 6006/6006 6005/6005 6003/6003
f 6002/6002 6005/6005 5999/5999
f 5993/5993 5999/5999 6005/6005
f 6002/6002 5999/5999 6001/6001
f 6000/6000 6001/6001 5999/5999
f 6008/6008 6007/6007 6009/6009
f 6010/6010 6009/6009 6007/6007
f 6008/6008 6009/6009 5992/5992
f 5994/5994 5992/5992 6009/6009
f 6008/6008 5992/5992 6005/6005
f 5993/5993 6005/6005 5992/5992
f 6008/6008 6005/6005 6007/6007
f 6006/6006 6007/6007 6005/6005
f 6012/6012 6011/6011 6013/6013
f 6014/6014 6013/6013 6011/6011
f 6012/6012 6013/6013 6015/6015
f 6016/6016 6015/6015 6013/6013
f 6012/6012 6015/6015 6017/6017
f 6018/6018 6017/6017 6015/6015
f 6012/6012 6017/6017 6011/6011
f 6019/6019 6011/6011 6017/6017
f 6021/6021 6020/6020 5986/5986
f 5989/5989 5986/5986 6020/6020
f 6021/6021 5986/5986 6022/6022
f 5994/5994 6022/6022 5986/5986
f 6021/6021 6022/6022 6015/6015
f 6018/6018 6015/6015 6022/6022
f 6021/6021 6015/6015 6020/6020
f 6016/6016 6020/6020 6015/6015
f 6023/6023 6009/6009 6024/6024
f 6010/6010 6024/6024 6009/6009
f 6023/6023 6024/6024 6025/6025
f 6026/6026 6025/6025 6024/6024
f 6023/6023 6025/6025 6022/6022
f 6018/6018 6022/6022 6025/6025
f 6023/6023 6022/6022 6009/6009
f 5994/5994 6009/6009 6022/6022
f 6028/6028 6027/6027 6029/6029
f 6030/6030 6029/6029 6027/6027
f 6028/6028 6029/6029 6017/6017
f 6019/6019 6017/6017 6029/6029
f 6028/6028 6017/6017 6025/6025
f 6018/6018 6025/6025 6017/6017
f 6028/6028 6025/6025 6027/6027
f 6026/6026 6027/6027 6025/6025
f 6032/6032 6031/6031 6033/6033
f 6034/6034 6033/6033 6031/6031
f 6032/6032 6033/6033 6035/6035
f 6036/6036 6035/6035 6033/6033
f 6032/6032 6035/6035 6037/6037
f 6038/6038 6037/6037 6035/6035
f 6032/6032 6037/6037 6031/6031
f 6039/6039 6031/6031 6037/6037
f 6041/6041 6040/6040 6011/6011
f 6014/6014 6011/6011 6040/6040
f 6041/6041 6011/6011 6042/6042
f 6019/6019 6042/6042 6011/6011
f 6041/6041 6042/6042 6035/6035
f 6038/6038 6035/6035 6042/6042
f 6041/6041 6035/6035 6040/6040
f 6036/6036 6040/6040 6035/6035
f 6043/6043 6029/6029 6044/6044
f 6030/6030 6044/6044 6029/6029
f 6043/6043 6044/6044 6045/6045
f 6046/6046 6045/6045 6044/6044
f 6043/6043 6045/6045 6042/6042
f 6038/6038 6042/6042 6045/6045
f 6043/6043 6042/6042 6029/6029
f 6019/6019 6029/6029 6042/6042
f 6048/6048 6047/6047 6049/6049
f 6050/6050 6049/6049 6047/6047
f 6048/6048 6049/6049 6037/6037
f 6039/6039 6037/6037 6049/6049
f 6048/6048 6037/6037 6045/6045
f 6038/6038 6045/6045 6037/6037
f 6048/6048 6045/6045 6047/6047
f 6046/6046 6047/6047 6045/6045
f 6052/6052 6051/6051 6053/6053
f 6054/6054 6053/6053 6051/6051
f 6052/6052 6053/6053 6055/6055
f 6056/6056 6055/6055 6053/6053
f 6052/6052 6055/6055 6057/6057
f 6058/6058 6057/6057 6055/6055
f 6052/6052 6057/6057 6051/6051
f 6059/6059 6051/6051 6057/6057
f 6061/6061 6060/6060 6031/6031
f 6034/6034 6031/6031 6060/6060
f 6061/6061 6031/6031 6062/6062
f 6039/6039 6062/6062 6031/6031
f 6061/6061 6062/6062 6055/6055
f 6058/6058 6055/6055 6062/6062
f 6061/6061 6055/6055 6060/6060
f 6056/6056 6060/6060 6055/6055
f 6063/6063 6049/6049 6064/6064
f 6050/6050 6064/6064 6049/6049
f 6063/6063 6064/6064 6065/6065
f 6066/6066 6065/6065 6064/6064
f 6063/6063 6065/6065 6062/6062
f 6058/6058 6062/6062 6065/6065
f 6063/6063 6062/6062 6049/6049
f 6039/6039 6049/6049 6062/6062
f 6068/6068 6067/6067 6069/6069
f 6070/6070 6069/6069 6067/6067
f 6068/6068 6069/6069 6057/6057
f 6059/6059 6057/6057 6069/6069
f 6068/6068 6057/6057 6065/6065
f 6058/6058 6065/6065 6057/6057
f 6068/6068 6065/6065 6067/6067
f 6066/6066 6067/6067 6065/6065
f 6071/6071 6069/6069 6072/6072
f 6070/6070 6072/6072 6069/6069
f 6071/6071 6072/6072 6073/6073
f 6074/6074 6073/6073 6072/6072
f 6071/6071 6073/6073 6075/6075
f 6076/6076 6075/6075 6073/6073
f 6071/6071 6075/6075 6069/6069
f 6059/6059 6069/6069 6075/6075
f 6078/6078 6077/6077 6079/6079
f 6080/6080 6079/6079 6077/6077
f 6078/6078 6079/6079 6081/6081
f 6082/6082 6081/6081 6079/6079
f 6078/6078 6081/6081 6073/6073
f 6076/6076 6073/6073 6081/6081
f 6078/6078 6073/6073 6077/6077
f 6074/6074 6077/6077 6073/6073
f 6084/6084 6083/6083 6085/6085
f 6086/6086 6085/6085 6083/6083
f 6084/6084 6085/6085 6087/6087
f 6088/6088 6087/6087 6085/6085
f 6084/6084 6087/6087 6081/6081
f 6076/6076 6081/6081 6087/6087
f 6084/6084 6081/6081 6083/6083
f 6082/6082 6083/6083 6081/6081
f 6090/6090 6089/6089 6051/6051
f 6054/6054 6051/6051 6089/6089
f 6090/6090 6051/6051 6075/6075
f 6059/6059 6075/6075 6051/6051
f 6090/6090 6075/6075 6087/6087
f 6076/6076 6087/6087 6075/6075
f 6090/6090 6087/6087 6089/6089
f 6088/6088 6089/6089 6087/6087
f 6092/6092 6091/6091 6093/6093
f 6094/6094 6093/6093 6091/6091
f 6092/6092 6093/6093 6095/6095
f 6096/6096 6095/6095 6093/6093
f 6092/6092 6095/6095 6097/6097
f 6098/6098 6097/6097 6095/6095
f 6092/6092 6097/6097 6091/6091
f 6099/6099 6091/6091 6097/6097
f 6101/6101 6100/6100 6102/6102
f 6103/6103 6102/6102 6100/6100
f 6101/6101 6102/6102 6104/6104
f 6105/6105 6104/6104 6102/6102
f 6101/6101 6104/6104 6095/6095
f 6098/6098 6095/6095 6104/6104
f 6101/6101 6095/6095 6100/6100
f 6096/6096 6100/6100 6095/6095
f 6107/6107 6106/6106 6108/6108
f 6109/6109 6108/6108 6106/6106
f 6107/6107 6108/6108 6110/6110
f 6111/6111 6110/6110 6108/6108
f 6107/6107 6110/6110 6104/6104
f 6098/6098 6104/6104 6110/6110
f 6107/6107 6104/6104 6106/6106
f 6105/6105 6106/6106 6104/6104
f 6113/6113 6112/6112 6114/6114
f 6115/6115 6114/6114 6112/6112
f 6113/6113 6114/6114 6097/6097
f 6099/6099 6097/6097 6114/6114
f 6113/6113 6097/6097 6110/6110
f 6098/6098 6110/6110 6097/6097
f 6113/6113 6110/6110 6112/6112
f 6111/6111 6112/6112 6110/6110
f 6117/6117 6116/6116 6118/6118
f 6119/6119 6118/6118 6116/6116
f 6117/6117 6118/6118 6120/6120
f 6121/6121 6120/6120 6118/6118
f 6117/6117 6120/6120 6122/6122
f 6123/6123 6122/6122 6120/6120
f 6117/6117 6122/6122 6116/6116
f 6124/6124 6116/6116 6122/6122
f 6126/6126 6125/6125 6091/6091
f 6094/6094 6091/6091 6125/6125
f 6126/6126 6091/6091 6127/6127
f 6099/6099 6127/6127 6091/6091
f 6126/6126 6127/6127 6120/6120
f 6123/6123 6120/6120 6127/6127
f 6126/6126 6120/6120 6125/6125
f 6121/6121 6125/6125 6120/6120
f 6128/6128 6114/6114 6129/6129
f 6115/6115 6129/6129 6114/6114
f 6128/6128 6129/6129 6130/6130
f 6131/6131 6130/6130 6129/6129
f 6128/6128 6130/6130 6127/6127
f 6123/6123 6127/6127 6130/6130
f 6128/6128 6127/6127 6114/6114
f 6099/6099 6114/6114 6127/6127
f 6133/6133 6132/6132 6134/6134
f 6135/6135 6134/6134 6132/6132
f 6133/6133 6134/6134 6122/6122
f 6124/6124 6122/6122 6134/6134
f 6133/6133 6122/6122 6130/6130
f 6123/6123 6130/6130 6122/6122
f 6133/6133 6130/6130 6132/6132
f 6131/6131 6132/6132 6130/6130
f 6137/6137 6136/6136 6138/6138
f 6139/6139 6138/6138 6136/6136
f 6137/6137 6138/6138 6140/6140
f 6141/6141 6140/6140 6138/6138
f 6137/6137 6140/6140 6142/6142
f 6143/6143 6142/6142 6140/6140
f 6137/6137 6142/6142 6136/6136
f 6144/6144 6136/6136 6142/6142
f 6146/6146 6145/6145 6116/6116
f 6119/6119 6116/6116 6145/6145
f 6146/6146 6116/6116 6147/6147
f 6124/6124 6147/6147 6116/6116
f 6146/6146 6147/6147 6140/6140
f 6143/6143 6140/6140 6147/6147
f 6146/6146 6140/6140 6145/6145
f 6141/6141 6145/6145 6140/6140
f 6148/6148 6134/6134 6149/6149
f 6135/6135 6149/6149 6134/6134
f 6148/6148 6149/6149 6150/6150
f 6151/6151 6150/6150 6149/6149
f 6148/6148 6150/6150 6147/6147
f 6143/6143 6147/6147 6150/6150
f 6148/6148 6147/6147 6134/6134
f 6124/6124 6134/6134 6147/6147
f 6153/6153 6152/6152 6154/6154
f 6155/6155 6154/6154 6152/6152
f 6153/6153 6154/6154 6142/6142
f 6144/6144 6142/6142 6154/6154
f 6153/6153 6142/6142 6150/6150
f 6143/6143 6150/6150 6142/6142
f 6153/6153 6150/6150 6152/6152
f 6151/6151 6152/6152 6150/6150
f 6157/6157 6156/6156 6158/6158
f 6159/6159 6158/6158 6156/6156
f 6157/6157 6158/6158 6160/6160
f 6161/6161 6160/6160 6158/6158
f 6157/6157 6160/6160 6162/6162
f 6163/6163 6162/6162 6160/6160
f 6157/6157 6162/6162 6156/6156
f 6164/6164 6156/6156 6162/6162
f 6166/6166 6165/6165 6136/6136
f 6139/6139 6136/6136 6165/6165
f 6166/6166 6136/6136 6167/6167
f 6144/6144 6167/6167 6136/6136
f 6166/6166 6167/6167 6160/6160
f 6163/6163 6160/6160 6167/6167
f 6166/6166 6160/6160 6165/6165
f 6161/6161 6165/6165 6160/6160
f 6168/6168 6154/6154 6169/6169
f 6155/6155 6169/6169 6154/6154
f 6168/6168 6169/6169 6170/6170
f 6171/6171 6170/6170 6169/6169
f 6168/6168 6170/6170 6167/6167
f 6163/6163 6167/6167 6170/6170
f 6168/6168 6167/6167 6154/6154
f 6144/6144 6154/6154 6167/6167
f 6173/6173 6172/6172 6174/6174
f 6175/6175 6174/6174 6172/6172
f 6173/6173 6174/6174 6162/6162
f 6164/6164 6162/6162 6174/6174
f 6173/6173 6162/6162 6170/6170
f 6163/6163 6170/6170 6162/6162
f 6173/6173 6170/6170 6172/6172
f 6171/6171 6172/6172 6170/6170
f 6176/6176 6174/6174 6177/6177
f 6175/6175 6177/6177 6174/6174
f 6176/6176 6177/6177 6178/6178
f 6179/6179 6178/6178 6177/6177
f 6176/6176 6178/6178 6180/6180
f 6181/6181 6180/6180 6178/6178
f 6176/6176 6180/6180 6174/6174
f 6164/6164 6174/6174 6180/6180
f 6183/6183 6182/6182 6184/6184
f 6185/6185 6184/6184 6182/6182
f 6183/6183 6184/6184 6186/6186
f 6187/6187 6186/6186 6184/6184
f 6183/6183 6186/6186 6178/6178
f 6181/6181 6178/6178 6186/6186
f 6183/6183 6178/6178 6182/6182
f 6179/6179 6182/6182 6178/6178
f 6189/6189 6188/6188 6190/6190
f 6191/6191 6190/6190 6188/6188
f 6189/6189 6190/6190 6192/6192
f 6193/6193 6192/6192 6190/6190
f 6189/6189 6192/6192 6186/6186
f 6181/6181 6186/6186 6192/6192
f 6189/6189 6186/6186 6188/6188
f 6187/6187 6188/6188 6186/6186
f 6195/6195 6194/6194 6156/6156
f 6159/6159 6156/6156 6194/6194
f 6195/6195 6156/6156 6180/6180
f 6164/6164 6180/6180 6156/6156
f 6195/6195 6180/6180 6192/6192
f 6181/6181 6192/6192 6180/6180
f 6195/6195 6192/6192 6194/6194
f 6193/6193 6194/6194 6192/6192
f 6197/6197 6196/6196 6198/6198
f 6199/6199 6198/6198 6196/6196
f 6197/6197 6198/6198 6200/6200
f 6201/6201 6200/6200 6198/6198
f 6197/6197 6200/6200 6202/6202
f 6203/6203 6202/6202 6200/6200
f 6197/6197 6202/6202 6196/6196
f 6204/6204 6196/6196 6202/6202
f 6206/6206 6205/6205 6207/6207
f 6208/6208 6207/6207 6205/6205
f 6206/6206 6207/6207 6209/6209
f 6210/6210 6209/6209 6207/6207
f 6206/6206 6209/6209 6200/6200
f 6203/6203 6200/6200 6209/6209
f 6206/6206 6200/6200 6205/6205
f 6201/6201 6205/6205 6200/6200
f 6212/6212 6211/6211 6213/6213
f 6214/6214 6213/6213 6211/6211
f 6212/6212 6213/6213 6215/6215
f 6216/6216 6215/6215 6213/6213
f 6212/6212 6215/6215 6209/6209
f 6203/6203 6209/6209 6215/6215
f 6212/6212 6209/6209 6211/6211
f 6210/6210 6211/6211 6209/6209
f 6218/6218 6217/6217 6219/6219
f 6220/6220 6219/6219 6217/6217
f 6218/6218 6219/6219 6202/6202
f 6204/6204 6202/6202 6219/6219
f 6218/6218 6202/6202 6215/6215
f 6203/6203 6215/6215 6202/6202
f 6218/6218 6215/6215 6217/6217
f 6216/6216 6217/6217 6215/6215
f 6222/6222 6221/6221 6223/6223
f 6224/6224 6223/6223 6221/6221
f 6222/6222 6223/6223 6225/6225
f 6226/6226 6225/6225 6223/6223
f 6222/6222 6225/6225 6227/6227
f 6228/6228 6227/6227 6225/6225
f 6222/6222 6227/6227 6221/6221
f 6229/6229 6221/6221 6227/6227
f 6231/6231 6230/6230 6196/6196
f 6199/6199 6196/6196 6230/6230
f 6231/6231 6196/6196 6232/6232
f 6204/6204 6232/6232 6196/6196
f 6231/6231 6232/6232 6225/6225
f 6228/6228 6225/6225 6232/6232
f 6231/6231 6225/6225 6230/6230
f 6226/6226 6230/6230 6225/6225
f 6233/6233 6219/6219 6234/6234
f 6220/6220 6234/6234 6219/6219
f 6233/6233 6234/6234 6235/6235
f 6236/6236 6235/6235 6234/6234
f 6233/6233 6235/6235 6232/6232
f 6228/6228 6232/6232 6235/6235
f 6233/6233 6232/6232 6219/6219
f 6204/6204 6219/6219 6232/6232
f 6238/6238 6237/6237 6239/6239
f 6240/6240 6239/6239 6237/6237
f 6238/6238 6239/6239 6227/6227
f 6229/6229 6227/6227 6239/6239
f 6238/6238 6227/6227 6235/6235
f 6228/6228 6235/6235 6227/6227
f 6238/6238 6235/6235 6237/6237
f 6236/6236 6237/6237 6235/6235
f 6242/6242 6241/6241 6243/6243
f 6244/6244 6243/6243 6241/6241
f 6242/6242 6243/6243 6245/6245
f 6246/6246 6245/6245 6243/6243
f 6242/6242 6245/6245 6247/6247
f 6248/6248 6247/6247 6245/6245
f 6242/6242 6247/6247 6241/6241
f 6249/6249 6241/6241 6247/6247
f 6251/6251 6250/6250 6221/6221
f 6224/6224 6221/6221 6250/6250
f 6251/6251 6221/6221 6252/6252
f 6229/6229 6252/6252 6221/6221
f 6251/6251 6252/6252 6245/6245
f 6248/6248 6245/6245 6252/6252
f 6251/6251 6245/6245 6250/6250
f 6246/6246 6250/6250 6245/6245
f 6253/6253 6239/6239 6254/6254
f 6240/6240 6254/6254 6239/6239
f 6253/6253 6254/6254 6255/6255
f 6256/6256 6255/6255 6254/6254
f 6253/6253 6255/6255 6252/6252
f 6248/6248 6252/6252 6255/6255
f 6253/6253 6252/6252 6239/6239
f 6229/6229 6239/6239 6252/6252
f 6258/6258 6257/6257 6259/6259
f 6260/6260 6259/6259 6257/6257
f 6258/6258 6259/6259 6247/6247
f 6249/6249 6247/6247 6259/6259
f 6258/6258 6247/6247 6255/6255
f 6248/6248 6255/6255 6247/6247
f 6258/6258 6255/6255 6257/6257
f 6256/6256 6257/6257 6255/6255
f 6262/6262 6261/6261 6263/6263
f 6264/6264 6263/6263 6261/6261
f 6262/6262 6263/6263 6265/6265
f 6266/6266 6265/6265 6263/6263
f 6262/6262 6265/6265 6267/6267
f 6268/6268 6267/6267 6265/6265
f 6262/6262 6267/6267 6261/6261
f 6269/6269 6261/6261 6267/6267
f 6271/6271 6270/6270 6241/6241
f 6244/6244 6241/6241 6270/6270
f 6271/6271 6241/6241 6272/6272
f 6249/6249 6272/6272 6241/6241
f 6271/6271 6272/6272 6265/6265
f 6268/6268 6265/6265 6272/6272
f 6271/6271 6265/6265 6270/6270
f 6266/6266 6270/6270 6265/6265
f 6273/6273 6259/6259 6274/6274
f 6260/6260 6274/6274 6259/6259
f 6273/6273 6274/6274 6275/6275
f 6276/6276 6275/6275 6274/6274
f 6273/6273 6275/6275 6272/6272
f 6268/6268 6272/6272 6275/6275
f 6273/6273 6272/6272 6259/6259
f 6249/6249 6259/6259 6272/6272
f 6278/6278 6277/6277 6279/6279
f 6280/6280 6279/6279 6277/6277
f 6278/6278 6279/6279 6267/6267
f 6269/6269 6267/6267 6279/6279
f 6278/6278 6267/6267 6275/6275
f 6268/6268 6275/6275 6267/6267
f 6278/6278 6275/6275 6277/6277
f 6276/6276 6277/6277 6275/6275
f 6281/6281 6279/6279 6282/6282
f 6280/6280 6282/6282 6279/6279
f 6281/6281 6282/6282 6283/6283
f 6284/6284 6283/6283 6282/6282
f 6281/6281 6283/6283 6285/6285
f 6286/6286 6285/6285 6283/6283
f 6281/6281 6285/6285 6279/6279
f 6269/6269 6279/6279 6285/6285
f 6288/6288 6287/6287 6289/6289
f 6290/6290 6289/6289 6287/6287
f 6288/6288 6289/6289 6291/6291
f 6292/6292 6291/6291 6289/6289
f 6288/6288 6291/6291 6283/6283
f 6286/6286 6283/6283 6291/6291
f 6288/6288 6283/6283 6287/6287
f 6284/6284 6287/6287 6283/6283
f 6294/6294 6293/6293 6295/6295
f 6296/6296 6295/6295 6293/6293
f 6294/6294 6295/6295 6297/6297
f 6298/6298 6297/6297 6295/6295
f 6294/6294 6297/6297 6291/6291
f 6286/6286 6291/6291 6297/6297
f 6294/6294 6291/6291 6293/6293
f 6292/6292 6293/6293 6291/6291
f 6300/6300 6299/6299 6261/6261
f 6264/6264 6261/6261 6299/6299
f 6300/6300 6261/6261 6285/6285
f 6269/6269 6285/6285 6261/6261
f 6300/6300 6285/6285 6297/6297
f 6286/6286 6297/6297 6285/6285
f 6300/6300 6297/6297 6299/6299
f 6298/6298 6299/6299 6297/6297
f 6302/6302 6301/6301 6303/6303
f 6304/6304 6303/6303 6301/6301
f 6302/6302 6303/6303 6305/6305
f 6306/6306 6305/6305 6303/6303
f 6302/6302 6305/6305 6307/6307
f 6308/6308 6307/6307 6305/6305
f 6302/6302 6307/6307 6301/6301
f 6309/6309 6301/6301 6307/6307
f 6311/6311 6310/6310 6312/6312
f 6313/6313 6312/6312 6310/6310
f 6311/6311 6312/6312 6314/6314
f 6315/6315 6314/6314 6312/6312
f 6311/6311 6314/6314 6305/6305
f 6308/6308 6305/6305 6314/6314
f 6311/6311 6305/6305 6310/6310
f 6306/6306 6310/6310 6305/6305
f 6317/6317 6316/6316 6318/6318
f 6319/6319 6318/6318 6316/6316
f 6317/6317 6318/6318 6320/6320
f 6321/6321 6320/6320 6318/6318
f 6317/6317 6320/6320 6314/6314
f 6308/6308 6314/6314 6320/6320
f 6317/6317 6314/6314 6316/6316
f 6315/6315 6316/6316 6314/6314
f 6323/6323 6322/6322 6324/6324
f 6325/6325 6324/6324 6322/6322
f 6323/6323 6324/6324 6307/6307
f 6309/6309 6307/6307 6324/6324
f 6323/6323 6307/6307 6320/6320
f 6308/6308 6320/6320 6307/6307
f 6323/6323 6320/6320 6322/6322
f 6321/6321 6322/6322 6320/6320
f 6327/6327 6326/6326 6328/6328
f 6329/6329 6328/6328 6326/6326
f 6327/6327 6328/6328 6330/6330
f 6331/6331 6330/6330 6328/6328
f 6327/6327 6330/6330 6332/6332
f 6333/6333 6332/6332 6330/6330
f 6327/6327 6332/6332 6326/6326
f 6334/6334 6326/6326 6332/6332
f 6336/6336 6335/6335 6301/6301
f 6304/6304 6301/6301 6335/6335
f 6336/6336 6301/6301 6337/6337
f 6309/6309 6337/6337 6301/6301
f 6336/6336 6337/6337 6330/6330
f 6333/6333 6330/6330 6337/6337
f 6336/6336 6330/6330 6335/6335
f 6331/6331 6335/6335 6330/6330
f 6338/6338 6324/6324 6339/6339
f 6325/6325 6339/6339 6324/6324
f 6338/6338 6339/6339 6340/6340
f 6341/6341 6340/6340 6339/6339
f 6338/6338 6340/6340 6337/6337
f 6333/6333 6337/6337 6340/6340
f 6338/6338 6337/6337 6324/6324
f 6309/6309 6324/6324 6337/6337
f 6343/6343 6342/6342 6344/6344
f 6345/6345 6344/6344 6342/6342
f 6343/6343 6344/6344 6332/6332
f 6334/6334 6332/6332 6344/6344
f 6343/6343 6332/6332 6340/6340
f 6333/6333 6340/6340 6332/6332
f 6343/6343 6340/6340 6342/6342
f 6341/6341 6342/6342 6340/6340
f 6347/6347 6346/6346 6348/6348
f 6349/6349 6348/6348 6346/6346
f 6347/6347 6348/6348 6350/6350
f 6351/6351 6350/6350 6348/6348
f 6347/6347 6350/6350 6352/6352
f 6353/6353 6352/6352 6350/6350
f 6347/6347 6352/6352 6346/6346
f 6354/6354 6346/6346 6352/6352
f 6356/6356 6355/6355 6326/6326
f 6329/6329 6326/6326 6355/6355
f 6356/6356 6326/6326 6357/6357
f 6334/6334 6357/6357 6326/6326
f 6356/6356 6357/6357 6350/6350
f 6353/6353 6350/6350 6357/6357
f 6356/6356 6350/6350 6355/6355
f 6351/6351 6355/6355 6350/6350
f 6358/6358 6344/6344 6359/6359
f 6345/6345 6359/6359 6344/6344
f 6358/6358 6359/6359 6360/6360
f 6361/6361 6360/6360 6359/6359
f 6358/6358 6360/6360 6357/6357
f 6353/6353 6357/6357 6360/6360
f 6358/6358 6357/6357 6344/6344
f 6334/6334 6344/6344 6357/6357
f 6363/6363 6362/6362 6364/6364
f 6365/6365 6364/6364 6362/6362
f 6363/6363 6364/6364 6352/6352
f 6354/6354 6352/6352 6364/6364
f 6363/6363 6352/6352 6360/6360
f 6353/6353 6360/6360 6352/6352
f 6363/6363 6360/6360 6362/6362
f 6361/6361 6362/6362 6360/6360
f 6367/6367 6366/6366 6368/6368
f 6369/6369 6368/6368 6366/6366
f 6367/6367 6368/6368 6370/6370
f 6371/6371 6370/6370 6368/6368
f 6367/6367 6370/6370 6372/6372
f 6373/6373 6372/6372 6370/6370
f 6367/6367 6372/6372 6366/6366
f 6374/6374 6366/6366 6372/6372
f 6376/6376 6375/6375 6346/6346
f 6349/6349 6346/6346 6375/6375
f 6376/6376 6346/6346 6377/6377
f 6354/6354 6377/6377 6346/6346
f 6376/6376 6377/6377 6370/6370
f 6373/6373 6370/6370 6377/6377
f 6376/6376 6370/6370 6375/6375
f 6371/6371 6375/6375 6370/6370
f 6378/6378 6364/6364 6379/6379
f 6365/6365 6379/6379 6364/6364
f 6378/6378 6379/6379 6380/6380
f 6381/6381 6380/6380 6379/6379
f 6378/6378 6380/6380 6377/6377
f 6373/6373 6377/6377 6380/6380
f 6378/6378 6377/6377 6364/6364
f 6354/6354 6364/6364 6377/6377
f 6383/6383 6382/6382 6384/6384
f 6385/6385 6384/6384 6382/6382
f 6383/6383 6384/6384 6372/6372
f 6374/6374 6372/6372 6384/6384
f 6383/6383 6372/6372 6380/6380
f 6373/6373 6380/6380 6372/6372
f 6383/6383 6380/6380 6382/6382
f 6381/6381 6382/6382 6380/6380
f 6386/6386 6384/6384 6387/6387
f 6385/6385 6387/6387 6384/6384
f 6386/6386 6387/6387 6388/6388
f 6389/6389 6388/6388 6387/6387
f 6386/6386 6388/6388 6390/6390
f 6391/6391 6390/6390 6388/6388
f 6386/6386 6390/6390 6384/6384
f 6374/6374 6384/6384 6390/6390
f 6393/6393 6392/6392 6394/6394
f 6395/6395 6394/6394 6392/6392
f 6393/6393 6394/6394 6396/6396
f 6397/6397 6396/6396 6394/6394
f 6393/6393 6396/6396 6388/6388
f 6391/6391 6388/6388 6396/6396
f 6393/6393 6388/6388 6392/6392
f 6389/6389 6392/6392 6388/6388
f 6399/6399 6398/6398 6400/6400
f 6401/6401 6400/6400 6398/6398
f 6399/6399 6400/6400 6402/6402
f 6403/6403 6402/6402 6400/6400
f 6399/6399 6402/6402 6396/6396
f 6391/6391 6396/6396 6402/6402
f 6399/6399 6396/6396 6398/6398
f 6397/6397 6398/6398 6396/6396
f 6405/6405 6404/6404 6366/6366
f 6369/6369 6366/6366 6404/6404
f 6405/6405 6366/6366 6390/6390
f 6374/6374 6390/6390 6366/6366
f 6405/6405 6390/6390 6402/6402
f 6391/6391 6402/6402 6390/6390
f 6405/6405 6402/6402 6404/6404
f 6403/6403 6404/6404 6402/6402
f 6407/6407 6406/6406 6408/6408
f 6409/6409 6408/6408 6406/6406
f 6407/6407 6408/6408 6410/6410
f 6411/6411 6410/6410 6408/6408
f 6407/6407 6410/6410 6412/6412
f 6413/6413 6412/6412 6410/6410
f 6407/6407 6412/6412 6406/6406
f 6414/6414 6406/6406 6412/6412
f 6416/6416 6415/6415 6417/6417
f 6418/6418 6417/6417 6415/6415
f 6416/6416 6417/6417 6419/6419
f 6420/6420 6419/6419 6417/6417
f 6416/6416 6419/6419 6410/6410
f 6413/6413 6410/6410 6419/6419
f 6416/6416 6410/6410 6415/6415
f 6411/6411 6415/6415 6410/6410
f 6422/6422 6421/6421 6423/6423
f 6424/6424 6423/6423 6421/6421
f 6422/6422 6423/6423 6425/6425
f 6426/6426 6425/6425 6423/6423
f 6422/6422 6425/6425 6419/6419
f 6413/6413 6419/6419 6425/6425
f 6422/6422 6419/6419 6421/6421
f 6420/6420 6421/6421 6419/6419
f 6428/6428 6427/6427 6429/6429
f 6430/6430 6429/6429 6427/6427
f 6428/6428 6429/6429 6412/6412
f 6414/6414 6412/6412 6429/6429
f 6428/6428 6412/6412 6425/6425
f 6413/6413 6425/6425 6412/6412
f 6428/6428 6425/6425 6427/6427
f 6426/6426 6427/6427 6425/6425
f 6432/6432 6431/6431 6433/6433
f 6434/6434 6433/6433 6431/6431
f 6432/6432 6433/6433 6435/6435
f 6436/6436 6435/6435 6433/6433
f 6432/6432 6435/6435 6437/6437
f 6438/6438 6437/6437 6435/6435
f 6432/6432 6437/6437 6431/6431
f 6439/6439 6431/6431 6437/6437
f 6441/6441 6440/6440 6406/6406
f 6409/6409 6406/6406 6440/6440
f 6441/6441 6406/6406 6442/6442
f 6414/6414 6442/6442 6406/6406
f 6441/6441 6442/6442 6435/6435
f 6438/6438 6435/6435 6442/6442
f 6441/6441 6435/6435 6440/6440
f 6436/6436 6440/6440 6435/6435
f 6443/6443 6429/6429 6444/6444
f 6430/6430 6444/6444 6429/6429
f 6443/6443 6444/6444 6445/6445
f 6446/6446 6445/6445 6444/6444
f 6443/6443 6445/6445 6442/6442
f 6438/6438 6442/6442 6445/6445
f 6443/6443 6442/6442 6429/6429
f 6414/6414 6429/6429 6442/6442
f 6448/6448 6447/6447 6449/6449
f 6450/6450 6449/6449 6447/6447
f 6448/6448 6449/6449 6437/6437
f 6439/6439 6437/6437 6449/6449
f 6448/6448 6437/6437 6445/6445
f 6438/6438 6445/6445 6437/6437
f 6448/6448 6445/6445 6447/6447
f 6446/6446 6447/6447 6445/6445
f 6452/6452 6451/6451 6453/6453
f 6454/6454 6453/6453 6451/6451
f 6452/6452 6453/6453 6455/6455
f 6456/6456 6455/6455 6453/6453
f 6452/6452 6455/6455 6457/6457
f 6458/6458 6457/6457 6455/6455
f 6452/6452 6457/6457 6451/6451
f 6459/6459 6451/6451 6457/6457
f 6461/6461 6460/6460 6431/6431
f 6434/6434 6431/6431 6460/6460
f 6461/6461 6431/6431 6462/6462
f 6439/6439 6462/6462 6431/6431
f 6461/6461 6462/6462 6455/6455
f 6458/6458 6455/6455 6462/6462
f 6461/6461 6455/6455 6460/6460
f 6456/6456 6460/6460 6455/6455
f 6463/6463 6449/6449 6464/6464
f 6450/6450 6464/6464 6449/6449
f 6463/6463 6464/6464 6465/6465
f 6466/6466 6465/6465 6464/6464
f 6463/6463 6465/6465 6462/6462
f 6458/6458 6462/6462 6465/6465
f 6463/6463 6462/6462 6449/6449
f 6439/6439 6449/6449 6462/6462
f 6468/6468 6467/6467 6469/6469
f 6470/6470 6469/6469 6467/6467
f 6468/6468 6469/6469 6457/6457
f 6459/6459 6457/6457 6469/6469
f 6468/6468 6457/6457 6465/6465
f 6458/6458 6465/6465 6457/6457
f 6468/6468 6465/6465 6467/6467
f 6466/6466 6467/6467 6465/6465
f 6472/6472 6471/6471 6473/6473
f 6474/6474 6473/6473 6471/6471
f 6472/6472 6473/6473 6475/6475
f 6476/6476 6475/6475 6473/6473
f 6472/6472 6475/6475 6477/6477
f 6478/6478 6477/6477 6475/6475
f 6472/6472 6477/6477 6471/6471
f 6479/6479 6471/6471 6477/6477
f 6481/6481 6480/6480 6451/6451
f 6454/6454 6451/6451 6480/6480
f 6481/6481 6451/6451 6482/6482
f 6459/6459 6482/6482 6451/6451
f 6481/6481 6482/6482 6475/6475
f 6478/6478 6475/6475 6482/6482
f 6481/6481 6475/6475 6480/6480
f 6476/6476 6480/6480 6475/6475
f 6483/6483 6469/6469 6484/6484
f 6470/6470 6484/6484 6469/6469
f 6483/6483 6484/6484 6485/6485
f 6486/6486 6485/6485 6484/6484
f 6483/6483 6485/6485 6482/6482
f 6478/6478 6482/6482 6485/6485
f 6483/6483 6482/6482 6469/6469
f 6459/6459 6469/6469 6482/6482
f 6488/6488 6487/6487 6489/6489
f 6490/6490 6489/6489 6487/6487
f 6488/6488 6489/6489 6477/6477
f 6479/6479 6477/6477 6489/6489
f 6488/6488 6477/6477 6485/6485
f 6478/6478 6485/6485 6477/6477
f 6488/6488 6485/6485 6487/6487
f 6486/6486 6487/6487 6485/6485
f 6491/6491 6489/6489 6492/6492
f 6490/6490 6492/6492 6489/6489
f 6491/6491 6492/6492 6493/6493
f 6494/6494 6493/6493 6492/6492
f 6491/6491 6493/6493 6495/6495
f 6496/6496 6495/6495 6493/6493
f 6491/6491 6495/6495 6489/6489
f 6479/6479 6489/6489 6495/6495
f 6498/6498 6497/6497 6499/6499
f 6500/6500 6499/6499 6497/6497
f 6498/6498 6499/6499 6501/6501
f 6502/6502 6501/6501 6499/6499
f 6498/6498 6501/6501 6493/6493
f 6496/6496 6493/6493 6501/6501
f 6498/6498 6493/6493 6497/6497
f 6494/6494 6497/6497 6493/6493
f 6504/6504 6503/6503 6505/6505
f 6506/6506 6505/6505 6503/6503
f 6504/6504 6505/6505 6507/6507
f 6508/6508 6507/6507 6505/6505
f 6504/6504 6507/6507 6501/6501
f 6496/6496 6501/6501 6507/6507
f 6504/6504 6501/6501 6503/6503
f 6502/6502 6503/6503 6501/6501
f 6510/6510 6509/6509 6471/6471
f 6474/6474 6471/6471 6509/6509
f 6510/6510 6471/6471 6495/6495
f 6479/6479 6495/6495 6471/6471
f 6510/6510 6495/6495 6507/6507
f 6496/6496 6507/6507 6495/6495
f 6510/6510 6507/6507 6509/6509
f 6508/6508 6509/6509 6507/6507
f 6512/6512 6511/6511 6513/6513
f 6514/6514 6513/6513 6511/6511
f 6512/6512 6513/6513 6515/6515
f 6516/6516 6515/6515 6513/6513
f 6512/6512 6515/6515 6517/6517
f 6518/6518 6517/6517 6515/6515
f 6512/6512 6517/6517 6511/6511
f 6519/6519 6511/6511 6517/6517
f 6521/6521 6520/6520 6522/6522
f 6523/6523 6522/6522 6520/6520
f 6521/6521 6522/6522 6524/6524
f 6525/6525 6524/6524 6522/6522
f 6521/6521 6524/6524 6515/6515
f 6518/6518 6515/6515 6524/6524
f 6521/6521 6515/6515 6520/6520
f 6516/6516 6520/6520 6515/6515
f 6527/6527 6526/6526 6528/6528
f 6529/6529 6528/6528 6526/6526
f 6527/6527 6528/6528 6530/6530
f 6531/6531 6530/6530 6528/6528
f 6527/6527 6530/6530 6524/6524
f 6518/6518 6524/6524 6530/6530
f 6527/6527 6524/6524 6526/6526
f 6525/6525 6526/6526 6524/6524
f 6533/6533 6532/6532 6534/6534
f 6535/6535 6534/6534 6532/6532
f 6533/6533 6534/6534 6517/6517
f 6519/6519 6517/6517 6534/6534
f 6533/6533 6517/6517 6530/6530
f 6518/6518 6530/6530 6517/6517
f 6533/6533 6530/6530 6532/6532
f 6531/6531 6532/6532 6530/6530
f 6537/6537 6536/6536 6538/6538
f 6539/6539 6538/6538 6536/6536
f 6537/6537 6538/6538 6540/6540
f 6541/6541 6540/6540 6538/6538
f 6537/6537 6540/6540 6542/6542
f 6543/6543 6542/6542 6540/6540
f 6537/6537 6542/6542 6536/6536
f 6544/6544 6536/6536 6542/6542
f 6546/6546 6545/6545 6511/6511
f 6514/6514 6511/6511 6545/6545
f 6546/6546 6511/6511 6547/6547
f 6519/6519 6547/6547 6511/6511
f 6546/6546 6547/6547 6540/6540
f 6543/6543 6540/6540 6547/6547
f 6546/6546 6540/6540 6545/6545
f 6541/6541 6545/6545 6540/6540
f 6548/6548 6534/6534 6549/6549
f 6535/6535 6549/6549 6534/6534
f 6548/6548 6549/6549 6550/6550
f 6551/6551 6550/6550 6549/6549
f 6548/6548 6550/6550 6547/6547
f 6543/6543 6547/6547 6550/6550
f 6548/6548 6547/6547 6534/6534
f 6519/6519 6534/6534 6547/6547
f 6553/6553 6552/6552 6554/6554
f 6555/6555 6554/6554 6552/6552
f 6553/6553 6554/6554 6542/6542
f 6544/6544 6542/6542 6554/6554
f 6553/6553 6542/6542 6550/6550
f 6543/6543 6550/6550 6542/6542
f 6553/6553 6550/6550 6552/6552
f 6551/6551 6552/6552 6550/6550
f 6557/6557 6556/6556 6558/6558
f 6559/6559 6558/6558 6556/6556
f 6557/6557 6558/6558 6560/6560
f 6561/6561 6560/6560 6558/6558
f 6557/6557 6560/6560 6562/6562
f 6563/6563 6562/6562 6560/6560
f 6557/6557 6562/6562 6556/6556
f 6564/6564 6556/6556 6562/6562
f 6566/6566 6565/6565 6536/6536
f 6539/6539 6536/6536 6565/6565
f 6566/6566 6536/6536 6567/6567
f 6544/6544 6567/6567 6536/6536
f 6566/6566 6567/6567 6560/6560
f 6563/6563 6560/6560 6567/6567
f 6566/6566 6560/6560 6565/6565
f 6561/6561 6565/6565 6560/6560
f 6568/6568 6554/6554 6569/6569
f 6555/6555 6569/6569 6554/6554
f 6568/6568 6569/6569 6570/6570
f 6571/6571 6570/6570 6569/6569
f 6568/6568 6570/6570 6567/6567
f 6563/6563 6567/6567 6570/6570
f 6568/6568 6567/6567 6554/6554
f 6544/6544 6554/6554 6567/6567
f 6573/6573 6572/6572 6574/6574
f 6575/6575 6574/6574 6572/6572
f 6573/6573 6574/6574 6562/6562
f 6564/6564 6562/6562 6574/6574
f 6573/6573 6562/6562 6570/6570
f 6563/6563 6570/6570 6562/6562
f 6573/6573 6570/6570 6572/6572
f 6571/6571 6572/6572 6570/6570
f 6577/6577 6576/6576 6578/6578
f 6579/6579 6578/6578 6576/6576
f 6577/6577 6578/6578 6580/6580
f 6581/6581 6580/6580 6578/6578
f 6577/6577 6580/6580 6582/6582
f 6583/6583 6582/6582 6580/6580
f 6577/6577 6582/6582 6576/6576
f 6584/6584 6576/6576 6582/6582
f 6586/6586 6585/6585 6556/6556
f 6559/6559 6556/6556 6585/6585
f 6586/6586 6556/6556 6587/6587
f 6564/6564 6587/6587 6556/6556
f 6586/6586 6587/6587 6580/6580
f 6583/6583 6580/6580 6587/6587
f 6586/6586 6580/6580 6585/6585
f 6581/6581 6585/6585 6580/6580
f 6588/6588 6574/6574 6589/6589
f 6575/6575 6589/6589 6574/6574
f 6588/6588 6589/6589 6590/6590
f 6591/6591 6590/6590 6589/6589
f 6588/6588 6590/6590 6587/6587
f 6583/6583 6587/6587 6590/6590
f 6588/6588 6587/6587 6574/6574
f 6564/6564 6574/6574 6587/6587
f 6593/6593 6592/6592 6594/6594
f 6595/6595 6594/6594 6592/6592
f 6593/6593 6594/6594 6582/6582
f 6584/6584 6582/6582 6594/6594
f 6593/6593 6582/6582 6590/6590
f 6583/6583 6590/6590 6582/6582
f 6593/6593 6590/6590 6592/6592
f 6591/6591 6592/6592 6590/6590
f 6596/6596 6594/6594 6597/6597
f 6595/6595 6597/6597 6594/6594
f 6596/6596 6597/6597 6598/6598
f 6599/6599 6598/6598 6597/6597
f 6596/6596 6598/6598 6600/6600
f 6601/6601 6600/6600 6598/6598
f 6596/6596 6600/6600 6594/6594
f 6584/6584 6594/6594 6600/6600
f 6603/6603 6602/6602 6604/6604
f 6605/6605 6604/6604 6602/6602
f 6603/6603 6604/6604 6606/6606
f 6607/6607 6606/6606 6604/6604
f 6603/6603 6606/6606 6598/6598
f 6601/6601 6598/6598 6606/6606
f 6603/6603 6598/6598 6602/6602
f 6599/6599 6602/6602 6598/6598
f 6609/6609 6608/6608 6610/6610
f 6611/6611 6610/6610 6608/6608
f 6609/6609 6610/6610 6612/6612
f 6613/6613 6612/6612 6610/6610
f 6609/6609 6612/6612 6606/6606
f 6601/6601 6606/6606 6612/6612
f 6609/6609 6606/6606 6608/6608
f 6607/6607 6608/6608 6606/6606
f 6615/6615 6614/6614 6576/6576
f 6579/6579 6576/6576 6614/6614
f 6615/6615 6576/6576 6600/6600
f 6584/6584 6600/6600 6576/6576
f 6615/6615 6600/6600 6612/6612
f 6601/6601 6612/6612 6600/6600
f 6615/6615 6612/6612 6614/6614
f 6613/6613 6614/6614 6612/6612

v -4.170939 1.547980 5.583849
v -4.328835 1.506364 5.658403
v -4.555449 1.506592 5.234635
v -4.397976 1.548496 5.160450
v -4.478200 1.458949 5.725533
v -4.704769 1.459146 5.301725
v -4.102423 1.506273 6.082345
v -4.251425 1.458611 6.149159
v -3.943834 1.547418 6.007189
v -4.849160 1.408350 5.364527
v -4.622881 1.408350 5.788586
v -4.764049 1.355362 5.848583
v -4.990327 1.355362 5.424524
v -4.396602 1.408350 6.212645
v -4.537769 1.355362 6.272642
v -4.311491 1.355362 6.696701
v -4.170323 1.408350 6.636704
v -3.944045 1.408350 7.060763
v -4.085212 1.355362 7.120760
v -4.025643 1.458949 6.573650
v -3.799654 1.459146 6.997962
v -3.650334 1.506592 6.930871
v -3.876278 1.506364 6.506521
v -3.718381 1.547980 6.431968
v -3.492861 1.548496 6.856686
v -3.478565 1.602505 5.228843
v -3.657260 1.616568 5.323789
v -3.883486 1.617363 4.899730
v -3.704724 1.604307 4.804785
v -3.833780 1.607966 5.415671
v -4.060303 1.608852 4.991864
v -3.431002 1.616249 5.747848
v -3.607082 1.606447 5.839297
v -3.252415 1.600541 5.652902
v -4.232964 1.585275 5.079706
v -4.006350 1.585047 5.503474
v -3.779938 1.584956 5.927416
v -3.553793 1.585047 6.351592
v -3.327849 1.585275 6.775941
v -3.381223 1.607966 6.263789
v -3.155188 1.608852 6.688101
v -2.978371 1.617363 6.595966
v -3.204703 1.616568 6.171907
v -3.026007 1.602505 6.076962
v -2.799609 1.604307 6.501021
v -2.791524 1.375682 4.859180
v -2.956246 1.454533 4.948162
v -3.182319 1.454715 4.523983
v -3.017335 1.376095 4.434850
v -3.126773 1.520379 5.040192
v -3.352827 1.521227 4.616029
v -2.730050 1.454459 5.372269
v -2.900878 1.518928 5.464428
v -2.565753 1.375231 5.283535
v -3.527144 1.573334 4.709834
v -3.300918 1.572539 5.133893
v -3.074660 1.572221 5.557951
v -2.848361 1.572539 5.982011
v -2.622029 1.573334 6.406070
v -2.674215 1.520379 5.888309
v -2.447712 1.521227 6.312265
v -2.277204 1.454715 6.220220
v -2.503688 1.454533 5.796280
v -2.338966 1.375682 5.707298
v -2.112220 1.376095 6.131086
v -2.173913 0.974527 4.524763
v -2.323564 1.095660 4.606441
v -2.549829 1.096250 4.182403
v -2.400162 0.975865 4.100752
v -2.475709 1.199829 4.688828
v -2.701798 1.200499 4.264684
v -2.097290 1.095424 5.030491
v -2.249756 1.198682 5.113033
v -1.947666 0.973070 4.948769
v -2.856994 1.293363 4.348413
v -2.630921 1.293181 4.772591
v -2.404725 1.293108 5.196698
v -2.178364 1.293181 5.620709
v -1.951879 1.293363 6.044649
v -2.023152 1.199829 5.536947
v -1.796683 1.200499 5.960921
v -1.644714 1.096250 5.878639
v -1.871006 1.095660 5.454559
v -1.721355 0.974527 5.372881
v -1.495047 0.975865 5.796989
v -1.571965 0.841592 5.290774
v -1.345673 0.842182 5.714855
v -1.422905 0.693608 5.208122
v -1.196616 0.694120 5.632200
v -1.798249 0.841356 4.866707
v -1.649204 0.692732 4.784031
v -1.047750 0.537363 5.549229
v -1.274029 0.537363 5.125169
v -1.125288 0.374922 5.041992
v -0.899010 0.374922 5.466051
v -1.500307 0.537363 4.701110
v -1.351567 0.374922 4.617933
v -1.577846 0.374922 4.193873
v -1.726586 0.537363 4.277051
v -1.952865 0.537363 3.852992
v -1.804124 0.374922 3.769814
v -1.875463 0.693608 4.360003
v -2.101731 0.694120 3.935963
v -2.250788 0.842182 4.018619
v -2.024522 0.841592 4.442657
v -2.510390 1.121184 1.972061
v -2.597167 1.068013 1.838153
v -2.223196 0.969197 1.607657
v -2.136756 1.022613 1.741135
v -2.677189 1.009890 1.712713
v -2.303185 0.911048 1.482253
v -2.971300 1.166950 2.068462
v -3.051037 1.108613 1.943377
v -2.883975 1.219718 2.203058
v -2.379268 0.850039 1.361742
v -2.753504 0.949051 1.591918
v -2.827040 0.886170 1.474613
v -2.452803 0.787158 1.244436
v -3.127744 1.048061 1.822090
v -3.201278 0.985182 1.704786
v -3.575514 1.084195 1.934953
v -3.501980 1.147075 2.052263
v -3.876219 1.246086 2.282431
v -3.949750 1.183206 2.165130
v -3.425666 1.207914 2.173055
v -3.800133 1.307094 2.402940
v -3.720146 1.365244 2.528338
v -3.345642 1.266037 2.298501
v -3.258866 1.319209 2.432409
v -3.633705 1.418663 2.661826
v -2.120964 1.233718 2.580194
v -2.220792 1.230784 2.418488
v -1.846449 1.132504 2.188226
v -1.746481 1.136369 2.349819
v -2.320639 1.207119 2.262591
v -1.946532 1.108913 2.032050
v -2.595075 1.329500 2.648694
v -2.694647 1.304752 2.493392
v -2.495474 1.330922 2.810591
v -2.044345 1.071661 1.882108
v -2.418314 1.170478 2.112616
v -2.792447 1.269409 2.342918
v -3.166790 1.368499 2.572957
v -3.541293 1.467705 2.802800
v -3.069114 1.405146 2.722934
v -3.443487 1.504960 2.952736
v -3.343396 1.528553 3.108911
v -2.969268 1.428808 2.878829
v -2.869438 1.431744 3.040537
v -3.243427 1.532415 3.270503
v -1.755891 1.086994 3.231934
v -1.840487 1.144509 3.071408
v -1.466099 1.045681 2.841388
v -1.381316 0.988396 3.002104
v -1.930084 1.189665 2.907986
v -1.555621 1.091448 2.677865
v -2.214784 1.243447 3.301520
v -2.304708 1.287316 3.138067
v -2.130502 1.185554 3.461733
v -1.648988 1.123718 2.513459
v -2.023332 1.221995 2.743724
v -2.397613 1.320716 2.973930
v -2.771804 1.420021 3.204065
v -3.145934 1.519765 3.434146
v -2.678559 1.387688 3.368329
v -3.052571 1.487494 3.598553
v -2.963047 1.441726 3.762076
v -2.588963 1.342533 3.531754
v -2.504368 1.285016 3.692279
v -2.878263 1.384442 3.922794
v -1.452050 0.775132 3.852251
v -1.523079 0.872588 3.697784
v -1.148782 0.774118 3.467524
v -1.077675 0.677349 3.621874
v -1.597225 0.954283 3.544039
v -1.222802 0.855900 3.313916
v -1.897343 0.971383 3.927995
v -1.971774 1.052217 3.774120
v -1.826434 0.872802 4.082646
v -1.299934 0.926991 3.159419
v -1.674319 1.025821 3.389440
v -2.048617 1.124756 3.619551
v -2.422793 1.223842 3.849782
v -2.796882 1.323038 4.080106
v -2.345698 1.152306 4.004382
v -2.719754 1.251946 4.234607
v -2.645732 1.170166 4.388214
v -2.271556 1.070611 4.158130
v -2.200522 0.973155 4.312593
v -2.574624 1.073395 4.542562
v -2.130689 0.864844 4.468863
v -2.504864 0.964400 4.698946
v -2.062376 0.742694 4.627436
v -2.436564 0.842176 4.857530
v -1.756473 0.765616 4.238729
v -1.688228 0.642876 4.397398
v -2.369143 0.711958 5.017444
v -1.994908 0.612945 4.787271
v -1.928062 0.477498 4.948053
v -2.302301 0.576510 5.178224
v -1.620668 0.513933 4.557099
v -1.553827 0.378485 4.717881
v -1.179594 0.279474 4.487712
v -1.246431 0.414922 4.326927
v -0.872195 0.315910 4.096756
v -0.805352 0.180463 4.257540
v -1.313904 0.544671 4.167092
v -0.939617 0.446129 3.936843
v -1.007917 0.568352 3.778259
v -1.382214 0.666821 4.008519
v -0.579265 1.290837 7.209816
v -0.514129 1.236910 7.355377
v -0.905572 1.284778 7.573523
v -0.970324 1.338912 7.428362
v -0.456724 1.178872 7.492853
v -0.848208 1.226722 7.710955
v -0.122505 1.189139 7.137422
v -0.065429 1.130925 7.274550
v -0.188268 1.242732 6.991205
v -0.795311 1.166287 7.843712
v -0.403565 1.118579 7.625883
v -0.353589 1.056594 7.755584
v -0.745335 1.104302 7.973413
v -0.011817 1.070872 7.408055
v 0.038158 1.008885 7.537755
v 0.429905 0.961178 7.319925
v 0.379931 1.023162 7.190225
v 0.771677 0.975454 6.972396
v 0.821650 0.913470 7.102097
v 0.326770 1.083456 7.057193
v 0.718777 1.035887 6.839642
v 0.661414 1.093948 6.702205
v 0.269367 1.141495 6.919722
v 0.204229 1.195423 6.774161
v 0.596663 1.148080 6.557049
v -0.907805 1.412261 6.567636
v -0.816226 1.406594 6.734271
v -1.207867 1.455043 6.952078
v -1.299314 1.461644 6.785415
v -0.730491 1.380375 6.898154
v -1.121885 1.428860 7.116237
v -0.424520 1.358589 6.516454
v -0.339352 1.331329 6.679886
v -0.516316 1.362725 6.349864
v -1.041907 1.389411 7.276058
v -0.650465 1.341543 7.057910
v -0.258838 1.293772 6.839957
v 0.133031 1.246129 6.622252
v 0.525081 1.198580 6.404742
v 0.053003 1.284960 6.462496
v 0.445105 1.238031 6.244920
v 0.359122 1.264209 6.080761
v -0.032728 1.311177 6.298615
v -0.124310 1.316844 6.131979
v 0.267673 1.270812 5.914097
v -1.286934 1.274344 5.921244
v -1.192488 1.330069 6.077034
v -1.584323 1.377968 6.294677
v -1.678882 1.322489 6.138652
v -1.096873 1.373122 6.237787
v -1.488604 1.421640 6.455436
v -0.800705 1.282284 5.859279
v -0.705148 1.324031 6.020267
v -0.894969 1.226160 5.703872
v -1.393115 1.451580 6.619257
v -1.001474 1.403131 6.401450
v -0.609769 1.355127 6.183631
v -0.217979 1.307717 5.965793
v 0.173870 1.260747 5.747942
v -0.313379 1.277707 5.802130
v 0.078383 1.230807 5.584119
v -0.017335 1.187137 5.423362
v -0.408992 1.234652 5.641376
v -0.503439 1.178928 5.485584
v -0.111896 1.131654 5.267337
v -1.655669 0.967602 5.333602
v -1.562574 1.064051 5.476783
v -1.954223 1.112303 5.694620
v -2.047195 1.016546 5.551448
v -1.471029 1.144574 5.621724
v -1.862768 1.192922 5.839399
v -1.170865 1.016124 5.258951
v -1.079295 1.095771 5.404161
v -1.264164 0.918548 5.115756
v -1.771438 1.262674 5.986803
v -1.379604 1.214773 5.769160
v -0.987821 1.166988 5.551404
v -0.596110 1.119357 5.333502
v -0.204450 1.071841 5.115487
v -0.687533 1.049158 5.186066
v -0.295780 1.002089 4.968084
v -0.387235 0.921469 4.823304
v -0.779079 0.968632 5.041125
v -0.872176 0.872186 4.897945
v -0.480208 0.825714 4.680134
v -0.967220 0.764835 4.754620
v -0.575378 0.717672 4.536800
v -1.064754 0.643580 4.611111
v -0.672921 0.596345 4.393286
v -1.359009 0.812325 4.972446
v -1.456644 0.690478 4.828928
v -0.771900 0.466984 4.249668
v -1.163646 0.514691 4.467497
v -1.263564 0.380079 4.323809
v -0.871817 0.332371 4.105978
v -1.555395 0.562399 4.685328
v -1.655311 0.427786 4.541637
v -2.047058 0.475495 4.759468
v -1.947140 0.610108 4.903155
v -2.338885 0.657816 5.120986
v -2.438803 0.523204 4.977295
v -1.848246 0.738996 5.046766
v -2.239908 0.787177 5.264602
v -2.142365 0.908504 5.408113
v -1.750716 0.860251 5.190278
v 1.569180 1.398189 3.417532
v 1.739889 1.337999 3.344934
v 1.984647 1.398822 3.802080
v 1.814407 1.459256 3.874236
v 1.901158 1.272939 3.281162
v 2.145863 1.333738 3.738359
v 1.495358 1.277293 2.887578
v 1.656224 1.212022 2.824183
v 1.323877 1.337086 2.960895
v 2.301633 1.265836 3.679736
v 2.057247 1.205204 3.222239
v 2.209447 1.135464 3.166952
v 2.453841 1.196097 3.624441
v 1.812860 1.144572 2.764745
v 1.965060 1.074831 2.709459
v 1.720675 1.014199 2.251962
v 1.568475 1.083938 2.307248
v 1.324086 1.023304 1.849756
v 1.476289 0.953566 1.794473
v 1.412387 1.151672 2.366172
v 1.168321 1.091205 1.908384
v 1.007096 1.156293 1.972104
v 1.251118 1.216733 2.429943
v 1.080415 1.276928 2.502540
v 0.836860 1.216725 2.044264
v 0.817352 1.528960 3.786009
v 1.012106 1.524935 3.682953
v 1.256457 1.586425 4.140321
v 1.061659 1.591529 4.243219
v 1.203923 1.497076 3.586706
v 1.448599 1.558611 4.043792
v 0.767740 1.463957 3.225507
v 0.959042 1.434889 3.129914
v 0.573057 1.466213 3.328821
v 1.635828 1.515385 3.954202
v 1.391073 1.454560 3.497053
v 1.146545 1.393854 3.039695
v 0.902300 1.333298 2.582063
v 0.658285 1.272851 2.124225
v 0.715149 1.375813 2.671718
v 0.471051 1.316085 2.213811
v 0.278907 1.343891 2.310344
v 0.523334 1.403668 2.767960
v 0.328581 1.407693 2.871017
v 0.084106 1.349001 2.413245
v 0.064233 1.359453 4.214123
v 0.245411 1.426339 4.107290
v 0.489578 1.487193 4.564880
v 0.308120 1.420585 4.671842
v 0.432583 1.478629 3.999243
v 0.676745 1.540197 4.456710
v 0.001111 1.365620 3.649755
v 0.188576 1.416400 3.541784
v -0.179611 1.298276 3.756386
v 0.867690 1.577352 4.348925
v 0.623339 1.515864 3.891558
v 0.378968 1.454887 3.434112
v 0.134566 1.394597 2.976567
v -0.109854 1.334821 2.518950
v -0.056191 1.357366 3.084252
v -0.300802 1.297664 2.626735
v -0.487967 1.244659 2.734904
v -0.243362 1.305072 3.192295
v -0.424542 1.238187 3.299133
v -0.669423 1.178051 2.841862
v -0.617716 0.995370 4.631976
v -0.451877 1.109214 4.526306
v -0.207489 1.170478 4.983682
v -0.373326 1.057433 5.089210
v -0.283746 1.204650 4.422529
v -0.039548 1.266021 4.880010
v -0.696264 1.048327 4.068856
v -0.527807 1.142752 3.965061
v -0.862103 0.933178 4.174767
v 0.131617 1.349021 4.776573
v -0.112552 1.288167 4.318983
v -0.356850 1.227446 3.861449
v -0.601325 1.166901 3.403994
v -0.845932 1.106490 2.946597
v -0.772520 1.083382 3.507538
v -1.017095 1.023488 3.050034
v -1.185033 0.927944 3.153705
v -0.940649 0.987946 3.611314
v -1.106488 0.874104 3.716988
v -1.350870 0.814902 3.259233
v -1.272345 0.747636 3.824965
v -1.516726 0.687634 3.367354
v -1.438212 0.605068 3.935871
v -1.682600 0.544983 3.478279
v -1.027956 0.808016 4.282506
v -1.193829 0.664764 4.393539
v -1.848484 0.393031 3.590898
v -1.604097 0.453663 4.048391
v -1.769986 0.295630 4.162118
v -2.014373 0.234997 3.704624
v -1.359709 0.514295 4.505888
v -1.525599 0.356261 4.619614
v -1.281210 0.416895 5.077108
v -1.115323 0.574929 4.963379
v -0.870936 0.635562 5.420868
v -1.036827 0.477529 5.534599
v -0.949443 0.726335 4.850862
v -0.705056 0.787514 5.308254
v -0.539186 0.930165 5.197331
v -0.783568 0.868900 4.739953
v -0.023862 2.150944 5.929178
v 0.092699 2.155873 6.028603
v -0.157998 2.150304 6.353437
v -0.274192 2.145741 6.254162
v 0.201855 2.153511 6.124903
v -0.048884 2.147902 6.449722
v 0.343565 2.161613 5.703847
v 0.452407 2.158937 5.800014
v 0.226402 2.156092 5.604164
v 0.055952 2.141287 6.544203
v 0.306942 2.147140 6.219492
v 0.408972 2.137770 6.312788
v 0.157993 2.131924 6.637506
v 0.557929 2.152997 5.894777
v 0.659962 2.143627 5.988077
v 0.910950 2.149480 5.663368
v 0.808919 2.158851 5.570067
v 1.059900 2.164702 5.245359
v 1.161937 2.155332 5.338657
v 0.703831 2.165220 5.475483
v 0.955072 2.171319 5.150881
v 0.845946 2.173719 5.054594
v 0.594679 2.167582 5.379184
v 0.478115 2.162655 5.279762
v 0.729757 2.169151 4.955325
v -0.532777 2.020668 5.519706
v -0.404104 2.077854 5.620584
v -0.655256 2.072644 5.945150
v -0.784132 2.016279 5.844097
v -0.274284 2.115588 5.723804
v -0.525163 2.110542 6.048500
v -0.153046 2.083446 5.295930
v -0.023490 2.120058 5.399125
v -0.281382 2.024930 5.195347
v -0.396933 2.134729 6.152136
v -0.146235 2.140300 5.827304
v 0.104639 2.146037 5.502549
v 0.355741 2.152004 5.177882
v 0.607023 2.158143 4.853296
v 0.227687 2.127299 5.074384
v 0.478797 2.133960 4.749651
v 0.348697 2.096056 4.646305
v 0.097875 2.089558 4.971161
v -0.030798 2.032378 4.870284
v 0.219817 2.039690 4.545249
v -0.998985 1.658006 5.155721
v -0.891476 1.765149 5.239717
v -1.142658 1.759392 5.564289
v -1.250411 1.652372 5.480117
v -0.777319 1.863059 5.328738
v -1.028614 1.857848 5.653201
v -0.640415 1.770964 4.915062
v -0.525802 1.867816 5.004442
v -0.747520 1.663618 4.831351
v -0.909310 1.945384 5.746248
v -0.658160 1.950592 5.421679
v -0.407104 1.956187 5.097024
v -0.156183 1.962297 4.772256
v 0.094640 1.968795 4.447406
v -0.275345 1.874765 4.679315
v -0.024668 1.881260 4.354360
v -0.138709 1.782802 4.265447
v -0.389498 1.776854 4.590294
v -0.497011 1.669710 4.506299
v -0.246461 1.675782 4.181275
v -1.383105 1.169289 4.854631
v -1.293976 1.307493 4.924277
v -1.545059 1.302127 5.248894
v -1.634312 1.164539 5.179130
v -1.200336 1.432290 4.997762
v -1.451576 1.426943 5.322273
v -1.042948 1.313151 4.599604
v -0.948919 1.437275 4.673397
v -1.131877 1.173942 4.530151
v -1.353810 1.543175 5.399060
v -1.102630 1.548930 5.074490
v -0.851568 1.554743 4.749835
v -0.600656 1.560635 4.425067
v -0.349862 1.566584 4.100217
v -0.698360 1.443995 4.348340
v -0.447626 1.450353 4.023430
v -0.541110 1.325536 3.950052
v -0.791998 1.319199 4.274855
v -0.881128 1.180996 4.205208
v -0.630365 1.187953 3.880290
v -0.968314 1.033074 4.137428
v -0.717423 1.039413 3.812626
v -1.053015 0.872758 4.072034
v -0.802115 0.879033 3.747245
v -1.219264 1.027027 4.462178
v -1.303860 0.866184 4.396884
v -0.885372 0.711493 3.683236
v -1.136359 0.705640 4.007946
v -1.218675 0.533420 3.944840
v -0.967690 0.539271 3.620130
v -1.387348 0.699785 4.332659
v -1.469663 0.527564 4.269552
v -1.720654 0.521713 4.594265
v -1.638334 0.693935 4.657369
v -1.889318 0.688082 4.982078
v -1.971639 0.515860 4.918972
v -1.554994 0.861053 4.721456
v -1.806063 0.855621 5.046084
v -1.721375 1.015999 5.111467
v -1.470290 1.021368 4.786853
v -0.360229 2.441936 2.540477
v -0.291872 2.464636 2.383195
v 0.141230 2.467623 2.547175
v 0.072888 2.445383 2.704055
v -0.223999 2.478328 2.234200
v 0.209094 2.481271 2.398239
v -0.724953 2.461850 2.219018
v -0.657101 2.475153 2.070377
v -0.793356 2.438419 2.376977
v 0.276699 2.489707 2.254069
v -0.156381 2.487065 2.089765
v -0.088975 2.492101 1.948745
v 0.344121 2.494753 2.113039
v -0.589463 2.484419 1.925449
v -0.522046 2.489459 1.784431
v -0.955141 2.486819 1.620127
v -1.022545 2.481783 1.761132
v -1.455628 2.479134 1.596832
v -1.388210 2.484174 1.455812
v -1.090163 2.473042 1.905583
v -1.523223 2.470700 1.740990
v -1.591100 2.457057 1.889941
v -1.158034 2.459348 2.054570
v -1.226384 2.436660 2.211855
v -1.659433 2.434812 2.046808
v -0.625574 2.222843 3.208770
v -0.562810 2.305243 3.042984
v -0.129866 2.308576 3.207579
v -0.192805 2.227085 3.373723
v -0.496720 2.366076 2.873340
v -0.063740 2.369638 3.037616
v -0.995834 2.302316 2.878558
v -0.929619 2.361870 2.709095
v -1.058313 2.218478 3.043755
v 0.004144 2.415176 2.868244
v -0.428959 2.412185 2.704261
v -0.862043 2.409403 2.540077
v -1.295125 2.406896 2.375645
v -1.728184 2.404607 2.211004
v -1.362880 2.360796 2.544727
v -1.796078 2.359067 2.380371
v -1.862190 2.298005 2.550343
v -1.428973 2.299950 2.714365
v -1.491736 2.217563 2.880148
v -1.925142 2.216504 2.716486
v -0.841960 1.749880 3.794053
v -0.793418 1.885353 3.661322
v -0.360426 1.888079 3.825895
v -0.409084 1.752713 3.958958
v -0.741095 2.011384 3.518913
v -0.308219 2.014703 3.683695
v -1.226460 1.882680 3.496910
v -1.173837 2.007582 3.353795
v -1.274821 1.747031 3.629099
v -0.252631 2.129810 3.533447
v -0.685578 2.126468 3.368855
v -1.118603 2.123542 3.204430
v -1.551742 2.121177 3.040237
v -1.984956 2.119235 2.876213
v -1.607263 2.006095 3.190299
v -2.040540 2.004129 3.026464
v -2.092750 1.877500 3.168656
v -1.659585 1.880064 3.332701
v -1.708125 1.744591 3.465440
v -2.141412 1.742133 3.301726
v -1.010061 1.146849 4.258475
v -0.972786 1.314607 4.153158
v -0.539805 1.317784 4.317649
v -0.577199 1.150698 4.423194
v -0.932059 1.467976 4.040462
v -0.499137 1.471148 4.205153
v -1.405830 1.311750 3.988779
v -1.364861 1.464418 3.875498
v -1.442898 1.142895 4.093712
v -0.455694 1.615487 4.086118
v -0.888685 1.612761 3.921546
v -1.321728 1.610085 3.757138
v -1.754845 1.607473 3.592929
v -2.188019 1.604909 3.428886
v -1.798224 1.462687 3.711842
v -2.231465 1.460576 3.547920
v -2.272131 1.307204 3.660417
v -1.838953 1.309320 3.824542
v -1.876224 1.141565 3.929854
v -2.309522 1.140125 3.765960
v -1.911540 0.963199 4.031540
v -2.344715 0.961086 3.867409
v -1.944352 0.771307 4.128582
v -2.377515 0.769123 3.964437
v -1.478415 0.965631 4.195775
v -1.511128 0.773162 4.292626
v -2.408881 0.569344 4.058788
v -1.975802 0.571987 4.223095
v -2.006219 0.367099 4.315688
v -2.439296 0.364455 4.151381
v -1.542717 0.574629 4.387404
v -1.573135 0.369740 4.480000
v -1.140048 0.372386 4.644313
v -1.109632 0.577276 4.551710
v -0.676555 0.579919 4.716018
v -0.706969 0.375029 4.808619
v -1.078189 0.776593 4.457205
v -0.645194 0.779695 4.621668
v -0.612390 0.971658 4.524649
v -1.045371 0.968485 4.360154
v -3.558384 2.601802 3.372665
v -3.721163 2.623890 3.306680
v -3.564912 2.622838 2.859256
v -3.402546 2.601213 2.925231
v -3.875425 2.636784 3.241066
v -3.719114 2.635681 2.793650
v -3.877616 2.625152 3.754086
v -4.031513 2.637653 3.688486
v -3.714142 2.602322 3.820109
v -3.868418 2.643217 2.728230
v -4.025002 2.644629 3.175638
v -4.171069 2.648694 3.110381
v -4.014493 2.647288 2.662958
v -4.181598 2.646030 3.623047
v -4.327662 2.650105 3.557778
v -4.484245 2.651515 4.005201
v -4.338194 2.647453 4.070459
v -4.494772 2.648852 4.517871
v -4.640836 2.652917 4.452599
v -4.188603 2.639603 4.135885
v -4.345479 2.641323 4.583275
v -4.191264 2.628473 4.648897
v -4.034348 2.626710 4.201499
v -3.871566 2.604632 4.267476
v -4.028912 2.606859 4.714861
v -2.867038 2.382201 3.628635
v -3.038543 2.465411 3.567974
v -2.881663 2.464712 3.120689
v -2.709786 2.382433 3.181514
v -3.214023 2.526510 3.504237
v -3.057468 2.526040 3.056922
v -3.195252 2.466533 4.015331
v -3.370545 2.526316 3.951477
v -3.024350 2.381846 4.075732
v -3.232669 2.571468 2.991506
v -3.388922 2.572522 3.438932
v -3.545382 2.573788 3.886343
v -3.702098 2.575342 4.333753
v -3.859026 2.577114 4.781145
v -3.527195 2.529334 4.399053
v -3.683829 2.531673 4.846573
v -3.508016 2.470351 4.910328
v -3.351721 2.468225 4.462794
v -3.180217 2.385025 4.523453
v -3.336140 2.388062 4.971160
v -2.261154 1.902082 3.839383
v -2.398626 2.039839 3.791835
v -2.241766 2.038516 3.344513
v -2.103951 1.900871 3.392165
v -2.546072 2.167871 3.740780
v -2.388995 2.167158 3.293560
v -2.555321 2.041219 4.239208
v -2.703493 2.168090 4.187874
v -2.418407 1.903275 4.286582
v -2.544514 2.283955 3.239486
v -2.701394 2.284646 3.686769
v -2.858102 2.285764 4.134128
v -3.014571 2.287460 4.581589
v -3.170866 2.289590 5.029121
v -2.859244 2.170692 4.635601
v -3.015343 2.172791 5.083192
v -2.868122 2.044149 5.134146
v -2.711807 2.042658 4.686658
v -2.574325 1.904897 4.734202
v -2.730301 1.906501 5.181804
v -1.779809 1.288027 4.005304
v -1.889032 1.459018 3.968217
v -1.732257 1.458155 3.520900
v -1.622799 1.287854 3.558098
v -2.005855 1.615223 3.927947
v -1.848871 1.614358 3.480688
v -2.045694 1.460207 4.415593
v -2.163117 1.615693 4.375097
v -1.936864 1.288093 4.452489
v -1.972221 1.761280 3.437899
v -2.129083 1.762604 3.885223
v -2.285774 1.763979 4.332598
v -2.442260 1.765421 4.780040
v -2.598574 1.766912 5.227537
v -2.319033 1.618039 4.822769
v -2.475222 1.619998 5.270325
v -2.358605 1.463785 5.310538
v -2.202207 1.461834 4.863040
v -2.092986 1.290848 4.900121
v -2.249148 1.293493 5.347730
v -1.987499 1.108975 4.935410
v -2.143903 1.110928 5.382905
v -1.886784 0.913221 4.968404
v -2.043206 0.915103 5.415887
v -1.830985 1.107349 4.487962
v -1.730469 0.911004 4.520862
v -1.945261 0.711255 5.447553
v -1.788674 0.709846 5.000145
v -1.692539 0.500757 5.030941
v -1.849126 0.502164 5.478347
v -1.632085 0.708436 4.552731
v -1.535947 0.499345 4.583532
v -1.379355 0.497939 4.136114
v -1.475502 0.707030 4.105321
v -1.318915 0.705622 3.657916
v -1.222769 0.496530 3.688708
v -1.573603 0.910404 4.073584
v -1.416857 0.909464 3.626256
v -1.517547 1.105290 3.593270
v -1.674323 1.106155 4.040586
v -2.707697 2.729332 6.219848
v -2.804735 2.761670 6.359053
v -3.187896 2.818769 6.106497
v -3.090904 2.786893 5.967692
v -2.900661 2.784961 6.490092
v -3.283806 2.842010 6.237482
v -2.421609 2.704777 6.611796
v -2.517488 2.727678 6.742486
v -2.324474 2.671711 6.471928
v -3.379102 2.860029 6.363765
v -2.995988 2.803281 6.616640
v -3.090839 2.817883 6.739829
v -3.473970 2.874640 6.486959
v -2.612874 2.746526 6.869524
v -2.707734 2.761137 6.992707
v -2.324603 2.704385 7.245583
v -2.229754 2.689783 7.122411
v -1.846635 2.633024 7.375276
v -1.941499 2.647628 7.498461
v -2.134426 2.671458 6.995849
v -1.751354 2.615009 7.248999
v -1.655428 2.591766 7.118005
v -2.038503 2.648167 6.864814
v -1.941471 2.615846 6.725607
v -1.558446 2.559896 6.979213
v -2.335139 2.473708 5.620474
v -2.421060 2.564510 5.770395
v -2.803896 2.621927 5.517283
v -2.717612 2.531997 5.367067
v -2.513751 2.634407 5.922923
v -2.896660 2.692053 5.670118
v -2.038059 2.507486 6.023367
v -2.130991 2.576128 6.175666
v -1.952722 2.415303 5.873929
v -2.992954 2.747028 5.821681
v -2.609791 2.689927 6.074238
v -2.226662 2.633034 6.326993
v -1.843556 2.576424 6.579993
v -1.460488 2.520031 6.833195
v -1.747519 2.520911 6.428674
v -1.364185 2.465046 6.681638
v -1.271430 2.394922 6.528792
v -1.654827 2.451001 6.276151
v -1.568908 2.360212 6.126231
v -1.185138 2.304986 6.378581
v -2.059808 1.973509 5.086338
v -2.118176 2.114819 5.208164
v -2.501135 2.171638 4.955051
v -2.442574 2.030418 4.832927
v -2.183467 2.247325 5.338424
v -2.566198 2.304723 5.085141
v -1.735122 2.058044 5.461133
v -1.801000 2.189482 5.591993
v -1.677073 1.916587 5.339793
v -2.637711 2.426885 5.222122
v -2.254876 2.369464 5.475232
v -1.871876 2.312441 5.728205
v -1.488645 2.255951 5.980989
v -1.105248 2.199880 6.233630
v -1.417229 2.133831 5.844176
v -1.033735 2.077713 6.096645
v -0.968675 1.944628 5.966561
v -1.351940 2.001313 5.713923
v -1.293573 1.860003 5.592088
v -0.910107 1.803406 5.844435
v -1.873568 1.351525 4.657047
v -1.911072 1.523175 4.755216
v -2.293985 1.580440 4.502192
v -2.256231 1.409438 4.403842
v -1.955315 1.681064 4.859545
v -2.338124 1.738316 4.606339
v -1.528032 1.466216 5.008150
v -1.572724 1.623448 5.112982
v -1.490951 1.293511 4.910288
v -2.387499 1.887657 4.716082
v -2.004537 1.830837 4.969197
v -1.621482 1.774059 5.222163
v -1.238307 1.717335 5.474953
v -0.855032 1.660646 5.727591
v -1.189080 1.567559 5.365303
v -0.805658 1.511313 5.617849
v -0.761519 1.353428 5.513699
v -1.144833 1.409669 5.260969
v -1.107338 1.238025 5.162804
v -0.723769 1.182434 5.415347
v -1.073849 1.056148 5.067538
v -0.690535 0.999906 5.320271
v -1.045485 0.861226 4.975983
v -0.662196 0.804920 5.228732
v -1.457049 1.112696 4.814718
v -1.428899 0.917219 4.723319
v -0.636808 0.602393 5.139329
v -1.019923 0.659144 4.886452
v -0.996475 0.451692 4.798460
v -0.613362 0.394938 5.051335
v -1.403045 0.715895 4.633574
v -1.379592 0.508440 4.545578
v -1.762715 0.565196 4.292696
v -1.786161 0.772650 4.380701
v -2.169276 0.829401 4.127826
v -2.145828 0.621947 4.039821
v -1.811717 0.974731 4.470224
v -2.194659 1.031924 4.217226
v -2.222999 1.226913 4.308759
v -1.840088 1.169650 4.561783
v -0.151203 3.180824 4.400892
v -0.012516 3.258446 4.365038
v 0.098263 3.298859 4.784949
v -0.040290 3.221773 4.820600
v 0.123180 3.325711 4.333333
v 0.233926 3.366069 4.753273
v -0.123212 3.218258 3.945027
v 0.012353 3.285079 3.913505
v -0.262153 3.139806 3.981221
v 0.367881 3.427319 4.724006
v 0.257235 3.387301 4.303927
v 0.390037 3.444632 4.276226
v 0.500702 3.484664 4.696305
v 0.146586 3.347279 3.883844
v 0.279389 3.404614 3.856150
v 0.168718 3.364586 3.436064
v 0.035933 3.307264 3.463758
v -0.074730 3.267225 3.043684
v 0.058082 3.324562 3.015987
v -0.098131 3.245667 3.493172
v -0.208675 3.205990 3.072953
v -0.344354 3.138772 3.104629
v -0.233818 3.178399 3.524868
v -0.372509 3.100803 3.560732
v -0.482897 3.061698 3.140277
v -0.685326 2.748377 4.570776
v -0.564038 2.879673 4.526656
v -0.453893 2.920199 4.946802
v -0.575838 2.789567 4.991001
v -0.430905 2.993784 4.482636
v -0.320595 3.034603 4.902634
v -0.674481 2.839451 4.106550
v -0.540970 2.952402 4.062710
v -0.794713 2.707123 4.150542
v -0.181476 3.135557 4.859938
v -0.292246 3.095139 4.440017
v -0.402936 3.054947 4.020000
v -0.513554 3.015093 3.599854
v -0.624087 2.975474 3.179611
v -0.652211 2.913740 3.642479
v -0.763204 2.874504 3.222297
v -0.896505 2.760101 3.266477
v -0.785343 2.799626 3.686494
v -0.906633 2.668342 3.730613
v -1.018458 2.629469 3.310670
v -1.048439 2.126182 4.728248
v -0.976032 2.291934 4.692478
v -0.865645 2.331943 5.112638
v -0.938381 2.166168 5.148509
v -0.891602 2.452869 4.654050
v -0.781628 2.493316 5.074247
v -1.086582 2.251925 4.272372
v -1.001117 2.412135 4.233761
v -1.158449 2.086208 4.307971
v -0.686228 2.647517 5.033775
v -0.796374 2.606988 4.613633
v -0.906816 2.566760 4.193529
v -1.017674 2.526932 3.773470
v -1.128839 2.487420 3.353452
v -1.112917 2.372825 3.813885
v -1.224242 2.333215 3.393932
v -1.308250 2.171843 3.432318
v -1.197341 2.211886 3.852313
v -1.269752 2.046131 3.888087
v -1.380995 2.006066 3.468182
v -1.256675 1.433390 4.853143
v -1.220519 1.617534 4.824559
v -1.110229 1.657954 5.244673
v -1.146838 1.474315 5.273298
v -1.172436 1.791804 4.794292
v -1.062313 1.832153 5.214467
v -1.331030 1.577349 4.404465
v -1.282163 1.751220 4.374043
v -1.366430 1.392396 4.432977
v -1.005250 2.000824 5.182605
v -1.115643 1.960822 4.762444
v -1.226193 1.920803 4.342337
v -1.336945 1.880774 3.922282
v -1.447866 1.840726 3.502284
v -1.393738 1.711756 3.954126
v -1.504930 1.672061 3.534147
v -1.552842 1.497855 3.564351
v -1.441827 1.537486 3.984396
v -1.477978 1.353350 4.012983
v -1.589453 1.314222 3.592985
v -1.506923 1.161309 4.040890
v -1.617933 1.121681 3.620843
v -1.526654 0.959197 4.067932
v -1.637621 0.919519 3.647886
v -1.396121 1.201176 4.460960
v -1.415471 0.998636 4.487967
v -1.652002 0.711531 3.674429
v -1.541348 0.751558 4.094504
v -1.552244 0.539768 4.120720
v -1.662895 0.499746 3.700645
v -1.430693 0.791579 4.514592
v -1.441592 0.579787 4.540805
v -1.330935 0.619817 4.960892
v -1.320036 0.831605 4.934670
v -1.209385 0.871630 5.354748
v -1.220281 0.659837 5.380970
v -1.305353 1.039245 4.908100
v -1.195010 1.079611 5.328203
v -1.175324 1.281773 5.301166
v -1.285612 1.241358 4.881055
# 945 vertices

vt 0.331138 0.862575
vt 0.332900 0.892007
vt 0.417129 0.892083
vt 0.415350 0.862727
vt 0.334661 0.921439
vt 0.418908 0.921439
vt 0.248670 0.891932
vt 0.250414 0.921439
vt 0.246927 0.862424
vt 0.421278 0.948220
vt 0.337032 0.948220
vt 0.339402 0.975000
vt 0.423649 0.975000
vt 0.252785 0.948220
vt 0.255155 0.975000
vt 0.170909 0.975000
vt 0.168538 0.948220
vt 0.084292 0.948220
vt 0.086662 0.975000
vt 0.166168 0.921439
vt 0.081921 0.921439
vt 0.080142 0.892083
vt 0.164406 0.892007
vt 0.162645 0.862575
vt 0.078364 0.862727
vt 0.329100 0.724957
vt 0.329228 0.760546
vt 0.413471 0.760538
vt 0.413338 0.724941
vt 0.329357 0.796135
vt 0.413604 0.796135
vt 0.244986 0.760554
vt 0.245110 0.796135
vt 0.244862 0.724974
vt 0.414477 0.829431
vt 0.330248 0.829355
vt 0.246018 0.829279
vt 0.161754 0.829355
vt 0.077490 0.829431
vt 0.160864 0.796135
vt 0.076617 0.796135
vt 0.076484 0.760538
vt 0.160735 0.760546
vt 0.160607 0.724957
vt 0.076351 0.724941
vt 0.329661 0.587708
vt 0.329470 0.621148
vt 0.413719 0.621107
vt 0.413911 0.587624
vt 0.329280 0.654589
vt 0.413527 0.654589
vt 0.245222 0.621190
vt 0.245033 0.654589
vt 0.245411 0.587791
vt 0.413432 0.689765
vt 0.329190 0.689773
vt 0.244948 0.689781
vt 0.160697 0.689773
vt 0.076446 0.689765
vt 0.160787 0.654589
vt 0.076540 0.654589
vt 0.076732 0.621107
vt 0.160977 0.621148
vt 0.161167 0.587708
vt 0.076924 0.587624
vt 0.360606 0.294598
vt 0.360319 0.320686
vt 0.471991 0.320823
vt 0.472272 0.294872
vt 0.360033 0.346774
vt 0.471710 0.346774
vt 0.248648 0.320549
vt 0.245645 0.525000
vt 0.248940 0.294324
vt 0.414024 0.556312
vt 0.329776 0.556354
vt 0.245528 0.556396
vt 0.161283 0.556354
vt 0.077038 0.556312
vt 0.161398 0.525000
vt 0.077151 0.525000
vt 0.025281 0.320823
vt 0.136964 0.320686
vt 0.137251 0.294598
vt 0.025562 0.294872
vt 0.137828 0.261654
vt 0.026145 0.261792
vt 0.138406 0.228711
vt 0.026728 0.228711
vt 0.249512 0.261517
vt 0.250083 0.228711
vt 0.027509 0.190968
vt 0.139187 0.190968
vt 0.139967 0.153226
vt 0.028290 0.153226
vt 0.250864 0.190968
vt 0.251645 0.153226
vt 0.363323 0.153226
vt 0.362542 0.190968
vt 0.474219 0.190968
vt 0.475000 0.153226
vt 0.361761 0.228711
vt 0.473438 0.228711
vt 0.472855 0.261792
vt 0.361183 0.261654
vt 0.331138 0.862575
vt 0.332900 0.892007
vt 0.417129 0.892083
vt 0.415350 0.862727
vt 0.334661 0.921439
vt 0.418908 0.921439
vt 0.248670 0.891932
vt 0.250414 0.921439
vt 0.246927 0.862424
vt 0.421278 0.948220
vt 0.337032 0.948220
vt 0.339402 0.975000
vt 0.423649 0.975000
vt 0.252785 0.948220
vt 0.255155 0.975000
vt 0.170909 0.975000
vt 0.168538 0.948220
vt 0.084292 0.948220
vt 0.086662 0.975000
vt 0.166168 0.921439
vt 0.081921 0.921439
vt 0.080142 0.892083
vt 0.164406 0.892007
vt 0.162645 0.862575
vt 0.078364 0.862727
vt 0.329100 0.724957
vt 0.329228 0.760546
vt 0.413471 0.760538
vt 0.413338 0.724941
vt 0.329357 0.796135
vt 0.413604 0.796135
vt 0.244986 0.760554
vt 0.245110 0.796135
vt 0.244862 0.724974
vt 0.414477 0.829431
vt 0.330248 0.829355
vt 0.246018 0.829279
vt 0.161754 0.829355
vt 0.077490 0.829431
vt 0.160864 0.796135
vt 0.076617 0.796135
vt 0.076484 0.760538
vt 0.160735 0.760546
vt 0.160607 0.724957
vt 0.076351 0.724941
vt 0.329661 0.587708
vt 0.329470 0.621148
vt 0.413719 0.621107
vt 0.413911 0.587624
vt 0.329280 0.654589
vt 0.413527 0.654589
vt 0.245222 0.621190
vt 0.245033 0.654589
vt 0.245411 0.587791
vt 0.413432 0.689765
vt 0.329190 0.689773
vt 0.244948 0.689781
vt 0.160697 0.689773
vt 0.076446 0.689765
vt 0.160787 0.654589
vt 0.076540 0.654589
vt 0.076732 0.621107
vt 0.160977 0.621148
vt 0.161167 0.587708
vt 0.076924 0.587624
vt 0.360606 0.294598
vt 0.360319 0.320686
vt 0.471991 0.320823
vt 0.472272 0.294872
vt 0.360033 0.346774
vt 0.471710 0.346774
vt 0.248648 0.320549
vt 0.245645 0.525000
vt 0.248940 0.294324
vt 0.414024 0.556312
vt 0.329776 0.556354
vt 0.245528 0.556396
vt 0.161283 0.556354
vt 0.077038 0.556312
vt 0.161398 0.525000
vt 0.077151 0.525000
vt 0.025281 0.320823
vt 0.136964 0.320686
vt 0.137251 0.294598
vt 0.025562 0.294872
vt 0.137828 0.261654
vt 0.026145 0.261792
vt 0.138406 0.228711
vt 0.026728 0.228711
vt 0.249512 0.261517
vt 0.250083 0.228711
vt 0.027509 0.190968
vt 0.139187 0.190968
vt 0.139967 0.153226
vt 0.028290 0.153226
vt 0.250864 0.190968
vt 0.251645 0.153226
vt 0.363323 0.153226
vt 0.362542 0.190968
vt 0.474219 0.190968
vt 0.475000 0.153226
vt 0.361761 0.228711
vt 0.473438 0.228711
vt 0.472855 0.261792
vt 0.361183 0.261654
vt 0.331138 0.862575
vt 0.332900 0.892007
vt 0.417129 0.892083
vt 0.415350 0.862727
vt 0.334661 0.921439
vt 0.418908 0.921439
vt 0.248670 0.891932
vt 0.250414 0.921439
vt 0.246927 0.862424
vt 0.421278 0.948220
vt 0.337032 0.948220
vt 0.339402 0.975000
vt 0.423649 0.975000
vt 0.252785 0.948220
vt 0.255155 0.975000
vt 0.170909 0.975000
vt 0.168538 0.948220
vt 0.084292 0.948220
vt 0.086662 0.975000
vt 0.166168 0.921439
vt 0.081921 0.921439
vt 0.080142 0.892083
vt 0.164406 0.892007
vt 0.162645 0.862575
vt 0.078364 0.862727
vt 0.329100 0.724957
vt 0.329228 0.760546
vt 0.413471 0.760538
vt 0.413338 0.724941
vt 0.329357 0.796135
vt 0.413604 0.796135
vt 0.244986 0.760554
vt 0.245110 0.796135
vt 0.244862 0.724974
vt 0.414477 0.829431
vt 0.330248 0.829355
vt 0.246018 0.829279
vt 0.161754 0.829355
vt 0.077490 0.829431
vt 0.160864 0.796135
vt 0.076617 0.796135
vt 0.076484 0.760538
vt 0.160735 0.760546
vt 0.160607 0.724957
vt 0.076351 0.724941
vt 0.329661 0.587708
vt 0.329470 0.621148
vt 0.413719 0.621107
vt 0.413911 0.587624
vt 0.329280 0.654589
vt 0.413527 0.654589
vt 0.245222 0.621190
vt 0.245033 0.654589
vt 0.245411 0.587791
vt 0.413432 0.689765
vt 0.329190 0.689773
vt 0.244948 0.689781
vt 0.160697 0.689773
vt 0.076446 0.689765
vt 0.160787 0.654589
vt 0.076540 0.654589
vt 0.076732 0.621107
vt 0.160977 0.621148
vt 0.161167 0.587708
vt 0.076924 0.587624
vt 0.360606 0.294598
vt 0.360319 0.320686
vt 0.471991 0.320823
vt 0.472272 0.294872
vt 0.360033 0.346774
vt 0.471710 0.346774
vt 0.248648 0.320549
vt 0.245645 0.525000
vt 0.248940 0.294324
vt 0.414024 0.556312
vt 0.329776 0.556354
vt 0.245528 0.556396
vt 0.161283 0.556354
vt 0.077038 0.556312
vt 0.161398 0.525000
vt 0.077151 0.525000
vt 0.025281 0.320823
vt 0.136964 0.320686
vt 0.137251 0.294598
vt 0.025562 0.294872
vt 0.137828 0.261654
vt 0.026145 0.261792
vt 0.138406 0.228711
vt 0.026728 0.228711
vt 0.249512 0.261517
vt 0.250083 0.228711
vt 0.027509 0.190968
vt 0.139187 0.190968
vt 0.139967 0.153226
vt 0.028290 0.153226
vt 0.250864 0.190968
vt 0.251645 0.153226
vt 0.363323 0.153226
vt 0.362542 0.190968
vt 0.474219 0.190968
vt 0.475000 0.153226
vt 0.361761 0.228711
vt 0.473438 0.228711
vt 0.472855 0.261792
vt 0.361183 0.261654
vt 0.331138 0.862575
vt 0.332900 0.892007
vt 0.417129 0.892083
vt 0.415350 0.862727
vt 0.334661 0.921439
vt 0.418908 0.921439
vt 0.248670 0.891932
vt 0.250414 0.921439
vt 0.246927 0.862424
vt 0.421278 0.948220
vt 0.337032 0.948220
vt 0.339402 0.975000
vt 0.423649 0.975000
vt 0.252785 0.948220
vt 0.255155 0.975000
vt 0.170909 0.975000
vt 0.168538 0.948220
vt 0.084292 0.948220
vt 0.086662 0.975000
vt 0.166168 0.921439
vt 0.081921 0.921439
vt 0.080142 0.892083
vt 0.164406 0.892007
vt 0.162645 0.862575
vt 0.078364 0.862727
vt 0.329100 0.724957
vt 0.329228 0.760546
vt 0.413471 0.760538
vt 0.413338 0.724941
vt 0.329357 0.796135
vt 0.413604 0.796135
vt 0.244986 0.760554
vt 0.245110 0.796135
vt 0.244862 0.724974
vt 0.414477 0.829431
vt 0.330248 0.829355
vt 0.246018 0.829279
vt 0.161754 0.829355
vt 0.077490 0.829431
vt 0.160864 0.796135
vt 0.076617 0.796135
vt 0.076484 0.760538
vt 0.160735 0.760546
vt 0.160607 0.724957
vt 0.076351 0.724941
vt 0.329661 0.587708
vt 0.329470 0.621148
vt 0.413719 0.621107
vt 0.413911 0.587624
vt 0.329280 0.654589
vt 0.413527 0.654589
vt 0.245222 0.621190
vt 0.245033 0.654589
vt 0.245411 0.587791
vt 0.413432 0.689765
vt 0.329190 0.689773
vt 0.244948 0.689781
vt 0.160697 0.689773
vt 0.076446 0.689765
vt 0.160787 0.654589
vt 0.076540 0.654589
vt 0.076732 0.621107
vt 0.160977 0.621148
vt 0.161167 0.587708
vt 0.076924 0.587624
vt 0.360606 0.294598
vt 0.360319 0.320686
vt 0.471991 0.320823
vt 0.472272 0.294872
vt 0.360033 0.346774
vt 0.471710 0.346774
vt 0.248648 0.320549
vt 0.245645 0.525000
vt 0.248940 0.294324
vt 0.414024 0.556312
vt 0.329776 0.556354
vt 0.245528 0.556396
vt 0.161283 0.556354
vt 0.077038 0.556312
vt 0.161398 0.525000
vt 0.077151 0.525000
vt 0.025281 0.320823
vt 0.136964 0.320686
vt 0.137251 0.294598
vt 0.025562 0.294872
vt 0.137828 0.261654
vt 0.026145 0.261792
vt 0.138406 0.228711
vt 0.026728 0.228711
vt 0.249512 0.261517
vt 0.250083 0.228711
vt 0.027509 0.190968
vt 0.139187 0.190968
vt 0.139967 0.153226
vt 0.028290 0.153226
vt 0.250864 0.190968
vt 0.251645 0.153226
vt 0.363323 0.153226
vt 0.362542 0.190968
vt 0.474219 0.190968
vt 0.475000 0.153226
vt 0.361761 0.228711
vt 0.473438 0.228711
vt 0.472855 0.261792
vt 0.361183 0.261654
vt 0.331138 0.862575
vt 0.332900 0.892007
vt 0.417129 0.892083
vt 0.415350 0.862727
vt 0.334661 0.921439
vt 0.418908 0.921439
vt 0.248670 0.891932
vt 0.250414 0.921439
vt 0.246927 0.862424
vt 0.421278 0.948220
vt 0.337032 0.948220
vt 0.339402 0.975000
vt 0.423649 0.975000
vt 0.252785 0.948220
vt 0.255155 0.975000
vt 0.170909 0.975000
vt 0.168538 0.948220
vt 0.084292 0.948220
vt 0.086662 0.975000
vt 0.166168 0.921439
vt 0.081921 0.921439
vt 0.080142 0.892083
vt 0.164406 0.892007
vt 0.162645 0.862575
vt 0.078364 0.862727
vt 0.329100 0.724957
vt 0.329228 0.760546
vt 0.413471 0.760538
vt 0.413338 0.724941
vt 0.329357 0.796135
vt 0.413604 0.796135
vt 0.244986 0.760554
vt 0.245110 0.796135
vt 0.244862 0.724974
vt 0.414477 0.829431
vt 0.330248 0.829355
vt 0.246018 0.829279
vt 0.161754 0.829355
vt 0.077490 0.829431
vt 0.160864 0.796135
vt 0.076617 0.796135
vt 0.076484 0.760538
vt 0.160735 0.760546
vt 0.160607 0.724957
vt 0.076351 0.724941
vt 0.329661 0.587708
vt 0.329470 0.621148
vt 0.413719 0.621107
vt 0.413911 0.587624
vt 0.329280 0.654589
vt 0.413527 0.654589
vt 0.245222 0.621190
vt 0.245033 0.654589
vt 0.245411 0.587791
vt 0.413432 0.689765
vt 0.329190 0.689773
vt 0.244948 0.689781
vt 0.160697 0.689773
vt 0.076446 0.689765
vt 0.160787 0.654589
vt 0.076540 0.654589
vt 0.076732 0.621107
vt 0.160977 0.621148
vt 0.161167 0.587708
vt 0.076924 0.587624
vt 0.360606 0.294598
vt 0.360319 0.320686
vt 0.471991 0.320823
vt 0.472272 0.294872
vt 0.360033 0.346774
vt 0.471710 0.346774
vt 0.248648 0.320549
vt 0.245645 0.525000
vt 0.248940 0.294324
vt 0.414024 0.556312
vt 0.329776 0.556354
vt 0.245528 0.556396
vt 0.161283 0.556354
vt 0.077038 0.556312
vt 0.161398 0.525000
vt 0.077151 0.525000
vt 0.025281 0.320823
vt 0.136964 0.320686
vt 0.137251 0.294598
vt 0.025562 0.294872
vt 0.137828 0.261654
vt 0.026145 0.261792
vt 0.138406 0.228711
vt 0.026728 0.228711
vt 0.249512 0.261517
vt 0.250083 0.228711
vt 0.027509 0.190968
vt 0.139187 0.190968
vt 0.139967 0.153226
vt 0.028290 0.153226
vt 0.250864 0.190968
vt 0.251645 0.153226
vt 0.363323 0.153226
vt 0.362542 0.190968
vt 0.474219 0.190968
vt 0.475000 0.153226
vt 0.361761 0.228711
vt 0.473438 0.228711
vt 0.472855 0.261792
vt 0.361183 0.261654
vt 0.331138 0.862575
vt 0.332900 0.892007
vt 0.417129 0.892083
vt 0.415350 0.862727
vt 0.334661 0.921439
vt 0.418908 0.921439
vt 0.248670 0.891932
vt 0.250414 0.921439
vt 0.246927 0.862424
vt 0.421278 0.948220
vt 0.337032 0.948220
vt 0.339402 0.975000
vt 0.423649 0.975000
vt 0.252785 0.948220
vt 0.255155 0.975000
vt 0.170909 0.975000
vt 0.168538 0.948220
vt 0.084292 0.948220
vt 0.086662 0.975000
vt 0.166168 0.921439
vt 0.081921 0.921439
vt 0.080142 0.892083
vt 0.164406 0.892007
vt 0.162645 0.862575
vt 0.078364 0.862727
vt 0.329100 0.724957
vt 0.329228 0.760546
vt 0.413471 0.760538
vt 0.413338 0.724941
vt 0.329357 0.796135
vt 0.413604 0.796135
vt 0.244986 0.760554
vt 0.245110 0.796135
vt 0.244862 0.724974
vt 0.414477 0.829431
vt 0.330248 0.829355
vt 0.246018 0.829279
vt 0.161754 0.829355
vt 0.077490 0.829431
vt 0.160864 0.796135
vt 0.076617 0.796135
vt 0.076484 0.760538
vt 0.160735 0.760546
vt 0.160607 0.724957
vt 0.076351 0.724941
vt 0.329661 0.587708
vt 0.329470 0.621148
vt 0.413719 0.621107
vt 0.413911 0.587624
vt 0.329280 0.654589
vt 0.413527 0.654589
vt 0.245222 0.621190
vt 0.245033 0.654589
vt 0.245411 0.587791
vt 0.413432 0.689765
vt 0.329190 0.689773
vt 0.244948 0.689781
vt 0.160697 0.689773
vt 0.076446 0.689765
vt 0.160787 0.654589
vt 0.076540 0.654589
vt 0.076732 0.621107
vt 0.160977 0.621148
vt 0.161167 0.587708
vt 0.076924 0.587624
vt 0.360606 0.294598
vt 0.360319 0.320686
vt 0.471991 0.320823
vt 0.472272 0.294872
vt 0.360033 0.346774
vt 0.471710 0.346774
vt 0.248648 0.320549
vt 0.245645 0.525000
vt 0.248940 0.294324
vt 0.414024 0.556312
vt 0.329776 0.556354
vt 0.245528 0.556396
vt 0.161283 0.556354
vt 0.077038 0.556312
vt 0.161398 0.525000
vt 0.077151 0.525000
vt 0.025281 0.320823
vt 0.136964 0.320686
vt 0.137251 0.294598
vt 0.025562 0.294872
vt 0.137828 0.261654
vt 0.026145 0.261792
vt 0.138406 0.228711
vt 0.026728 0.228711
vt 0.249512 0.261517
vt 0.250083 0.228711
vt 0.027509 0.190968
vt 0.139187 0.190968
vt 0.139967 0.153226
vt 0.028290 0.153226
vt 0.250864 0.190968
vt 0.251645 0.153226
vt 0.363323 0.153226
vt 0.362542 0.190968
vt 0.474219 0.190968
vt 0.475000 0.153226
vt 0.361761 0.228711
vt 0.473438 0.228711
vt 0.472855 0.261792
vt 0.361183 0.261654
vt 0.331138 0.862575
vt 0.332900 0.892007
vt 0.417129 0.892083
vt 0.415350 0.862727
vt 0.334661 0.921439
vt 0.418908 0.921439
vt 0.248670 0.891932
vt 0.250414 0.921439
vt 0.246927 0.862424
vt 0.421278 0.948220
vt 0.337032 0.948220
vt 0.339402 0.975000
vt 0.423649 0.975000
vt 0.252785 0.948220
vt 0.255155 0.975000
vt 0.170909 0.975000
vt 0.168538 0.948220
vt 0.084292 0.948220
vt 0.086662 0.975000
vt 0.166168 0.921439
vt 0.081921 0.921439
vt 0.080142 0.892083
vt 0.164406 0.892007
vt 0.162645 0.862575
vt 0.078364 0.862727
vt 0.329100 0.724957
vt 0.329228 0.760546
vt 0.413471 0.760538
vt 0.413338 0.724941
vt 0.329357 0.796135
vt 0.413604 0.796135
vt 0.244986 0.760554
vt 0.245110 0.796135
vt 0.244862 0.724974
vt 0.414477 0.829431
vt 0.330248 0.829355
vt 0.246018 0.829279
vt 0.161754 0.829355
vt 0.077490 0.829431
vt 0.160864 0.796135
vt 0.076617 0.796135
vt 0.076484 0.760538
vt 0.160735 0.760546
vt 0.160607 0.724957
vt 0.076351 0.724941
vt 0.329661 0.587708
vt 0.329470 0.621148
vt 0.413719 0.621107
vt 0.413911 0.587624
vt 0.329280 0.654589
vt 0.413527 0.654589
vt 0.245222 0.621190
vt 0.245033 0.654589
vt 0.245411 0.587791
vt 0.413432 0.689765
vt 0.329190 0.689773
vt 0.244948 0.689781
vt 0.160697 0.689773
vt 0.076446 0.689765
vt 0.160787 0.654589
vt 0.076540 0.654589
vt 0.076732 0.621107
vt 0.160977 0.621148
vt 0.161167 0.587708
vt 0.076924 0.587624
vt 0.360606 0.294598
vt 0.360319 0.320686
vt 0.471991 0.320823
vt 0.472272 0.294872
vt 0.360033 0.346774
vt 0.471710 0.346774
vt 0.248648 0.320549
vt 0.245645 0.525000
vt 0.248940 0.294324
vt 0.414024 0.556312
vt 0.329776 0.556354
vt 0.245528 0.556396
vt 0.161283 0.556354
vt 0.077038 0.556312
vt 0.161398 0.525000
vt 0.077151 0.525000
vt 0.025281 0.320823
vt 0.136964 0.320686
vt 0.137251 0.294598
vt 0.025562 0.294872
vt 0.137828 0.261654
vt 0.026145 0.261792
vt 0.138406 0.228711
vt 0.026728 0.228711
vt 0.249512 0.261517
vt 0.250083 0.228711
vt 0.027509 0.190968
vt 0.139187 0.190968
vt 0.139967 0.153226
vt 0.028290 0.153226
vt 0.250864 0.190968
vt 0.251645 0.153226
vt 0.363323 0.153226
vt 0.362542 0.190968
vt 0.474219 0.190968
vt 0.475000 0.153226
vt 0.361761 0.228711
vt 0.473438 0.228711
vt 0.472855 0.261792
vt 0.361183 0.261654
vt 0.331138 0.862575
vt 0.332900 0.892007
vt 0.417129 0.892083
vt 0.415350 0.862727
vt 0.334661 0.921439
vt 0.418908 0.921439
vt 0.248670 0.891932
vt 0.250414 0.921439
vt 0.246927 0.862424
vt 0.421278 0.948220
vt 0.337032 0.948220
vt 0.339402 0.975000
vt 0.423649 0.975000
vt 0.252785 0.948220
vt 0.255155 0.975000
vt 0.170909 0.975000
vt 0.168538 0.948220
vt 0.084292 0.948220
vt 0.086662 0.975000
vt 0.166168 0.921439
vt 0.081921 0.921439
vt 0.080142 0.892083
vt 0.164406 0.892007
vt 0.162645 0.862575
vt 0.078364 0.862727
vt 0.329100 0.724957
vt 0.329228 0.760546
vt 0.413471 0.760538
vt 0.413338 0.724941
vt 0.329357 0.796135
vt 0.413604 0.796135
vt 0.244986 0.760554
vt 0.245110 0.796135
vt 0.244862 0.724974
vt 0.414477 0.829431
vt 0.330248 0.829355
vt 0.246018 0.829279
vt 0.161754 0.829355
vt 0.077490 0.829431
vt 0.160864 0.796135
vt 0.076617 0.796135
vt 0.076484 0.760538
vt 0.160735 0.760546
vt 0.160607 0.724957
vt 0.076351 0.724941
vt 0.329661 0.587708
vt 0.329470 0.621148
vt 0.413719 0.621107
vt 0.413911 0.587624
vt 0.329280 0.654589
vt 0.413527 0.654589
vt 0.245222 0.621190
vt 0.245033 0.654589
vt 0.245411 0.587791
vt 0.413432 0.689765
vt 0.329190 0.689773
vt 0.244948 0.689781
vt 0.160697 0.689773
vt 0.076446 0.689765
vt 0.160787 0.654589
vt 0.076540 0.654589
vt 0.076732 0.621107
vt 0.160977 0.621148
vt 0.161167 0.587708
vt 0.076924 0.587624
vt 0.360606 0.294598
vt 0.360319 0.320686
vt 0.471991 0.320823
vt 0.472272 0.294872
vt 0.360033 0.346774
vt 0.471710 0.346774
vt 0.248648 0.320549
vt 0.245645 0.525000
vt 0.248940 0.294324
vt 0.414024 0.556312
vt 0.329776 0.556354
vt 0.245528 0.556396
vt 0.161283 0.556354
vt 0.077038 0.556312
vt 0.161398 0.525000
vt 0.077151 0.525000
vt 0.025281 0.320823
vt 0.136964 0.320686
vt 0.137251 0.294598
vt 0.025562 0.294872
vt 0.137828 0.261654
vt 0.026145 0.261792
vt 0.138406 0.228711
vt 0.026728 0.228711
vt 0.249512 0.261517
vt 0.250083 0.228711
vt 0.027509 0.190968
vt 0.139187 0.190968
vt 0.139967 0.153226
vt 0.028290 0.153226
vt 0.250864 0.190968
vt 0.251645 0.153226
vt 0.363323 0.153226
vt 0.362542 0.190968
vt 0.474219 0.190968
vt 0.475000 0.153226
vt 0.361761 0.228711
vt 0.473438 0.228711
vt 0.472855 0.261792
vt 0.361183 0.261654
vt 0.331138 0.862575
vt 0.332900 0.892007
vt 0.417129 0.892083
vt 0.415350 0.862727
vt 0.334661 0.921439
vt 0.418908 0.921439
vt 0.248670 0.891932
vt 0.250414 0.921439
vt 0.246927 0.862424
vt 0.421278 0.948220
vt 0.337032 0.948220
vt 0.339402 0.975000
vt 0.423649 0.975000
vt 0.252785 0.948220
vt 0.255155 0.975000
vt 0.170909 0.975000
vt 0.168538 0.948220
vt 0.084292 0.948220
vt 0.086662 0.975000
vt 0.166168 0.921439
vt 0.081921 0.921439
vt 0.080142 0.892083
vt 0.164406 0.892007
vt 0.162645 0.862575
vt 0.078364 0.862727
vt 0.329100 0.724957
vt 0.329228 0.760546
vt 0.413471 0.760538
vt 0.413338 0.724941
vt 0.329357 0.796135
vt 0.413604 0.796135
vt 0.244986 0.760554
vt 0.245110 0.796135
vt 0.244862 0.724974
vt 0.414477 0.829431
vt 0.330248 0.829355
vt 0.246018 0.829279
vt 0.161754 0.829355
vt 0.077490 0.829431
vt 0.160864 0.796135
vt 0.076617 0.796135
vt 0.076484 0.760538
vt 0.160735 0.760546
vt 0.160607 0.724957
vt 0.076351 0.724941
vt 0.329661 0.587708
vt 0.329470 0.621148
vt 0.413719 0.621107
vt 0.413911 0.587624
vt 0.329280 0.654589
vt 0.413527 0.654589
vt 0.245222 0.621190
vt 0.245033 0.654589
vt 0.245411 0.587791
vt 0.413432 0.689765
vt 0.329190 0.689773
vt 0.244948 0.689781
vt 0.160697 0.689773
vt 0.076446 0.689765
vt 0.160787 0.654589
vt 0.076540 0.654589
vt 0.076732 0.621107
vt 0.160977 0.621148
vt 0.161167 0.587708
vt 0.076924 0.587624
vt 0.360606 0.294598
vt 0.360319 0.320686
vt 0.471991 0.320823
vt 0.472272 0.294872
vt 0.360033 0.346774
vt 0.471710 0.346774
vt 0.248648 0.320549
vt 0.245645 0.525000
vt 0.248940 0.294324
vt 0.414024 0.556312
vt 0.329776 0.556354
vt 0.245528 0.556396
vt 0.161283 0.556354
vt 0.077038 0.556312
vt 0.161398 0.525000
vt 0.077151 0.525000
vt 0.025281 0.320823
vt 0.136964 0.320686
vt 0.137251 0.294598
vt 0.025562 0.294872
vt 0.137828 0.261654
vt 0.026145 0.261792
vt 0.138406 0.228711
vt 0.026728 0.228711
vt 0.249512 0.261517
vt 0.250083 0.228711
vt 0.027509 0.190968
vt 0.139187 0.190968
vt 0.139967 0.153226
vt 0.028290 0.153226
vt 0.250864 0.190968
vt 0.251645 0.153226
vt 0.363323 0.153226
vt 0.362542 0.190968
vt 0.474219 0.190968
vt 0.475000 0.153226
vt 0.361761 0.228711
vt 0.473438 0.228711
vt 0.472855 0.261792
vt 0.361183 0.261654

o name 6
usemtl Material
usemap Material
f 6617/6617 6616/6616 6618/6618
f 6619/6619 6618/6618 6616/6616
f 6617/6617 6618/6618 6620/6620
f 6621/6621 6620/6620 6618/6618
f 6617/6617 6620/6620 6622/6622
f 6623/6623 6622/6622 6620/6620
f 6617/6617 6622/6622 6616/6616
f 6624/6624 6616/6616 6622/6622
f 6626/6626 6625/6625 6627/6627
f 6628/6628 6627/6627 6625/6625
f 6626/6626 6627/6627 6629/6629
f 6630/6630 6629/6629 6627/6627
f 6626/6626 6629/6629 6620/6620
f 6623/6623 6620/6620 6629/6629
f 6626/6626 6620/6620 6625/6625
f 6621/6621 6625/6625 6620/6620
f 6632/6632 6631/6631 6633/6633
f 6634/6634 6633/6633 6631/6631
f 6632/6632 6633/6633 6635/6635
f 6636/6636 6635/6635 6633/6633
f 6632/6632 6635/6635 6629/6629
f 6623/6623 6629/6629 6635/6635
f 6632/6632 6629/6629 6631/6631
f 6630/6630 6631/6631 6629/6629
f 6638/6638 6637/6637 6639/6639
f 6640/6640 6639/6639 6637/6637
f 6638/6638 6639/6639 6622/6622
f 6624/6624 6622/6622 6639/6639
f 6638/6638 6622/6622 6635/6635
f 6623/6623 6635/6635 6622/6622
f 6638/6638 6635/6635 6637/6637
f 6636/6636 6637/6637 6635/6635
f 6642/6642 6641/6641 6643/6643
f 6644/6644 6643/6643 6641/6641
f 6642/6642 6643/6643 6645/6645
f 6646/6646 6645/6645 6643/6643
f 6642/6642 6645/6645 6647/6647
f 6648/6648 6647/6647 6645/6645
f 6642/6642 6647/6647 6641/6641
f 6649/6649 6641/6641 6647/6647
f 6651/6651 6650/6650 6616/6616
f 6619/6619 6616/6616 6650/6650
f 6651/6651 6616/6616 6652/6652
f 6624/6624 6652/6652 6616/6616
f 6651/6651 6652/6652 6645/6645
f 6648/6648 6645/6645 6652/6652
f 6651/6651 6645/6645 6650/6650
f 6646/6646 6650/6650 6645/6645
f 6653/6653 6639/6639 6654/6654
f 6640/6640 6654/6654 6639/6639
f 6653/6653 6654/6654 6655/6655
f 6656/6656 6655/6655 6654/6654
f 6653/6653 6655/6655 6652/6652
f 6648/6648 6652/6652 6655/6655
f 6653/6653 6652/6652 6639/6639
f 6624/6624 6639/6639 6652/6652
f 6658/6658 6657/6657 6659/6659
f 6660/6660 6659/6659 6657/6657
f 6658/6658 6659/6659 6647/6647
f 6649/6649 6647/6647 6659/6659
f 6658/6658 6647/6647 6655/6655
f 6648/6648 6655/6655 6647/6647
f 6658/6658 6655/6655 6657/6657
f 6656/6656 6657/6657 6655/6655
f 6662/6662 6661/6661 6663/6663
f 6664/6664 6663/6663 6661/6661
f 6662/6662 6663/6663 6665/6665
f 6666/6666 6665/6665 6663/6663
f 6662/6662 6665/6665 6667/6667
f 6668/6668 6667/6667 6665/6665
f 6662/6662 6667/6667 6661/6661
f 6669/6669 6661/6661 6667/6667
f 6671/6671 6670/6670 6641/6641
f 6644/6644 6641/6641 6670/6670
f 6671/6671 6641/6641 6672/6672
f 6649/6649 6672/6672 6641/6641
f 6671/6671 6672/6672 6665/6665
f 6668/6668 6665/6665 6672/6672
f 6671/6671 6665/6665 6670/6670
f 6666/6666 6670/6670 6665/6665
f 6673/6673 6659/6659 6674/6674
f 6660/6660 6674/6674 6659/6659
f 6673/6673 6674/6674 6675/6675
f 6676/6676 6675/6675 6674/6674
f 6673/6673 6675/6675 6672/6672
f 6668/6668 6672/6672 6675/6675
f 6673/6673 6672/6672 6659/6659
f 6649/6649 6659/6659 6672/6672
f 6678/6678 6677/6677 6679/6679
f 6680/6680 6679/6679 6677/6677
f 6678/6678 6679/6679 6667/6667
f 6669/6669 6667/6667 6679/6679
f 6678/6678 6667/6667 6675/6675
f 6668/6668 6675/6675 6667/6667
f 6678/6678 6675/6675 6677/6677
f 6676/6676 6677/6677 6675/6675
f 6682/6682 6681/6681 6683/6683
f 6684/6684 6683/6683 6681/6681
f 6682/6682 6683/6683 6685/6685
f 6686/6686 6685/6685 6683/6683
f 6682/6682 6685/6685 6687/6687
f 6688/6688 6687/6687 6685/6685
f 6682/6682 6687/6687 6681/6681
f 6689/6689 6681/6681 6687/6687
f 6691/6691 6690/6690 6661/6661
f 6664/6664 6661/6661 6690/6690
f 6691/6691 6661/6661 6692/6692
f 6669/6669 6692/6692 6661/6661
f 6691/6691 6692/6692 6685/6685
f 6688/6688 6685/6685 6692/6692
f 6691/6691 6685/6685 6690/6690
f 6686/6686 6690/6690 6685/6685
f 6693/6693 6679/6679 6694/6694
f 6680/6680 6694/6694 6679/6679
f 6693/6693 6694/6694 6695/6695
f 6696/6696 6695/6695 6694/6694
f 6693/6693 6695/6695 6692/6692
f 6688/6688 6692/6692 6695/6695
f 6693/6693 6692/6692 6679/6679
f 6669/6669 6679/6679 6692/6692
f 6698/6698 6697/6697 6699/6699
f 6700/6700 6699/6699 6697/6697
f 6698/6698 6699/6699 6687/6687
f 6689/6689 6687/6687 6699/6699
f 6698/6698 6687/6687 6695/6695
f 6688/6688 6695/6695 6687/6687
f 6698/6698 6695/6695 6697/6697
f 6696/6696 6697/6697 6695/6695
f 6701/6701 6699/6699 6702/6702
f 6700/6700 6702/6702 6699/6699
f 6701/6701 6702/6702 6703/6703
f 6704/6704 6703/6703 6702/6702
f 6701/6701 6703/6703 6705/6705
f 6706/6706 6705/6705 6703/6703
f 6701/6701 6705/6705 6699/6699
f 6689/6689 6699/6699 6705/6705
f 6708/6708 6707/6707 6709/6709
f 6710/6710 6709/6709 6707/6707
f 6708/6708 6709/6709 6711/6711
f 6712/6712 6711/6711 6709/6709
f 6708/6708 6711/6711 6703/6703
f 6706/6706 6703/6703 6711/6711
f 6708/6708 6703/6703 6707/6707
f 6704/6704 6707/6707 6703/6703
f 6714/6714 6713/6713 6715/6715
f 6716/6716 6715/6715 6713/6713
f 6714/6714 6715/6715 6717/6717
f 6718/6718 6717/6717 6715/6715
f 6714/6714 6717/6717 6711/6711
f 6706/6706 6711/6711 6717/6717
f 6714/6714 6711/6711 6713/6713
f 6712/6712 6713/6713 6711/6711
f 6720/6720 6719/6719 6681/6681
f 6684/6684 6681/6681 6719/6719
f 6720/6720 6681/6681 6705/6705
f 6689/6689 6705/6705 6681/6681
f 6720/6720 6705/6705 6717/6717
f 6706/6706 6717/6717 6705/6705
f 6720/6720 6717/6717 6719/6719
f 6718/6718 6719/6719 6717/6717
f 6722/6722 6721/6721 6723/6723
f 6724/6724 6723/6723 6721/6721
f 6722/6722 6723/6723 6725/6725
f 6726/6726 6725/6725 6723/6723
f 6722/6722 6725/6725 6727/6727
f 6728/6728 6727/6727 6725/6725
f 6722/6722 6727/6727 6721/6721
f 6729/6729 6721/6721 6727/6727
f 6731/6731 6730/6730 6732/6732
f 6733/6733 6732/6732 6730/6730
f 6731/6731 6732/6732 6734/6734
f 6735/6735 6734/6734 6732/6732
f 6731/6731 6734/6734 6725/6725
f 6728/6728 6725/6725 6734/6734
f 6731/6731 6725/6725 6730/6730
f 6726/6726 6730/6730 6725/6725
f 6737/6737 6736/6736 6738/6738
f 6739/6739 6738/6738 6736/6736
f 6737/6737 6738/6738 6740/6740
f 6741/6741 6740/6740 6738/6738
f 6737/6737 6740/6740 6734/6734
f 6728/6728 6734/6734 6740/6740
f 6737/6737 6734/6734 6736/6736
f 6735/6735 6736/6736 6734/6734
f 6743/6743 6742/6742 6744/6744
f 6745/6745 6744/6744 6742/6742
f 6743/6743 6744/6744 6727/6727
f 6729/6729 6727/6727 6744/6744
f 6743/6743 6727/6727 6740/6740
f 6728/6728 6740/6740 6727/6727
f 6743/6743 6740/6740 6742/6742
f 6741/6741 6742/6742 6740/6740
f 6747/6747 6746/6746 6748/6748
f 6749/6749 6748/6748 6746/6746
f 6747/6747 6748/6748 6750/6750
f 6751/6751 6750/6750 6748/6748
f 6747/6747 6750/6750 6752/6752
f 6753/6753 6752/6752 6750/6750
f 6747/6747 6752/6752 6746/6746
f 6754/6754 6746/6746 6752/6752
f 6756/6756 6755/6755 6721/6721
f 6724/6724 6721/6721 6755/6755
f 6756/6756 6721/6721 6757/6757
f 6729/6729 6757/6757 6721/6721
f 6756/6756 6757/6757 6750/6750
f 6753/6753 6750/6750 6757/6757
f 6756/6756 6750/6750 6755/6755
f 6751/6751 6755/6755 6750/6750
f 6758/6758 6744/6744 6759/6759
f 6745/6745 6759/6759 6744/6744
f 6758/6758 6759/6759 6760/6760
f 6761/6761 6760/6760 6759/6759
f 6758/6758 6760/6760 6757/6757
f 6753/6753 6757/6757 6760/6760
f 6758/6758 6757/6757 6744/6744
f 6729/6729 6744/6744 6757/6757
f 6763/6763 6762/6762 6764/6764
f 6765/6765 6764/6764 6762/6762
f 6763/6763 6764/6764 6752/6752
f 6754/6754 6752/6752 6764/6764
f 6763/6763 6752/6752 6760/6760
f 6753/6753 6760/6760 6752/6752
f 6763/6763 6760/6760 6762/6762
f 6761/6761 6762/6762 6760/6760
f 6767/6767 6766/6766 6768/6768
f 6769/6769 6768/6768 6766/6766
f 6767/6767 6768/6768 6770/6770
f 6771/6771 6770/6770 6768/6768
f 6767/6767 6770/6770 6772/6772
f 6773/6773 6772/6772 6770/6770
f 6767/6767 6772/6772 6766/6766
f 6774/6774 6766/6766 6772/6772
f 6776/6776 6775/6775 6746/6746
f 6749/6749 6746/6746 6775/6775
f 6776/6776 6746/6746 6777/6777
f 6754/6754 6777/6777 6746/6746
f 6776/6776 6777/6777 6770/6770
f 6773/6773 6770/6770 6777/6777
f 6776/6776 6770/6770 6775/6775
f 6771/6771 6775/6775 6770/6770
f 6778/6778 6764/6764 6779/6779
f 6765/6765 6779/6779 6764/6764
f 6778/6778 6779/6779 6780/6780
f 6781/6781 6780/6780 6779/6779
f 6778/6778 6780/6780 6777/6777
f 6773/6773 6777/6777 6780/6780
f 6778/6778 6777/6777 6764/6764
f 6754/6754 6764/6764 6777/6777
f 6783/6783 6782/6782 6784/6784
f 6785/6785 6784/6784 6782/6782
f 6783/6783 6784/6784 6772/6772
f 6774/6774 6772/6772 6784/6784
f 6783/6783 6772/6772 6780/6780
f 6773/6773 6780/6780 6772/6772
f 6783/6783 6780/6780 6782/6782
f 6781/6781 6782/6782 6780/6780
f 6787/6787 6786/6786 6788/6788
f 6789/6789 6788/6788 6786/6786
f 6787/6787 6788/6788 6790/6790
f 6791/6791 6790/6790 6788/6788
f 6787/6787 6790/6790 6792/6792
f 6793/6793 6792/6792 6790/6790
f 6787/6787 6792/6792 6786/6786
f 6794/6794 6786/6786 6792/6792
f 6796/6796 6795/6795 6766/6766
f 6769/6769 6766/6766 6795/6795
f 6796/6796 6766/6766 6797/6797
f 6774/6774 6797/6797 6766/6766
f 6796/6796 6797/6797 6790/6790
f 6793/6793 6790/6790 6797/6797
f 6796/6796 6790/6790 6795/6795
f 6791/6791 6795/6795 6790/6790
f 6798/6798 6784/6784 6799/6799
f 6785/6785 6799/6799 6784/6784
f 6798/6798 6799/6799 6800/6800
f 6801/6801 6800/6800 6799/6799
f 6798/6798 6800/6800 6797/6797
f 6793/6793 6797/6797 6800/6800
f 6798/6798 6797/6797 6784/6784
f 6774/6774 6784/6784 6797/6797
f 6803/6803 6802/6802 6804/6804
f 6805/6805 6804/6804 6802/6802
f 6803/6803 6804/6804 6792/6792
f 6794/6794 6792/6792 6804/6804
f 6803/6803 6792/6792 6800/6800
f 6793/6793 6800/6800 6792/6792
f 6803/6803 6800/6800 6802/6802
f 6801/6801 6802/6802 6800/6800
f 6806/6806 6804/6804 6807/6807
f 6805/6805 6807/6807 6804/6804
f 6806/6806 6807/6807 6808/6808
f 6809/6809 6808/6808 6807/6807
f 6806/6806 6808/6808 6810/6810
f 6811/6811 6810/6810 6808/6808
f 6806/6806 6810/6810 6804/6804
f 6794/6794 6804/6804 6810/6810
f 6813/6813 6812/6812 6814/6814
f 6815/6815 6814/6814 6812/6812
f 6813/6813 6814/6814 6816/6816
f 6817/6817 6816/6816 6814/6814
f 6813/6813 6816/6816 6808/6808
f 6811/6811 6808/6808 6816/6816
f 6813/6813 6808/6808 6812/6812
f 6809/6809 6812/6812 6808/6808
f 6819/6819 6818/6818 6820/6820
f 6821/6821 6820/6820 6818/6818
f 6819/6819 6820/6820 6822/6822
f 6823/6823 6822/6822 6820/6820
f 6819/6819 6822/6822 6816/6816
f 6811/6811 6816/6816 6822/6822
f 6819/6819 6816/6816 6818/6818
f 6817/6817 6818/6818 6816/6816
f 6825/6825 6824/6824 6786/6786
f 6789/6789 6786/6786 6824/6824
f 6825/6825 6786/6786 6810/6810
f 6794/6794 6810/6810 6786/6786
f 6825/6825 6810/6810 6822/6822
f 6811/6811 6822/6822 6810/6810
f 6825/6825 6822/6822 6824/6824
f 6823/6823 6824/6824 6822/6822
f 6827/6827 6826/6826 6828/6828
f 6829/6829 6828/6828 6826/6826
f 6827/6827 6828/6828 6830/6830
f 6831/6831 6830/6830 6828/6828
f 6827/6827 6830/6830 6832/6832
f 6833/6833 6832/6832 6830/6830
f 6827/6827 6832/6832 6826/6826
f 6834/6834 6826/6826 6832/6832
f 6836/6836 6835/6835 6837/6837
f 6838/6838 6837/6837 6835/6835
f 6836/6836 6837/6837 6839/6839
f 6840/6840 6839/6839 6837/6837
f 6836/6836 6839/6839 6830/6830
f 6833/6833 6830/6830 6839/6839
f 6836/6836 6830/6830 6835/6835
f 6831/6831 6835/6835 6830/6830
f 6842/6842 6841/6841 6843/6843
f 6844/6844 6843/6843 6841/6841
f 6842/6842 6843/6843 6845/6845
f 6846/6846 6845/6845 6843/6843
f 6842/6842 6845/6845 6839/6839
f 6833/6833 6839/6839 6845/6845
f 6842/6842 6839/6839 6841/6841
f 6840/6840 6841/6841 6839/6839
f 6848/6848 6847/6847 6849/6849
f 6850/6850 6849/6849 6847/6847
f 6848/6848 6849/6849 6832/6832
f 6834/6834 6832/6832 6849/6849
f 6848/6848 6832/6832 6845/6845
f 6833/6833 6845/6845 6832/6832
f 6848/6848 6845/6845 6847/6847
f 6846/6846 6847/6847 6845/6845
f 6852/6852 6851/6851 6853/6853
f 6854/6854 6853/6853 6851/6851
f 6852/6852 6853/6853 6855/6855
f 6856/6856 6855/6855 6853/6853
f 6852/6852 6855/6855 6857/6857
f 6858/6858 6857/6857 6855/6855
f 6852/6852 6857/6857 6851/6851
f 6859/6859 6851/6851 6857/6857
f 6861/6861 6860/6860 6826/6826
f 6829/6829 6826/6826 6860/6860
f 6861/6861 6826/6826 6862/6862
f 6834/6834 6862/6862 6826/6826
f 6861/6861 6862/6862 6855/6855
f 6858/6858 6855/6855 6862/6862
f 6861/6861 6855/6855 6860/6860
f 6856/6856 6860/6860 6855/6855
f 6863/6863 6849/6849 6864/6864
f 6850/6850 6864/6864 6849/6849
f 6863/6863 6864/6864 6865/6865
f 6866/6866 6865/6865 6864/6864
f 6863/6863 6865/6865 6862/6862
f 6858/6858 6862/6862 6865/6865
f 6863/6863 6862/6862 6849/6849
f 6834/6834 6849/6849 6862/6862
f 6868/6868 6867/6867 6869/6869
f 6870/6870 6869/6869 6867/6867
f 6868/6868 6869/6869 6857/6857
f 6859/6859 6857/6857 6869/6869
f 6868/6868 6857/6857 6865/6865
f 6858/6858 6865/6865 6857/6857
f 6868/6868 6865/6865 6867/6867
f 6866/6866 6867/6867 6865/6865
f 6872/6872 6871/6871 6873/6873
f 6874/6874 6873/6873 6871/6871
f 6872/6872 6873/6873 6875/6875
f 6876/6876 6875/6875 6873/6873
f 6872/6872 6875/6875 6877/6877
f 6878/6878 6877/6877 6875/6875
f 6872/6872 6877/6877 6871/6871
f 6879/6879 6871/6871 6877/6877
f 6881/6881 6880/6880 6851/6851
f 6854/6854 6851/6851 6880/6880
f 6881/6881 6851/6851 6882/6882
f 6859/6859 6882/6882 6851/6851
f 6881/6881 6882/6882 6875/6875
f 6878/6878 6875/6875 6882/6882
f 6881/6881 6875/6875 6880/6880
f 6876/6876 6880/6880 6875/6875
f 6883/6883 6869/6869 6884/6884
f 6870/6870 6884/6884 6869/6869
f 6883/6883 6884/6884 6885/6885
f 6886/6886 6885/6885 6884/6884
f 6883/6883 6885/6885 6882/6882
f 6878/6878 6882/6882 6885/6885
f 6883/6883 6882/6882 6869/6869
f 6859/6859 6869/6869 6882/6882
f 6888/6888 6887/6887 6889/6889
f 6890/6890 6889/6889 6887/6887
f 6888/6888 6889/6889 6877/6877
f 6879/6879 6877/6877 6889/6889
f 6888/6888 6877/6877 6885/6885
f 6878/6878 6885/6885 6877/6877
f 6888/6888 6885/6885 6887/6887
f 6886/6886 6887/6887 6885/6885
f 6892/6892 6891/6891 6893/6893
f 6894/6894 6893/6893 6891/6891
f 6892/6892 6893/6893 6895/6895
f 6896/6896 6895/6895 6893/6893
f 6892/6892 6895/6895 6897/6897
f 6898/6898 6897/6897 6895/6895
f 6892/6892 6897/6897 6891/6891
f 6899/6899 6891/6891 6897/6897
f 6901/6901 6900/6900 6871/6871
f 6874/6874 6871/6871 6900/6900
f 6901/6901 6871/6871 6902/6902
f 6879/6879 6902/6902 6871/6871
f 6901/6901 6902/6902 6895/6895
f 6898/6898 6895/6895 6902/6902
f 6901/6901 6895/6895 6900/6900
f 6896/6896 6900/6900 6895/6895
f 6903/6903 6889/6889 6904/6904
f 6890/6890 6904/6904 6889/6889
f 6903/6903 6904/6904 6905/6905
f 6906/6906 6905/6905 6904/6904
f 6903/6903 6905/6905 6902/6902
f 6898/6898 6902/6902 6905/6905
f 6903/6903 6902/6902 6889/6889
f 6879/6879 6889/6889 6902/6902
f 6908/6908 6907/6907 6909/6909
f 6910/6910 6909/6909 6907/6907
f 6908/6908 6909/6909 6897/6897
f 6899/6899 6897/6897 6909/6909
f 6908/6908 6897/6897 6905/6905
f 6898/6898 6905/6905 6897/6897
f 6908/6908 6905/6905 6907/6907
f 6906/6906 6907/6907 6905/6905
f 6911/6911 6909/6909 6912/6912
f 6910/6910 6912/6912 6909/6909
f 6911/6911 6912/6912 6913/6913
f 6914/6914 6913/6913 6912/6912
f 6911/6911 6913/6913 6915/6915
f 6916/6916 6915/6915 6913/6913
f 6911/6911 6915/6915 6909/6909
f 6899/6899 6909/6909 6915/6915
f 6918/6918 6917/6917 6919/6919
f 6920/6920 6919/6919 6917/6917
f 6918/6918 6919/6919 6921/6921
f 6922/6922 6921/6921 6919/6919
f 6918/6918 6921/6921 6913/6913
f 6916/6916 6913/6913 6921/6921
f 6918/6918 6913/6913 6917/6917
f 6914/6914 6917/6917 6913/6913
f 6924/6924 6923/6923 6925/6925
f 6926/6926 6925/6925 6923/6923
f 6924/6924 6925/6925 6927/6927
f 6928/6928 6927/6927 6925/6925
f 6924/6924 6927/6927 6921/6921
f 6916/6916 6921/6921 6927/6927
f 6924/6924 6921/6921 6923/6923
f 6922/6922 6923/6923 6921/6921
f 6930/6930 6929/6929 6891/6891
f 6894/6894 6891/6891 6929/6929
f 6930/6930 6891/6891 6915/6915
f 6899/6899 6915/6915 6891/6891
f 6930/6930 6915/6915 6927/6927
f 6916/6916 6927/6927 6915/6915
f 6930/6930 6927/6927 6929/6929
f 6928/6928 6929/6929 6927/6927
f 6932/6932 6931/6931 6933/6933
f 6934/6934 6933/6933 6931/6931
f 6932/6932 6933/6933 6935/6935
f 6936/6936 6935/6935 6933/6933
f 6932/6932 6935/6935 6937/6937
f 6938/6938 6937/6937 6935/6935
f 6932/6932 6937/6937 6931/6931
f 6939/6939 6931/6931 6937/6937
f 6941/6941 6940/6940 6942/6942
f 6943/6943 6942/6942 6940/6940
f 6941/6941 6942/6942 6944/6944
f 6945/6945 6944/6944 6942/6942
f 6941/6941 6944/6944 6935/6935
f 6938/6938 6935/6935 6944/6944
f 6941/6941 6935/6935 6940/6940
f 6936/6936 6940/6940 6935/6935
f 6947/6947 6946/6946 6948/6948
f 6949/6949 6948/6948 6946/6946
f 6947/6947 6948/6948 6950/6950
f 6951/6951 6950/6950 6948/6948
f 6947/6947 6950/6950 6944/6944
f 6938/6938 6944/6944 6950/6950
f 6947/6947 6944/6944 6946/6946
f 6945/6945 6946/6946 6944/6944
f 6953/6953 6952/6952 6954/6954
f 6955/6955 6954/6954 6952/6952
f 6953/6953 6954/6954 6937/6937
f 6939/6939 6937/6937 6954/6954
f 6953/6953 6937/6937 6950/6950
f 6938/6938 6950/6950 6937/6937
f 6953/6953 6950/6950 6952/6952
f 6951/6951 6952/6952 6950/6950
f 6957/6957 6956/6956 6958/6958
f 6959/6959 6958/6958 6956/6956
f 6957/6957 6958/6958 6960/6960
f 6961/6961 6960/6960 6958/6958
f 6957/6957 6960/6960 6962/6962
f 6963/6963 6962/6962 6960/6960
f 6957/6957 6962/6962 6956/6956
f 6964/6964 6956/6956 6962/6962
f 6966/6966 6965/6965 6931/6931
f 6934/6934 6931/6931 6965/6965
f 6966/6966 6931/6931 6967/6967
f 6939/6939 6967/6967 6931/6931
f 6966/6966 6967/6967 6960/6960
f 6963/6963 6960/6960 6967/6967
f 6966/6966 6960/6960 6965/6965
f 6961/6961 6965/6965 6960/6960
f 6968/6968 6954/6954 6969/6969
f 6955/6955 6969/6969 6954/6954
f 6968/6968 6969/6969 6970/6970
f 6971/6971 6970/6970 6969/6969
f 6968/6968 6970/6970 6967/6967
f 6963/6963 6967/6967 6970/6970
f 6968/6968 6967/6967 6954/6954
f 6939/6939 6954/6954 6967/6967
f 6973/6973 6972/6972 6974/6974
f 6975/6975 6974/6974 6972/6972
f 6973/6973 6974/6974 6962/6962
f 6964/6964 6962/6962 6974/6974
f 6973/6973 6962/6962 6970/6970
f 6963/6963 6970/6970 6962/6962
f 6973/6973 6970/6970 6972/6972
f 6971/6971 6972/6972 6970/6970
f 6977/6977 6976/6976 6978/6978
f 6979/6979 6978/6978 6976/6976
f 6977/6977 6978/6978 6980/6980
f 6981/6981 6980/6980 6978/6978
f 6977/6977 6980/6980 6982/6982
f 6983/6983 6982/6982 6980/6980
f 6977/6977 6982/6982 6976/6976
f 6984/6984 6976/6976 6982/6982
f 6986/6986 6985/6985 6956/6956
f 6959/6959 6956/6956 6985/6985
f 6986/6986 6956/6956 6987/6987
f 6964/6964 6987/6987 6956/6956
f 6986/6986 6987/6987 6980/6980
f 6983/6983 6980/6980 6987/6987
f 6986/6986 6980/6980 6985/6985
f 6981/6981 6985/6985 6980/6980
f 6988/6988 6974/6974 6989/6989
f 6975/6975 6989/6989 6974/6974
f 6988/6988 6989/6989 6990/6990
f 6991/6991 6990/6990 6989/6989
f 6988/6988 6990/6990 6987/6987
f 6983/6983 6987/6987 6990/6990
f 6988/6988 6987/6987 6974/6974
f 6964/6964 6974/6974 6987/6987
f 6993/6993 6992/6992 6994/6994
f 6995/6995 6994/6994 6992/6992
f 6993/6993 6994/6994 6982/6982
f 6984/6984 6982/6982 6994/6994
f 6993/6993 6982/6982 6990/6990
f 6983/6983 6990/6990 6982/6982
f 6993/6993 6990/6990 6992/6992
f 6991/6991 6992/6992 6990/6990
f 6997/6997 6996/6996 6998/6998
f 6999/6999 6998/6998 6996/6996
f 6997/6997 6998/6998 7000/7000
f 7001/7001 7000/7000 6998/6998
f 6997/6997 7000/7000 7002/7002
f 7003/7003 7002/7002 7000/7000
f 6997/6997 7002/7002 6996/6996
f 7004/7004 6996/6996 7002/7002
f 7006/7006 7005/7005 6976/6976
f 6979/6979 6976/6976 7005/7005
f 7006/7006 6976/6976 7007/7007
f 6984/6984 7007/7007 6976/6976
f 7006/7006 7007/7007 7000/7000
f 7003/7003 7000/7000 7007/7007
f 7006/7006 7000/7000 7005/7005
f 7001/7001 7005/7005 7000/7000
f 7008/7008 6994/6994 7009/7009
f 6995/6995 7009/7009 6994/6994
f 7008/7008 7009/7009 7010/7010
f 7011/7011 7010/7010 7009/7009
f 7008/7008 7010/7010 7007/7007
f 7003/7003 7007/7007 7010/7010
f 7008/7008 7007/7007 6994/6994
f 6984/6984 6994/6994 7007/7007
f 7013/7013 7012/7012 7014/7014
f 7015/7015 7014/7014 7012/7012
f 7013/7013 7014/7014 7002/7002
f 7004/7004 7002/7002 7014/7014
f 7013/7013 7002/7002 7010/7010
f 7003/7003 7010/7010 7002/7002
f 7013/7013 7010/7010 7012/7012
f 7011/7011 7012/7012 7010/7010
f 7016/7016 7014/7014 7017/7017
f 7015/7015 7017/7017 7014/7014
f 7016/7016 7017/7017 7018/7018
f 7019/7019 7018/7018 7017/7017
f 7016/7016 7018/7018 7020/7020
f 7021/7021 7020/7020 7018/7018
f 7016/7016 7020/7020 7014/7014
f 7004/7004 7014/7014 7020/7020
f 7023/7023 7022/7022 7024/7024
f 7025/7025 7024/7024 7022/7022
f 7023/7023 7024/7024 7026/7026
f 7027/7027 7026/7026 7024/7024
f 7023/7023 7026/7026 7018/7018
f 7021/7021 7018/7018 7026/7026
f 7023/7023 7018/7018 7022/7022
f 7019/7019 7022/7022 7018/7018
f 7029/7029 7028/7028 7030/7030
f 7031/7031 7030/7030 7028/7028
f 7029/7029 7030/7030 7032/7032
f 7033/7033 7032/7032 7030/7030
f 7029/7029 7032/7032 7026/7026
f 7021/7021 7026/7026 7032/7032
f 7029/7029 7026/7026 7028/7028
f 7027/7027 7028/7028 7026/7026
f 7035/7035 7034/7034 6996/6996
f 6999/6999 6996/6996 7034/7034
f 7035/7035 6996/6996 7020/7020
f 7004/7004 7020/7020 6996/6996
f 7035/7035 7020/7020 7032/7032
f 7021/7021 7032/7032 7020/7020
f 7035/7035 7032/7032 7034/7034
f 7033/7033 7034/7034 7032/7032
f 7037/7037 7036/7036 7038/7038
f 7039/7039 7038/7038 7036/7036
f 7037/7037 7038/7038 7040/7040
f 7041/7041 7040/7040 7038/7038
f 7037/7037 7040/7040 7042/7042
f 7043/7043 7042/7042 7040/7040
f 7037/7037 7042/7042 7036/7036
f 7044/7044 7036/7036 7042/7042
f 7046/7046 7045/7045 7047/7047
f 7048/7048 7047/7047 7045/7045
f 7046/7046 7047/7047 7049/7049
f 7050/7050 7049/7049 7047/7047
f 7046/7046 7049/7049 7040/7040
f 7043/7043 7040/7040 7049/7049
f 7046/7046 7040/7040 7045/7045
f 7041/7041 7045/7045 7040/7040
f 7052/7052 7051/7051 7053/7053
f 7054/7054 7053/7053 7051/7051
f 7052/7052 7053/7053 7055/7055
f 7056/7056 7055/7055 7053/7053
f 7052/7052 7055/7055 7049/7049
f 7043/7043 7049/7049 7055/7055
f 7052/7052 7049/7049 7051/7051
f 7050/7050 7051/7051 7049/7049
f 7058/7058 7057/7057 7059/7059
f 7060/7060 7059/7059 7057/7057
f 7058/7058 7059/7059 7042/7042
f 7044/7044 7042/7042 7059/7059
f 7058/7058 7042/7042 7055/7055
f 7043/7043 7055/7055 7042/7042
f 7058/7058 7055/7055 7057/7057
f 7056/7056 7057/7057 7055/7055
f 7062/7062 7061/7061 7063/7063
f 7064/7064 7063/7063 7061/7061
f 7062/7062 7063/7063 7065/7065
f 7066/7066 7065/7065 7063/7063
f 7062/7062 7065/7065 7067/7067
f 7068/7068 7067/7067 7065/7065
f 7062/7062 7067/7067 7061/7061
f 7069/7069 7061/7061 7067/7067
f 7071/7071 7070/7070 7036/7036
f 7039/7039 7036/7036 7070/7070
f 7071/7071 7036/7036 7072/7072
f 7044/7044 7072/7072 7036/7036
f 7071/7071 7072/7072 7065/7065
f 7068/7068 7065/7065 7072/7072
f 7071/7071 7065/7065 7070/7070
f 7066/7066 7070/7070 7065/7065
f 7073/7073 7059/7059 7074/7074
f 7060/7060 7074/7074 7059/7059
f 7073/7073 7074/7074 7075/7075
f 7076/7076 7075/7075 7074/7074
f 7073/7073 7075/7075 7072/7072
f 7068/7068 7072/7072 7075/7075
f 7073/7073 7072/7072 7059/7059
f 7044/7044 7059/7059 7072/7072
f 7078/7078 7077/7077 7079/7079
f 7080/7080 7079/7079 7077/7077
f 7078/7078 7079/7079 7067/7067
f 7069/7069 7067/7067 7079/7079
f 7078/7078 7067/7067 7075/7075
f 7068/7068 7075/7075 7067/7067
f 7078/7078 7075/7075 7077/7077
f 7076/7076 7077/7077 7075/7075
f 7082/7082 7081/7081 7083/7083
f 7084/7084 7083/7083 7081/7081
f 7082/7082 7083/7083 7085/7085
f 7086/7086 7085/7085 7083/7083
f 7082/7082 7085/7085 7087/7087
f 7088/7088 7087/7087 7085/7085
f 7082/7082 7087/7087 7081/7081
f 7089/7089 7081/7081 7087/7087
f 7091/7091 7090/7090 7061/7061
f 7064/7064 7061/7061 7090/7090
f 7091/7091 7061/7061 7092/7092
f 7069/7069 7092/7092 7061/7061
f 7091/7091 7092/7092 7085/7085
f 7088/7088 7085/7085 7092/7092
f 7091/7091 7085/7085 7090/7090
f 7086/7086 7090/7090 7085/7085
f 7093/7093 7079/7079 7094/7094
f 7080/7080 7094/7094 7079/7079
f 7093/7093 7094/7094 7095/7095
f 7096/7096 7095/7095 7094/7094
f 7093/7093 7095/7095 7092/7092
f 7088/7088 7092/7092 7095/7095
f 7093/7093 7092/7092 7079/7079
f 7069/7069 7079/7079 7092/7092
f 7098/7098 7097/7097 7099/7099
f 7100/7100 7099/7099 7097/7097
f 7098/7098 7099/7099 7087/7087
f 7089/7089 7087/7087 7099/7099
f 7098/7098 7087/7087 7095/7095
f 7088/7088 7095/7095 7087/7087
f 7098/7098 7095/7095 7097/7097
f 7096/7096 7097/7097 7095/7095
f 7102/7102 7101/7101 7103/7103
f 7104/7104 7103/7103 7101/7101
f 7102/7102 7103/7103 7105/7105
f 7106/7106 7105/7105 7103/7103
f 7102/7102 7105/7105 7107/7107
f 7108/7108 7107/7107 7105/7105
f 7102/7102 7107/7107 7101/7101
f 7109/7109 7101/7101 7107/7107
f 7111/7111 7110/7110 7081/7081
f 7084/7084 7081/7081 7110/7110
f 7111/7111 7081/7081 7112/7112
f 7089/7089 7112/7112 7081/7081
f 7111/7111 7112/7112 7105/7105
f 7108/7108 7105/7105 7112/7112
f 7111/7111 7105/7105 7110/7110
f 7106/7106 7110/7110 7105/7105
f 7113/7113 7099/7099 7114/7114
f 7100/7100 7114/7114 7099/7099
f 7113/7113 7114/7114 7115/7115
f 7116/7116 7115/7115 7114/7114
f 7113/7113 7115/7115 7112/7112
f 7108/7108 7112/7112 7115/7115
f 7113/7113 7112/7112 7099/7099
f 7089/7089 7099/7099 7112/7112
f 7118/7118 7117/7117 7119/7119
f 7120/7120 7119/7119 7117/7117
f 7118/7118 7119/7119 7107/7107
f 7109/7109 7107/7107 7119/7119
f 7118/7118 7107/7107 7115/7115
f 7108/7108 7115/7115 7107/7107
f 7118/7118 7115/7115 7117/7117
f 7116/7116 7117/7117 7115/7115
f 7121/7121 7119/7119 7122/7122
f 7120/7120 7122/7122 7119/7119
f 7121/7121 7122/7122 7123/7123
f 7124/7124 7123/7123 7122/7122
f 7121/7121 7123/7123 7125/7125
f 7126/7126 7125/7125 7123/7123
f 7121/7121 7125/7125 7119/7119
f 7109/7109 7119/7119 7125/7125
f 7128/7128 7127/7127 7129/7129
f 7130/7130 7129/7129 7127/7127
f 7128/7128 7129/7129 7131/7131
f 7132/7132 7131/7131 7129/7129
f 7128/7128 7131/7131 7123/7123
f 7126/7126 7123/7123 7131/7131
f 7128/7128 7123/7123 7127/7127
f 7124/7124 7127/7127 7123/7123
f 7134/7134 7133/7133 7135/7135
f 7136/7136 7135/7135 7133/7133
f 7134/7134 7135/7135 7137/7137
f 7138/7138 7137/7137 7135/7135
f 7134/7134 7137/7137 7131/7131
f 7126/7126 7131/7131 7137/7137
f 7134/7134 7131/7131 7133/7133
f 7132/7132 7133/7133 7131/7131
f 7140/7140 7139/7139 7101/7101
f 7104/7104 7101/7101 7139/7139
f 7140/7140 7101/7101 7125/7125
f 7109/7109 7125/7125 7101/7101
f 7140/7140 7125/7125 7137/7137
f 7126/7126 7137/7137 7125/7125
f 7140/7140 7137/7137 7139/7139
f 7138/7138 7139/7139 7137/7137
f 7142/7142 7141/7141 7143/7143
f 7144/7144 7143/7143 7141/7141
f 7142/7142 7143/7143 7145/7145
f 7146/7146 7145/7145 7143/7143
f 7142/7142 7145/7145 7147/7147
f 7148/7148 7147/7147 7145/7145
f 7142/7142 7147/7147 7141/7141
f 7149/7149 7141/7141 7147/7147
f 7151/7151 7150/7150 7152/7152
f 7153/7153 7152/7152 7150/7150
f 7151/7151 7152/7152 7154/7154
f 7155/7155 7154/7154 7152/7152
f 7151/7151 7154/7154 7145/7145
f 7148/7148 7145/7145 7154/7154
f 7151/7151 7145/7145 7150/7150
f 7146/7146 7150/7150 7145/7145
f 7157/7157 7156/7156 7158/7158
f 7159/7159 7158/7158 7156/7156
f 7157/7157 7158/7158 7160/7160
f 7161/7161 7160/7160 7158/7158
f 7157/7157 7160/7160 7154/7154
f 7148/7148 7154/7154 7160/7160
f 7157/7157 7154/7154 7156/7156
f 7155/7155 7156/7156 7154/7154
f 7163/7163 7162/7162 7164/7164
f 7165/7165 7164/7164 7162/7162
f 7163/7163 7164/7164 7147/7147
f 7149/7149 7147/7147 7164/7164
f 7163/7163 7147/7147 7160/7160
f 7148/7148 7160/7160 7147/7147
f 7163/7163 7160/7160 7162/7162
f 7161/7161 7162/7162 7160/7160
f 7167/7167 7166/7166 7168/7168
f 7169/7169 7168/7168 7166/7166
f 7167/7167 7168/7168 7170/7170
f 7171/7171 7170/7170 7168/7168
f 7167/7167 7170/7170 7172/7172
f 7173/7173 7172/7172 7170/7170
f 7167/7167 7172/7172 7166/7166
f 7174/7174 7166/7166 7172/7172
f 7176/7176 7175/7175 7141/7141
f 7144/7144 7141/7141 7175/7175
f 7176/7176 7141/7141 7177/7177
f 7149/7149 7177/7177 7141/7141
f 7176/7176 7177/7177 7170/7170
f 7173/7173 7170/7170 7177/7177
f 7176/7176 7170/7170 7175/7175
f 7171/7171 7175/7175 7170/7170
f 7178/7178 7164/7164 7179/7179
f 7165/7165 7179/7179 7164/7164
f 7178/7178 7179/7179 7180/7180
f 7181/7181 7180/7180 7179/7179
f 7178/7178 7180/7180 7177/7177
f 7173/7173 7177/7177 7180/7180
f 7178/7178 7177/7177 7164/7164
f 7149/7149 7164/7164 7177/7177
f 7183/7183 7182/7182 7184/7184
f 7185/7185 7184/7184 7182/7182
f 7183/7183 7184/7184 7172/7172
f 7174/7174 7172/7172 7184/7184
f 7183/7183 7172/7172 7180/7180
f 7173/7173 7180/7180 7172/7172
f 7183/7183 7180/7180 7182/7182
f 7181/7181 7182/7182 7180/7180
f 7187/7187 7186/7186 7188/7188
f 7189/7189 7188/7188 7186/7186
f 7187/7187 7188/7188 7190/7190
f 7191/7191 7190/7190 7188/7188
f 7187/7187 7190/7190 7192/7192
f 7193/7193 7192/7192 7190/7190
f 7187/7187 7192/7192 7186/7186
f 7194/7194 7186/7186 7192/7192
f 7196/7196 7195/7195 7166/7166
f 7169/7169 7166/7166 7195/7195
f 7196/7196 7166/7166 7197/7197
f 7174/7174 7197/7197 7166/7166
f 7196/7196 7197/7197 7190/7190
f 7193/7193 7190/7190 7197/7197
f 7196/7196 7190/7190 7195/7195
f 7191/7191 7195/7195 7190/7190
f 7198/7198 7184/7184 7199/7199
f 7185/7185 7199/7199 7184/7184
f 7198/7198 7199/7199 7200/7200
f 7201/7201 7200/7200 7199/7199
f 7198/7198 7200/7200 7197/7197
f 7193/7193 7197/7197 7200/7200
f 7198/7198 7197/7197 7184/7184
f 7174/7174 7184/7184 7197/7197
f 7203/7203 7202/7202 7204/7204
f 7205/7205 7204/7204 7202/7202
f 7203/7203 7204/7204 7192/7192
f 7194/7194 7192/7192 7204/7204
f 7203/7203 7192/7192 7200/7200
f 7193/7193 7200/7200 7192/7192
f 7203/7203 7200/7200 7202/7202
f 7201/7201 7202/7202 7200/7200
f 7207/7207 7206/7206 7208/7208
f 7209/7209 7208/7208 7206/7206
f 7207/7207 7208/7208 7210/7210
f 7211/7211 7210/7210 7208/7208
f 7207/7207 7210/7210 7212/7212
f 7213/7213 7212/7212 7210/7210
f 7207/7207 7212/7212 7206/7206
f 7214/7214 7206/7206 7212/7212
f 7216/7216 7215/7215 7186/7186
f 7189/7189 7186/7186 7215/7215
f 7216/7216 7186/7186 7217/7217
f 7194/7194 7217/7217 7186/7186
f 7216/7216 7217/7217 7210/7210
f 7213/7213 7210/7210 7217/7217
f 7216/7216 7210/7210 7215/7215
f 7211/7211 7215/7215 7210/7210
f 7218/7218 7204/7204 7219/7219
f 7205/7205 7219/7219 7204/7204
f 7218/7218 7219/7219 7220/7220
f 7221/7221 7220/7220 7219/7219
f 7218/7218 7220/7220 7217/7217
f 7213/7213 7217/7217 7220/7220
f 7218/7218 7217/7217 7204/7204
f 7194/7194 7204/7204 7217/7217
f 7223/7223 7222/7222 7224/7224
f 7225/7225 7224/7224 7222/7222
f 7223/7223 7224/7224 7212/7212
f 7214/7214 7212/7212 7224/7224
f 7223/7223 7212/7212 7220/7220
f 7213/7213 7220/7220 7212/7212
f 7223/7223 7220/7220 7222/7222
f 7221/7221 7222/7222 7220/7220
f 7226/7226 7224/7224 7227/7227
f 7225/7225 7227/7227 7224/7224
f 7226/7226 7227/7227 7228/7228
f 7229/7229 7228/7228 7227/7227
f 7226/7226 7228/7228 7230/7230
f 7231/7231 7230/7230 7228/7228
f 7226/7226 7230/7230 7224/7224
f 7214/7214 7224/7224 7230/7230
f 7233/7233 7232/7232 7234/7234
f 7235/7235 7234/7234 7232/7232
f 7233/7233 7234/7234 7236/7236
f 7237/7237 7236/7236 7234/7234
f 7233/7233 7236/7236 7228/7228
f 7231/7231 7228/7228 7236/7236
f 7233/7233 7228/7228 7232/7232
f 7229/7229 7232/7232 7228/7228
f 7239/7239 7238/7238 7240/7240
f 7241/7241 7240/7240 7238/7238
f 7239/7239 7240/7240 7242/7242
f 7243/7243 7242/7242 7240/7240
f 7239/7239 7242/7242 7236/7236
f 7231/7231 7236/7236 7242/7242
f 7239/7239 7236/7236 7238/7238
f 7237/7237 7238/7238 7236/7236
f 7245/7245 7244/7244 7206/7206
f 7209/7209 7206/7206 7244/7244
f 7245/7245 7206/7206 7230/7230
f 7214/7214 7230/7230 7206/7206
f 7245/7245 7230/7230 7242/7242
f 7231/7231 7242/7242 7230/7230
f 7245/7245 7242/7242 7244/7244
f 7243/7243 7244/7244 7242/7242
f 7247/7247 7246/7246 7248/7248
f 7249/7249 7248/7248 7246/7246
f 7247/7247 7248/7248 7250/7250
f 7251/7251 7250/7250 7248/7248
f 7247/7247 7250/7250 7252/7252
f 7253/7253 7252/7252 7250/7250
f 7247/7247 7252/7252 7246/7246
f 7254/7254 7246/7246 7252/7252
f 7256/7256 7255/7255 7257/7257
f 7258/7258 7257/7257 7255/7255
f 7256/7256 7257/7257 7259/7259
f 7260/7260 7259/7259 7257/7257
f 7256/7256 7259/7259 7250/7250
f 7253/7253 7250/7250 7259/7259
f 7256/7256 7250/7250 7255/7255
f 7251/7251 7255/7255 7250/7250
f 7262/7262 7261/7261 7263/7263
f 7264/7264 7263/7263 7261/7261
f 7262/7262 7263/7263 7265/7265
f 7266/7266 7265/7265 7263/7263
f 7262/7262 7265/7265 7259/7259
f 7253/7253 7259/7259 7265/7265
f 7262/7262 7259/7259 7261/7261
f 7260/7260 7261/7261 7259/7259
f 7268/7268 7267/7267 7269/7269
f 7270/7270 7269/7269 7267/7267
f 7268/7268 7269/7269 7252/7252
f 7254/7254 7252/7252 7269/7269
f 7268/7268 7252/7252 7265/7265
f 7253/7253 7265/7265 7252/7252
f 7268/7268 7265/7265 7267/7267
f 7266/7266 7267/7267 7265/7265
f 7272/7272 7271/7271 7273/7273
f 7274/7274 7273/7273 7271/7271
f 7272/7272 7273/7273 7275/7275
f 7276/7276 7275/7275 7273/7273
f 7272/7272 7275/7275 7277/7277
f 7278/7278 7277/7277 7275/7275
f 7272/7272 7277/7277 7271/7271
f 7279/7279 7271/7271 7277/7277
f 7281/7281 7280/7280 7246/7246
f 7249/7249 7246/7246 7280/7280
f 7281/7281 7246/7246 7282/7282
f 7254/7254 7282/7282 7246/7246
f 7281/7281 7282/7282 7275/7275
f 7278/7278 7275/7275 7282/7282
f 7281/7281 7275/7275 7280/7280
f 7276/7276 7280/7280 7275/7275
f 7283/7283 7269/7269 7284/7284
f 7270/7270 7284/7284 7269/7269
f 7283/7283 7284/7284 7285/7285
f 7286/7286 7285/7285 7284/7284
f 7283/7283 7285/7285 7282/7282
f 7278/7278 7282/7282 7285/7285
f 7283/7283 7282/7282 7269/7269
f 7254/7254 7269/7269 7282/7282
f 7288/7288 7287/7287 7289/7289
f 7290/7290 7289/7289 7287/7287
f 7288/7288 7289/7289 7277/7277
f 7279/7279 7277/7277 7289/7289
f 7288/7288 7277/7277 7285/7285
f 7278/7278 7285/7285 7277/7277
f 7288/7288 7285/7285 7287/7287
f 7286/7286 7287/7287 7285/7285
f 7292/7292 7291/7291 7293/7293
f 7294/7294 7293/7293 7291/7291
f 7292/7292 7293/7293 7295/7295
f 7296/7296 7295/7295 7293/7293
f 7292/7292 7295/7295 7297/7297
f 7298/7298 7297/7297 7295/7295
f 7292/7292 7297/7297 7291/7291
f 7299/7299 7291/7291 7297/7297
f 7301/7301 7300/7300 7271/7271
f 7274/7274 7271/7271 7300/7300
f 7301/7301 7271/7271 7302/7302
f 7279/7279 7302/7302 7271/7271
f 7301/7301 7302/7302 7295/7295
f 7298/7298 7295/7295 7302/7302
f 7301/7301 7295/7295 7300/7300
f 7296/7296 7300/7300 7295/7295
f 7303/7303 7289/7289 7304/7304
f 7290/7290 7304/7304 7289/7289
f 7303/7303 7304/7304 7305/7305
f 7306/7306 7305/7305 7304/7304
f 7303/7303 7305/7305 7302/7302
f 7298/7298 7302/7302 7305/7305
f 7303/7303 7302/7302 7289/7289
f 7279/7279 7289/7289 7302/7302
f 7308/7308 7307/7307 7309/7309
f 7310/7310 7309/7309 7307/7307
f 7308/7308 7309/7309 7297/7297
f 7299/7299 7297/7297 7309/7309
f 7308/7308 7297/7297 7305/7305
f 7298/7298 7305/7305 7297/7297
f 7308/7308 7305/7305 7307/7307
f 7306/7306 7307/7307 7305/7305
f 7312/7312 7311/7311 7313/7313
f 7314/7314 7313/7313 7311/7311
f 7312/7312 7313/7313 7315/7315
f 7316/7316 7315/7315 7313/7313
f 7312/7312 7315/7315 7317/7317
f 7318/7318 7317/7317 7315/7315
f 7312/7312 7317/7317 7311/7311
f 7319/7319 7311/7311 7317/7317
f 7321/7321 7320/7320 7291/7291
f 7294/7294 7291/7291 7320/7320
f 7321/7321 7291/7291 7322/7322
f 7299/7299 7322/7322 7291/7291
f 7321/7321 7322/7322 7315/7315
f 7318/7318 7315/7315 7322/7322
f 7321/7321 7315/7315 7320/7320
f 7316/7316 7320/7320 7315/7315
f 7323/7323 7309/7309 7324/7324
f 7310/7310 7324/7324 7309/7309
f 7323/7323 7324/7324 7325/7325
f 7326/7326 7325/7325 7324/7324
f 7323/7323 7325/7325 7322/7322
f 7318/7318 7322/7322 7325/7325
f 7323/7323 7322/7322 7309/7309
f 7299/7299 7309/7309 7322/7322
f 7328/7328 7327/7327 7329/7329
f 7330/7330 7329/7329 7327/7327
f 7328/7328 7329/7329 7317/7317
f 7319/7319 7317/7317 7329/7329
f 7328/7328 7317/7317 7325/7325
f 7318/7318 7325/7325 7317/7317
f 7328/7328 7325/7325 7327/7327
f 7326/7326 7327/7327 7325/7325
f 7331/7331 7329/7329 7332/7332
f 7330/7330 7332/7332 7329/7329
f 7331/7331 7332/7332 7333/7333
f 7334/7334 7333/7333 7332/7332
f 7331/7331 7333/7333 7335/7335
f 7336/7336 7335/7335 7333/7333
f 7331/7331 7335/7335 7329/7329
f 7319/7319 7329/7329 7335/7335
f 7338/7338 7337/7337 7339/7339
f 7340/7340 7339/7339 7337/7337
f 7338/7338 7339/7339 7341/7341
f 7342/7342 7341/7341 7339/7339
f 7338/7338 7341/7341 7333/7333
f 7336/7336 7333/7333 7341/7341
f 7338/7338 7333/7333 7337/7337
f 7334/7334 7337/7337 7333/7333
f 7344/7344 7343/7343 7345/7345
f 7346/7346 7345/7345 7343/7343
f 7344/7344 7345/7345 7347/7347
f 7348/7348 7347/7347 7345/7345
f 7344/7344 7347/7347 7341/7341
f 7336/7336 7341/7341 7347/7347
f 7344/7344 7341/7341 7343/7343
f 7342/7342 7343/7343 7341/7341
f 7350/7350 7349/7349 7311/7311
f 7314/7314 7311/7311 7349/7349
f 7350/7350 7311/7311 7335/7335
f 7319/7319 7335/7335 7311/7311
f 7350/7350 7335/7335 7347/7347
f 7336/7336 7347/7347 7335/7335
f 7350/7350 7347/7347 7349/7349
f 7348/7348 7349/7349 7347/7347
f 7352/7352 7351/7351 7353/7353
f 7354/7354 7353/7353 7351/7351
f 7352/7352 7353/7353 7355/7355
f 7356/7356 7355/7355 7353/7353
f 7352/7352 7355/7355 7357/7357
f 7358/7358 7357/7357 7355/7355
f 7352/7352 7357/7357 7351/7351
f 7359/7359 7351/7351 7357/7357
f 7361/7361 7360/7360 7362/7362
f 7363/7363 7362/7362 7360/7360
f 7361/7361 7362/7362 7364/7364
f 7365/7365 7364/7364 7362/7362
f 7361/7361 7364/7364 7355/7355
f 7358/7358 7355/7355 7364/7364
f 7361/7361 7355/7355 7360/7360
f 7356/7356 7360/7360 7355/7355
f 7367/7367 7366/7366 7368/7368
f 7369/7369 7368/7368 7366/7366
f 7367/7367 7368/7368 7370/7370
f 7371/7371 7370/7370 7368/7368
f 7367/7367 7370/7370 7364/7364
f 7358/7358 7364/7364 7370/7370
f 7367/7367 7364/7364 7366/7366
f 7365/7365 7366/7366 7364/7364
f 7373/7373 7372/7372 7374/7374
f 7375/7375 7374/7374 7372/7372
f 7373/7373 7374/7374 7357/7357
f 7359/7359 7357/7357 7374/7374
f 7373/7373 7357/7357 7370/7370
f 7358/7358 7370/7370 7357/7357
f 7373/7373 7370/7370 7372/7372
f 7371/7371 7372/7372 7370/7370
f 7377/7377 7376/7376 7378/7378
f 7379/7379 7378/7378 7376/7376
f 7377/7377 7378/7378 7380/7380
f 7381/7381 7380/7380 7378/7378
f 7377/7377 7380/7380 7382/7382
f 7383/7383 7382/7382 7380/7380
f 7377/7377 7382/7382 7376/7376
f 7384/7384 7376/7376 7382/7382
f 7386/7386 7385/7385 7351/7351
f 7354/7354 7351/7351 7385/7385
f 7386/7386 7351/7351 7387/7387
f 7359/7359 7387/7387 7351/7351
f 7386/7386 7387/7387 7380/7380
f 7383/7383 7380/7380 7387/7387
f 7386/7386 7380/7380 7385/7385
f 7381/7381 7385/7385 7380/7380
f 7388/7388 7374/7374 7389/7389
f 7375/7375 7389/7389 7374/7374
f 7388/7388 7389/7389 7390/7390
f 7391/7391 7390/7390 7389/7389
f 7388/7388 7390/7390 7387/7387
f 7383/7383 7387/7387 7390/7390
f 7388/7388 7387/7387 7374/7374
f 7359/7359 7374/7374 7387/7387
f 7393/7393 7392/7392 7394/7394
f 7395/7395 7394/7394 7392/7392
f 7393/7393 7394/7394 7382/7382
f 7384/7384 7382/7382 7394/7394
f 7393/7393 7382/7382 7390/7390
f 7383/7383 7390/7390 7382/7382
f 7393/7393 7390/7390 7392/7392
f 7391/7391 7392/7392 7390/7390
f 7397/7397 7396/7396 7398/7398
f 7399/7399 7398/7398 7396/7396
f 7397/7397 7398/7398 7400/7400
f 7401/7401 7400/7400 7398/7398
f 7397/7397 7400/7400 7402/7402
f 7403/7403 7402/7402 7400/7400
f 7397/7397 7402/7402 7396/7396
f 7404/7404 7396/7396 7402/7402
f 7406/7406 7405/7405 7376/7376
f 7379/7379 7376/7376 7405/7405
f 7406/7406 7376/7376 7407/7407
f 7384/7384 7407/7407 7376/7376
f 7406/7406 7407/7407 7400/7400
f 7403/7403 7400/7400 7407/7407
f 7406/7406 7400/7400 7405/7405
f 7401/7401 7405/7405 7400/7400
f 7408/7408 7394/7394 7409/7409
f 7395/7395 7409/7409 7394/7394
f 7408/7408 7409/7409 7410/7410
f 7411/7411 7410/7410 7409/7409
f 7408/7408 7410/7410 7407/7407
f 7403/7403 7407/7407 7410/7410
f 7408/7408 7407/7407 7394/7394
f 7384/7384 7394/7394 7407/7407
f 7413/7413 7412/7412 7414/7414
f 7415/7415 7414/7414 7412/7412
f 7413/7413 7414/7414 7402/7402
f 7404/7404 7402/7402 7414/7414
f 7413/7413 7402/7402 7410/7410
f 7403/7403 7410/7410 7402/7402
f 7413/7413 7410/7410 7412/7412
f 7411/7411 7412/7412 7410/7410
f 7417/7417 7416/7416 7418/7418
f 7419/7419 7418/7418 7416/7416
f 7417/7417 7418/7418 7420/7420
f 7421/7421 7420/7420 7418/7418
f 7417/7417 7420/7420 7422/7422
f 7423/7423 7422/7422 7420/7420
f 7417/7417 7422/7422 7416/7416
f 7424/7424 7416/7416 7422/7422
f 7426/7426 7425/7425 7396/7396
f 7399/7399 7396/7396 7425/7425
f 7426/7426 7396/7396 7427/7427
f 7404/7404 7427/7427 7396/7396
f 7426/7426 7427/7427 7420/7420
f 7423/7423 7420/7420 7427/7427
f 7426/7426 7420/7420 7425/7425
f 7421/7421 7425/7425 7420/7420
f 7428/7428 7414/7414 7429/7429
f 7415/7415 7429/7429 7414/7414
f 7428/7428 7429/7429 7430/7430
f 7431/7431 7430/7430 7429/7429
f 7428/7428 7430/7430 7427/7427
f 7423/7423 7427/7427 7430/7430
f 7428/7428 7427/7427 7414/7414
f 7404/7404 7414/7414 7427/7427
f 7433/7433 7432/7432 7434/7434
f 7435/7435 7434/7434 7432/7432
f 7433/7433 7434/7434 7422/7422
f 7424/7424 7422/7422 7434/7434
f 7433/7433 7422/7422 7430/7430
f 7423/7423 7430/7430 7422/7422
f 7433/7433 7430/7430 7432/7432
f 7431/7431 7432/7432 7430/7430
f 7436/7436 7434/7434 7437/7437
f 7435/7435 7437/7437 7434/7434
f 7436/7436 7437/7437 7438/7438
f 7439/7439 7438/7438 7437/7437
f 7436/7436 7438/7438 7440/7440
f 7441/7441 7440/7440 7438/7438
f 7436/7436 7440/7440 7434/7434
f 7424/7424 7434/7434 7440/7440
f 7443/7443 7442/7442 7444/7444
f 7445/7445 7444/7444 7442/7442
f 7443/7443 7444/7444 7446/7446
f 7447/7447 7446/7446 7444/7444
f 7443/7443 7446/7446 7438/7438
f 7441/7441 7438/7438 7446/7446
f 7443/7443 7438/7438 7442/7442
f 7439/7439 7442/7442 7438/7438
f 7449/7449 7448/7448 7450/7450
f 7451/7451 7450/7450 7448/7448
f 7449/7449 7450/7450 7452/7452
f 7453/7453 7452/7452 7450/7450
f 7449/7449 7452/7452 7446/7446
f 7441/7441 7446/7446 7452/7452
f 7449/7449 7446/7446 7448/7448
f 7447/7447 7448/7448 7446/7446
f 7455/7455 7454/7454 7416/7416
f 7419/7419 7416/7416 7454/7454
f 7455/7455 7416/7416 7440/7440
f 7424/7424 7440/7440 7416/7416
f 7455/7455 7440/7440 7452/7452
f 7441/7441 7452/7452 7440/7440
f 7455/7455 7452/7452 7454/7454
f 7453/7453 7454/7454 7452/7452
f 7457/7457 7456/7456 7458/7458
f 7459/7459 7458/7458 7456/7456
f 7457/7457 7458/7458 7460/7460
f 7461/7461 7460/7460 7458/7458
f 7457/7457 7460/7460 7462/7462
f 7463/7463 7462/7462 7460/7460
f 7457/7457 7462/7462 7456/7456
f 7464/7464 7456/7456 7462/7462
f 7466/7466 7465/7465 7467/7467
f 7468/7468 7467/7467 7465/7465
f 7466/7466 7467/7467 7469/7469
f 7470/7470 7469/7469 7467/7467
f 7466/7466 7469/7469 7460/7460
f 7463/7463 7460/7460 7469/7469
f 7466/7466 7460/7460 7465/7465
f 7461/7461 7465/7465 7460/7460
f 7472/7472 7471/7471 7473/7473
f 7474/7474 7473/7473 7471/7471
f 7472/7472 7473/7473 7475/7475
f 7476/7476 7475/7475 7473/7473
f 7472/7472 7475/7475 7469/7469
f 7463/7463 7469/7469 7475/7475
f 7472/7472 7469/7469 7471/7471
f 7470/7470 7471/7471 7469/7469
f 7478/7478 7477/7477 7479/7479
f 7480/7480 7479/7479 7477/7477
f 7478/7478 7479/7479 7462/7462
f 7464/7464 7462/7462 7479/7479
f 7478/7478 7462/7462 7475/7475
f 7463/7463 7475/7475 7462/7462
f 7478/7478 7475/7475 7477/7477
f 7476/7476 7477/7477 7475/7475
f 7482/7482 7481/7481 7483/7483
f 7484/7484 7483/7483 7481/7481
f 7482/7482 7483/7483 7485/7485
f 7486/7486 7485/7485 7483/7483
f 7482/7482 7485/7485 7487/7487
f 7488/7488 7487/7487 7485/7485
f 7482/7482 7487/7487 7481/7481
f 7489/7489 7481/7481 7487/7487
f 7491/7491 7490/7490 7456/7456
f 7459/7459 7456/7456 7490/7490
f 7491/7491 7456/7456 7492/7492
f 7464/7464 7492/7492 7456/7456
f 7491/7491 7492/7492 7485/7485
f 7488/7488 7485/7485 7492/7492
f 7491/7491 7485/7485 7490/7490
f 7486/7486 7490/7490 7485/7485
f 7493/7493 7479/7479 7494/7494
f 7480/7480 7494/7494 7479/7479
f 7493/7493 7494/7494 7495/7495
f 7496/7496 7495/7495 7494/7494
f 7493/7493 7495/7495 7492/7492
f 7488/7488 7492/7492 7495/7495
f 7493/7493 7492/7492 7479/7479
f 7464/7464 7479/7479 7492/7492
f 7498/7498 7497/7497 7499/7499
f 7500/7500 7499/7499 7497/7497
f 7498/7498 7499/7499 7487/7487
f 7489/7489 7487/7487 7499/7499
f 7498/7498 7487/7487 7495/7495
f 7488/7488 7495/7495 7487/7487
f 7498/7498 7495/7495 7497/7497
f 7496/7496 7497/7497 7495/7495
f 7502/7502 7501/7501 7503/7503
f 7504/7504 7503/7503 7501/7501
f 7502/7502 7503/7503 7505/7505
f 7506/7506 7505/7505 7503/7503
f 7502/7502 7505/7505 7507/7507
f 7508/7508 7507/7507 7505/7505
f 7502/7502 7507/7507 7501/7501
f 7509/7509 7501/7501 7507/7507
f 7511/7511 7510/7510 7481/7481
f 7484/7484 7481/7481 7510/7510
f 7511/7511 7481/7481 7512/7512
f 7489/7489 7512/7512 7481/7481
f 7511/7511 7512/7512 7505/7505
f 7508/7508 7505/7505 7512/7512
f 7511/7511 7505/7505 7510/7510
f 7506/7506 7510/7510 7505/7505
f 7513/7513 7499/7499 7514/7514
f 7500/7500 7514/7514 7499/7499
f 7513/7513 7514/7514 7515/7515
f 7516/7516 7515/7515 7514/7514
f 7513/7513 7515/7515 7512/7512
f 7508/7508 7512/7512 7515/7515
f 7513/7513 7512/7512 7499/7499
f 7489/7489 7499/7499 7512/7512
f 7518/7518 7517/7517 7519/7519
f 7520/7520 7519/7519 7517/7517
f 7518/7518 7519/7519 7507/7507
f 7509/7509 7507/7507 7519/7519
f 7518/7518 7507/7507 7515/7515
f 7508/7508 7515/7515 7507/7507
f 7518/7518 7515/7515 7517/7517
f 7516/7516 7517/7517 7515/7515
f 7522/7522 7521/7521 7523/7523
f 7524/7524 7523/7523 7521/7521
f 7522/7522 7523/7523 7525/7525
f 7526/7526 7525/7525 7523/7523
f 7522/7522 7525/7525 7527/7527
f 7528/7528 7527/7527 7525/7525
f 7522/7522 7527/7527 7521/7521
f 7529/7529 7521/7521 7527/7527
f 7531/7531 7530/7530 7501/7501
f 7504/7504 7501/7501 7530/7530
f 7531/7531 7501/7501 7532/7532
f 7509/7509 7532/7532 7501/7501
f 7531/7531 7532/7532 7525/7525
f 7528/7528 7525/7525 7532/7532
f 7531/7531 7525/7525 7530/7530
f 7526/7526 7530/7530 7525/7525
f 7533/7533 7519/7519 7534/7534
f 7520/7520 7534/7534 7519/7519
f 7533/7533 7534/7534 7535/7535
f 7536/7536 7535/7535 7534/7534
f 7533/7533 7535/7535 7532/7532
f 7528/7528 7532/7532 7535/7535
f 7533/7533 7532/7532 7519/7519
f 7509/7509 7519/7519 7532/7532
f 7538/7538 7537/7537 7539/7539
f 7540/7540 7539/7539 7537/7537
f 7538/7538 7539/7539 7527/7527
f 7529/7529 7527/7527 7539/7539
f 7538/7538 7527/7527 7535/7535
f 7528/7528 7535/7535 7527/7527
f 7538/7538 7535/7535 7537/7537
f 7536/7536 7537/7537 7535/7535
f 7541/7541 7539/7539 7542/7542
f 7540/7540 7542/7542 7539/7539
f 7541/7541 7542/7542 7543/7543
f 7544/7544 7543/7543 7542/7542
f 7541/7541 7543/7543 7545/7545
f 7546/7546 7545/7545 7543/7543
f 7541/7541 7545/7545 7539/7539
f 7529/7529 7539/7539 7545/7545
f 7548/7548 7547/7547 7549/7549
f 7550/7550 7549/7549 7547/7547
f 7548/7548 7549/7549 7551/7551
f 7552/7552 7551/7551 7549/7549
f 7548/7548 7551/7551 7543/7543
f 7546/7546 7543/7543 7551/7551
f 7548/7548 7543/7543 7547/7547
f 7544/7544 7547/7547 7543/7543
f 7554/7554 7553/7553 7555/7555
f 7556/7556 7555/7555 7553/7553
f 7554/7554 7555/7555 7557/7557
f 7558/7558 7557/7557 7555/7555
f 7554/7554 7557/7557 7551/7551
f 7546/7546 7551/7551 7557/7557
f 7554/7554 7551/7551 7553/7553
f 7552/7552 7553/7553 7551/7551
f 7560/7560 7559/7559 7521/7521
f 7524/7524 7521/7521 7559/7559
f 7560/7560 7521/7521 7545/7545
f 7529/7529 7545/7545 7521/7521
f 7560/7560 7545/7545 7557/7557
f 7546/7546 7557/7557 7545/7545
f 7560/7560 7557/7557 7559/7559
f 7558/7558 7559/7559 7557/7557

v -7.894112 1.547981 1.866202
v -8.052009 1.506365 1.940756
v -8.278622 1.506592 1.516988
v -8.121149 1.548496 1.442803
v -8.201373 1.458949 2.007885
v -8.427941 1.459147 1.584078
v -7.825596 1.506274 2.364698
v -7.974598 1.458612 2.431512
v -7.667006 1.547419 2.289542
v -8.572332 1.408350 1.646880
v -8.346054 1.408350 2.070939
v -8.487221 1.355362 2.130936
v -8.713500 1.355362 1.706877
v -8.119775 1.408350 2.494998
v -8.260942 1.355362 2.554995
v -8.034663 1.355362 2.979054
v -7.893497 1.408350 2.919057
v -7.667218 1.408350 3.343116
v -7.808385 1.355362 3.403113
v -7.748816 1.458949 2.856003
v -7.522827 1.459147 3.280314
v -7.373507 1.506592 3.213224
v -7.599451 1.506365 2.788874
v -7.441554 1.547981 2.714320
v -7.216034 1.548496 3.139039
v -7.201737 1.602505 1.511196
v -7.380433 1.616568 1.606142
v -7.606659 1.617363 1.182083
v -7.427897 1.604308 1.087138
v -7.556953 1.607966 1.698024
v -7.783476 1.608852 1.274217
v -7.154175 1.616250 2.030201
v -7.330255 1.606447 2.121650
v -6.975588 1.600541 1.935255
v -7.956136 1.585276 1.362059
v -7.729523 1.585048 1.785826
v -7.503110 1.584957 2.209769
v -7.276965 1.585048 2.633945
v -7.051022 1.585276 3.058294
v -7.104395 1.607966 2.546142
v -6.878361 1.608852 2.970454
v -6.701544 1.617363 2.878319
v -6.927875 1.616568 2.454260
v -6.749179 1.602505 2.359315
v -6.522782 1.604308 2.783374
v -6.514696 1.375682 1.141533
v -6.679419 1.454533 1.230515
v -6.905491 1.454715 0.806336
v -6.740508 1.376096 0.717203
v -6.849946 1.520380 1.322544
v -7.076000 1.521227 0.898382
v -6.453222 1.454460 1.654621
v -6.624051 1.518928 1.746781
v -6.288926 1.375232 1.565888
v -7.250317 1.573334 0.992187
v -7.024091 1.572539 1.416245
v -6.797833 1.572221 1.840305
v -6.571533 1.572539 2.264364
v -6.345202 1.573334 2.688423
v -6.397388 1.520380 2.170663
v -6.170885 1.521227 2.594618
v -6.000376 1.454715 2.502573
v -6.226861 1.454533 2.078633
v -6.062139 1.375682 1.989651
v -5.835393 1.376096 2.413439
v -5.897086 0.974528 0.807116
v -6.046736 1.095661 0.888794
v -6.273002 1.096251 0.464756
v -6.123335 0.975865 0.383105
v -6.198882 1.199830 0.971181
v -6.424971 1.200499 0.547037
v -5.820463 1.095425 1.312844
v -5.972929 1.198682 1.395386
v -5.670839 0.973070 1.231122
v -6.580167 1.293364 0.630765
v -6.354094 1.293181 1.054944
v -6.127898 1.293108 1.479051
v -5.901536 1.293181 1.903062
v -5.675052 1.293364 2.327002
v -5.746325 1.199830 1.819300
v -5.519856 1.200499 2.243274
v -5.367887 1.096251 2.160992
v -5.594179 1.095661 1.736912
v -5.444528 0.974528 1.655234
v -5.218220 0.975865 2.079342
v -5.295137 0.841592 1.573128
v -5.068846 0.842182 1.997208
v -5.146078 0.693609 1.490475
v -4.919788 0.694120 1.914553
v -5.521421 0.841356 1.149060
v -5.372376 0.692732 1.066384
v -4.770923 0.537364 1.831581
v -4.997201 0.537364 1.407522
v -4.848461 0.374922 1.324345
v -4.622182 0.374922 1.748404
v -5.223480 0.537364 0.983463
v -5.074739 0.374922 0.900286
v -5.301018 0.374922 0.476226
v -5.449759 0.537364 0.559404
v -5.676037 0.537364 0.135345
v -5.527297 0.374922 0.052167
v -5.598636 0.693609 0.642357
v -5.824903 0.694120 0.218316
v -5.973960 0.842182 0.300972
v -5.747695 0.841592 0.725009
v -6.233563 1.121184 -1.745586
v -6.320339 1.068014 -1.879494
v -5.946369 0.969197 -2.109990
v -5.859928 1.022613 -1.976512
v -6.400362 1.009890 -2.004934
v -6.026358 0.911048 -2.235394
v -6.694473 1.166951 -1.649185
v -6.774210 1.108613 -1.774271
v -6.607148 1.219719 -1.514590
v -6.102441 0.850039 -2.355905
v -6.476676 0.949052 -2.125729
v -6.550213 0.886171 -2.243034
v -6.175976 0.787158 -2.473211
v -6.850916 1.048061 -1.895557
v -6.924450 0.985183 -2.012861
v -7.298687 1.084196 -1.782694
v -7.225153 1.147075 -1.665385
v -7.599392 1.246087 -1.435216
v -7.672923 1.183206 -1.552517
v -7.148839 1.207915 -1.544592
v -7.523306 1.307095 -1.314707
v -7.443319 1.365244 -1.189309
v -7.068814 1.266037 -1.419146
v -6.982039 1.319209 -1.285238
v -7.356878 1.418663 -1.055821
v -5.844136 1.233718 -1.137453
v -5.943965 1.230784 -1.299159
v -5.569622 1.132505 -1.529421
v -5.469654 1.136370 -1.367828
v -6.043812 1.207120 -1.455056
v -5.669705 1.108913 -1.685597
v -6.318247 1.329501 -1.068953
v -6.417820 1.304753 -1.224256
v -6.218647 1.330922 -0.907056
v -5.767518 1.071661 -1.835539
v -6.141486 1.170478 -1.605031
v -6.515620 1.269410 -1.374729
v -6.889963 1.368500 -1.144690
v -7.264465 1.467705 -0.914847
v -6.792287 1.405146 -0.994713
v -7.166659 1.504960 -0.764911
v -7.066568 1.528554 -0.608736
v -6.692440 1.428808 -0.838819
v -6.592610 1.431744 -0.677110
v -6.966600 1.532415 -0.447145
v -5.479063 1.086994 -0.485714
v -5.563660 1.144509 -0.646239
v -5.189271 1.045681 -0.876259
v -5.104489 0.988396 -0.715543
v -5.653257 1.189665 -0.809661
v -5.278793 1.091448 -1.039782
v -5.937957 1.243448 -0.416127
v -6.027880 1.287316 -0.579580
v -5.853675 1.185554 -0.255914
v -5.372160 1.123718 -1.204188
v -5.746505 1.221995 -0.973923
v -6.120786 1.320716 -0.743717
v -6.494977 1.420022 -0.513582
v -6.869106 1.519766 -0.283501
v -6.401731 1.387689 -0.349319
v -6.775743 1.487495 -0.119095
v -6.686220 1.441727 0.044429
v -6.312135 1.342533 -0.185894
v -6.227540 1.285017 -0.025368
v -6.601436 1.384442 0.205147
v -5.175222 0.775132 0.134604
v -5.246252 0.872588 -0.019863
v -4.871954 0.774118 -0.250124
v -4.800848 0.677349 -0.095773
v -5.320397 0.954283 -0.173608
v -4.945975 0.855901 -0.403731
v -5.620516 0.971383 0.210348
v -5.694947 1.052218 0.056473
v -5.549607 0.872803 0.364999
v -5.023107 0.926992 -0.558228
v -5.397491 1.025822 -0.328207
v -5.771790 1.124756 -0.098096
v -6.145966 1.223842 0.132135
v -6.520055 1.323038 0.362459
v -6.068871 1.152306 0.286735
v -6.442927 1.251946 0.516960
v -6.368905 1.170166 0.670567
v -5.994729 1.070611 0.440483
v -5.923695 0.973155 0.594947
v -6.297796 1.073395 0.824914
v -5.853862 0.864845 0.751217
v -6.228037 0.964400 0.981299
v -5.785549 0.742694 0.909789
v -6.159737 0.842176 1.139883
v -5.479646 0.765616 0.521081
v -5.411401 0.642876 0.679750
v -6.092315 0.711958 1.299796
v -5.718081 0.612946 1.069624
v -5.651235 0.477498 1.230406
v -6.025474 0.576510 1.460577
v -5.343841 0.513934 0.839452
v -5.276999 0.378486 1.000234
v -4.902767 0.279474 0.770065
v -4.969604 0.414922 0.609280
v -4.595367 0.315910 0.379109
v -4.528524 0.180463 0.539893
v -5.037076 0.544672 0.449445
v -4.662790 0.446130 0.219196
v -4.731090 0.568353 0.060612
v -5.105387 0.666821 0.290872
v -4.302438 1.290838 3.492168
v -4.237302 1.236911 3.637730
v -4.628745 1.284778 3.855876
v -4.693496 1.338912 3.710715
v -4.179896 1.178873 3.775206
v -4.571381 1.226722 3.993307
v -3.845678 1.189140 3.419775
v -3.788602 1.130926 3.556903
v -3.911441 1.242733 3.273558
v -4.518484 1.166287 4.126065
v -4.126738 1.118580 3.908236
v -4.076761 1.056594 4.037937
v -4.468508 1.104303 4.255767
v -3.734990 1.070872 3.690408
v -3.685015 1.008886 3.820108
v -3.293268 0.961178 3.602278
v -3.343241 1.023163 3.472578
v -2.951496 0.975454 3.254749
v -2.901523 0.913470 3.384449
v -3.396402 1.083457 3.339546
v -3.004395 1.035888 3.121995
v -3.061759 1.093948 2.984558
v -3.453805 1.141495 3.202074
v -3.518944 1.195423 3.056514
v -3.126510 1.148081 2.839402
v -4.630978 1.412261 2.849990
v -4.539398 1.406594 3.016624
v -4.931040 1.455044 3.234431
v -5.022487 1.461645 3.067768
v -4.453664 1.380375 3.180507
v -4.845057 1.428861 3.398590
v -4.147692 1.358590 2.798807
v -4.062524 1.331330 2.962239
v -4.239488 1.362726 2.632217
v -4.765079 1.389412 3.558411
v -4.373637 1.341544 3.340263
v -3.982010 1.293772 3.122310
v -3.590142 1.246129 2.904605
v -3.198092 1.198580 2.687095
v -3.670170 1.284961 2.744849
v -3.278068 1.238032 2.527273
v -3.364051 1.264209 2.363114
v -3.755901 1.311178 2.580968
v -3.847482 1.316844 2.414331
v -3.455500 1.270813 2.196450
v -5.010107 1.274344 2.203596
v -4.915661 1.330069 2.359387
v -5.307496 1.377969 2.577030
v -5.402055 1.322490 2.421005
v -4.820045 1.373122 2.520140
v -5.211777 1.421640 2.737788
v -4.523878 1.282284 2.141632
v -4.428320 1.324032 2.302620
v -4.618142 1.226161 1.986225
v -5.116288 1.451580 2.901610
v -4.724647 1.403132 2.683803
v -4.332941 1.355128 2.465984
v -3.941152 1.307717 2.248146
v -3.549302 1.260748 2.030295
v -4.036551 1.277707 2.084483
v -3.644789 1.230808 1.866472
v -3.740508 1.187137 1.705715
v -4.132165 1.234653 1.923728
v -4.226612 1.178928 1.767937
v -3.835068 1.131655 1.549690
v -5.378841 0.967602 1.615955
v -5.285747 1.064051 1.759136
v -5.677395 1.112304 1.976973
v -5.770368 1.016546 1.833802
v -5.194201 1.144575 1.904077
v -5.585941 1.192922 2.121752
v -4.894038 1.016124 1.541304
v -4.802468 1.095771 1.686514
v -4.987337 0.918548 1.398109
v -5.494611 1.262674 2.269156
v -5.102777 1.214774 2.051513
v -4.710993 1.166988 1.833758
v -4.319283 1.119357 1.615855
v -3.927623 1.071841 1.397839
v -4.410706 1.049159 1.468419
v -4.018952 1.002089 1.250437
v -4.110408 0.921470 1.105657
v -4.502252 0.968633 1.323478
v -4.595348 0.872187 1.180298
v -4.203381 0.825714 0.962487
v -4.690393 0.764835 1.036972
v -4.298551 0.717672 0.819153
v -4.787927 0.643580 0.893463
v -4.396093 0.596345 0.675639
v -5.082182 0.812325 1.254799
v -5.179817 0.690478 1.111281
v -4.495073 0.466984 0.532021
v -4.886818 0.514692 0.749850
v -4.986736 0.380079 0.606162
v -4.594990 0.332371 0.388331
v -5.278568 0.562400 0.967680
v -5.378484 0.427787 0.823991
v -5.770231 0.475495 1.041821
v -5.670313 0.610108 1.185508
v -6.062057 0.657816 1.403338
v -6.161976 0.523204 1.259648
v -5.571419 0.738997 1.329119
v -5.963080 0.787177 1.546955
v -5.865537 0.908504 1.690466
v -5.473888 0.860251 1.472631
v -2.153992 1.398190 -0.300115
v -1.983284 1.338000 -0.372713
v -1.738526 1.398823 0.084433
v -1.908765 1.459257 0.156589
v -1.822014 1.272940 -0.436485
v -1.577310 1.333738 0.020712
v -2.227814 1.277294 -0.830069
v -2.066948 1.212023 -0.893464
v -2.399295 1.337086 -0.756752
v -1.421540 1.265836 -0.037911
v -1.665926 1.205204 -0.495408
v -1.513725 1.135465 -0.550695
v -1.269332 1.196098 -0.093206
v -1.910313 1.144572 -0.952902
v -1.758112 1.074832 -1.008188
v -2.002497 1.014199 -1.465685
v -2.154698 1.083938 -1.410399
v -2.399086 1.023305 -1.867892
v -2.246884 0.953566 -1.923174
v -2.310785 1.151672 -1.351475
v -2.554852 1.091206 -1.809263
v -2.716077 1.156294 -1.745543
v -2.472054 1.216734 -1.287704
v -2.642757 1.276928 -1.215107
v -2.886312 1.216726 -1.673383
v -2.905820 1.528960 0.068362
v -2.711066 1.524936 -0.034694
v -2.466715 1.586425 0.422674
v -2.661513 1.591530 0.525572
v -2.519249 1.497076 -0.130941
v -2.274573 1.558612 0.326145
v -2.955433 1.463958 -0.492140
v -2.764131 1.434890 -0.587733
v -3.150116 1.466214 -0.388826
v -2.087345 1.515385 0.236555
v -2.332100 1.454560 -0.220594
v -2.576627 1.393854 -0.677952
v -2.820873 1.333299 -1.135584
v -3.064888 1.272851 -1.593422
v -3.008024 1.375813 -1.045929
v -3.252122 1.316086 -1.503836
v -3.444265 1.343891 -1.407304
v -3.199839 1.403668 -0.949688
v -3.394592 1.407693 -0.846630
v -3.639066 1.349002 -1.304402
v -3.658939 1.359453 0.496476
v -3.477761 1.426339 0.389643
v -3.233595 1.487194 0.847233
v -3.415052 1.420586 0.954194
v -3.290590 1.478629 0.281596
v -3.046428 1.540198 0.739063
v -3.722061 1.365620 -0.067892
v -3.534597 1.416401 -0.175863
v -3.902784 1.298276 0.038739
v -2.855483 1.577352 0.631278
v -3.099833 1.515864 0.173911
v -3.344204 1.454888 -0.283535
v -3.588607 1.394598 -0.741080
v -3.833027 1.334821 -1.198697
v -3.779364 1.357367 -0.633395
v -4.023974 1.297665 -1.090912
v -4.211140 1.244659 -0.982743
v -3.966535 1.305073 -0.525352
v -4.147715 1.238187 -0.418514
v -4.392596 1.178052 -0.875785
v -4.340889 0.995370 0.914329
v -4.175049 1.109214 0.808659
v -3.930661 1.170478 1.266035
v -4.096498 1.057433 1.371563
v -4.006919 1.204651 0.704882
v -3.762721 1.266021 1.162363
v -4.419436 1.048328 0.351209
v -4.250979 1.142753 0.247414
v -4.585276 0.933178 0.457121
v -3.591556 1.349022 1.058926
v -3.835725 1.288168 0.601336
v -4.080022 1.227447 0.143802
v -4.324498 1.166902 -0.313654
v -4.569105 1.106490 -0.771050
v -4.495693 1.083383 -0.210109
v -4.740268 1.023489 -0.667613
v -4.908206 0.927945 -0.563942
v -4.663822 0.987946 -0.106334
v -4.829661 0.874105 -0.000659
v -5.074043 0.814902 -0.458414
v -4.995517 0.747636 0.107317
v -5.239898 0.687634 -0.350293
v -5.161385 0.605068 0.218224
v -5.405772 0.544984 -0.239368
v -4.751128 0.808017 0.564859
v -4.917002 0.664764 0.675892
v -5.571657 0.393032 -0.126750
v -5.327270 0.453664 0.330744
v -5.493159 0.295631 0.444471
v -5.737546 0.234998 -0.013023
v -5.082882 0.514296 0.788240
v -5.248772 0.356262 0.901967
v -5.004383 0.416896 1.359462
v -4.838496 0.574929 1.245732
v -4.594109 0.635562 1.703221
v -4.759999 0.477529 1.816952
v -4.672616 0.726335 1.133215
v -4.428228 0.787514 1.590607
v -4.262358 0.930165 1.479684
v -4.506741 0.868901 1.022305
v -3.747035 2.150944 2.211531
v -3.630474 2.155873 2.310956
v -3.881171 2.150305 2.635790
v -3.997365 2.145741 2.536515
v -3.521317 2.153511 2.407255
v -3.772057 2.147903 2.732075
v -3.379608 2.161613 1.986200
v -3.270765 2.158937 2.082368
v -3.496770 2.156093 1.886517
v -3.667221 2.141288 2.826556
v -3.416231 2.147140 2.501845
v -3.314200 2.137770 2.595141
v -3.565179 2.131924 2.919858
v -3.165244 2.152997 2.177130
v -3.063211 2.143627 2.270430
v -2.812222 2.149480 1.945721
v -2.914254 2.158852 1.852420
v -2.663272 2.164702 1.527712
v -2.561235 2.155332 1.621010
v -3.019342 2.165220 1.757836
v -2.768100 2.171319 1.433233
v -2.877227 2.173719 1.336946
v -3.128494 2.167583 1.661536
v -3.245057 2.162655 1.562115
v -2.993415 2.169151 1.237678
v -4.255950 2.020669 1.802059
v -4.127276 2.077854 1.902936
v -4.378428 2.072644 2.227504
v -4.507305 2.016280 2.126450
v -3.997457 2.115588 2.006157
v -4.248335 2.110542 2.330853
v -3.876218 2.083447 1.578283
v -3.746663 2.120058 1.681478
v -4.004555 2.024931 1.477700
v -4.120106 2.134729 2.434489
v -3.869408 2.140300 2.109657
v -3.618534 2.146037 1.784902
v -3.367431 2.152005 1.460235
v -3.116150 2.158144 1.135649
v -3.495486 2.127300 1.356737
v -3.244375 2.133960 1.032004
v -3.374475 2.096057 0.928658
v -3.625298 2.089559 1.253514
v -3.753971 2.032378 1.152637
v -3.503356 2.039690 0.827602
v -4.722157 1.658006 1.438073
v -4.614649 1.765149 1.522070
v -4.865831 1.759392 1.846642
v -4.973583 1.652373 1.762470
v -4.500491 1.863060 1.611091
v -4.751787 1.857849 1.935554
v -4.363587 1.770965 1.197415
v -4.248975 1.867816 1.286795
v -4.470693 1.663618 1.113704
v -4.632483 1.945384 2.028601
v -4.381332 1.950592 1.704031
v -4.130277 1.956187 1.379377
v -3.879355 1.962297 1.054609
v -3.628533 1.968795 0.729759
v -3.998518 1.874765 0.961667
v -3.747841 1.881261 0.636712
v -3.861881 1.782802 0.547800
v -4.112671 1.776854 0.872647
v -4.220184 1.669710 0.788652
v -3.969634 1.675782 0.463628
v -5.106277 1.169289 1.136984
v -5.017148 1.307493 1.206630
v -5.268231 1.302128 1.531247
v -5.357485 1.164540 1.461482
v -4.923509 1.432291 1.280115
v -5.174749 1.426943 1.604625
v -4.766121 1.313152 0.881957
v -4.672091 1.437276 0.955750
v -4.855050 1.173943 0.812504
v -5.076982 1.543175 1.681413
v -4.825803 1.548930 1.356843
v -4.574740 1.554744 1.032188
v -4.323829 1.560635 0.707420
v -4.073034 1.566584 0.382570
v -4.421533 1.443995 0.630693
v -4.170799 1.450353 0.305783
v -4.264282 1.325536 0.232405
v -4.515171 1.319199 0.557208
v -4.604300 1.180997 0.487561
v -4.353538 1.187953 0.162643
v -4.691487 1.033074 0.419781
v -4.440596 1.039414 0.094979
v -4.776188 0.872759 0.354387
v -4.525288 0.879034 0.029598
v -4.942436 1.027027 0.744531
v -5.027032 0.866184 0.679237
v -4.608545 0.711493 -0.034411
v -4.859532 0.705640 0.290299
v -4.941847 0.533420 0.227193
v -4.690863 0.539271 -0.097517
v -5.110520 0.699786 0.615012
v -5.192836 0.527564 0.551905
v -5.443827 0.521713 0.876618
v -5.361506 0.693936 0.939722
v -5.612491 0.688083 1.264431
v -5.694812 0.515860 1.201325
v -5.278167 0.861054 1.003809
v -5.529235 0.855621 1.328437
v -5.444548 1.016000 1.393820
v -5.193462 1.021368 1.069206
v -4.083402 2.441937 -1.177170
v -4.015044 2.464637 -1.334452
v -3.581943 2.467624 -1.170472
v -3.650285 2.445383 -1.013592
v -3.947171 2.478328 -1.483448
v -3.514079 2.481271 -1.319408
v -4.448125 2.461850 -1.498629
v -4.380274 2.475153 -1.647270
v -4.516528 2.438419 -1.340670
v -3.446474 2.489707 -1.463578
v -3.879554 2.487065 -1.627882
v -3.812148 2.492101 -1.768902
v -3.379051 2.494754 -1.604608
v -4.312635 2.484419 -1.792198
v -4.245219 2.489459 -1.933216
v -4.678313 2.486819 -2.097520
v -4.745718 2.481783 -1.956515
v -5.178801 2.479134 -2.120815
v -5.111382 2.484174 -2.261835
v -4.813336 2.473042 -1.812064
v -5.246395 2.470700 -1.976657
v -5.314273 2.457057 -1.827706
v -4.881207 2.459348 -1.663077
v -4.949557 2.436661 -1.505792
v -5.382606 2.434812 -1.670839
v -4.348746 2.222843 -0.508878
v -4.285983 2.305243 -0.674663
v -3.853038 2.308577 -0.510068
v -3.915978 2.227086 -0.343924
v -4.219893 2.366077 -0.844307
v -3.786912 2.369638 -0.680032
v -4.719007 2.302317 -0.839089
v -4.652792 2.361870 -1.008552
v -4.781486 2.218478 -0.673892
v -3.719028 2.415176 -0.849403
v -4.152132 2.412185 -1.013386
v -4.585216 2.409403 -1.177570
v -5.018298 2.406896 -1.342002
v -5.451357 2.404607 -1.506643
v -5.086052 2.360796 -1.172920
v -5.519250 2.359067 -1.337276
v -5.585362 2.298006 -1.167305
v -5.152146 2.299950 -1.003282
v -5.214909 2.217563 -0.837499
v -5.648314 2.216504 -1.001162
v -4.565132 1.749881 0.076406
v -4.516590 1.885353 -0.056325
v -4.083598 1.888079 0.108248
v -4.132257 1.752714 0.241311
v -4.464268 2.011384 -0.198734
v -4.031391 2.014703 -0.033952
v -4.949633 1.882680 -0.220737
v -4.897010 2.007582 -0.363852
v -4.997993 1.747032 -0.088548
v -3.975803 2.129810 -0.184200
v -4.408751 2.126468 -0.348792
v -4.841775 2.123542 -0.513217
v -5.274914 2.121178 -0.677410
v -5.708129 2.119235 -0.841435
v -5.330436 2.006096 -0.527348
v -5.763712 2.004129 -0.691183
v -5.815923 1.877501 -0.548991
v -5.382757 1.880065 -0.384946
v -5.431297 1.744591 -0.252207
v -5.864584 1.742134 -0.415921
v -4.733233 1.146849 0.540829
v -4.695958 1.314608 0.435511
v -4.262978 1.317784 0.600002
v -4.300372 1.150698 0.705547
v -4.655232 1.467977 0.322815
v -4.222309 1.471149 0.487506
v -5.129003 1.311751 0.271132
v -5.088034 1.464418 0.157851
v -5.166071 1.142896 0.376065
v -4.178867 1.615487 0.368471
v -4.611858 1.612762 0.203899
v -5.044901 1.610086 0.039491
v -5.478018 1.607474 -0.124718
v -5.911192 1.604909 -0.288761
v -5.521397 1.462687 -0.005805
v -5.954638 1.460576 -0.169727
v -5.995303 1.307205 -0.057230
v -5.562126 1.309320 0.106895
v -5.599397 1.141565 0.212207
v -6.032694 1.140126 0.048313
v -5.634712 0.963199 0.313893
v -6.067887 0.961086 0.149762
v -5.667524 0.771308 0.410935
v -6.100688 0.769123 0.246790
v -5.201588 0.965632 0.478128
v -5.234301 0.773163 0.574979
v -6.132054 0.569344 0.341141
v -5.698975 0.571988 0.505448
v -5.729392 0.367100 0.598041
v -6.162469 0.364455 0.433733
v -5.265889 0.574630 0.669757
v -5.296308 0.369740 0.762353
v -4.863221 0.372386 0.926666
v -4.832805 0.577276 0.834063
v -4.399728 0.579920 0.998370
v -4.430142 0.375029 1.090971
v -4.801361 0.776594 0.739558
v -4.368366 0.779696 0.904021
v -4.335563 0.971658 0.807001
v -4.768544 0.968485 0.642507
v -7.281557 2.601802 -0.344982
v -7.444336 2.623890 -0.410967
v -7.288085 2.622838 -0.858391
v -7.125719 2.601213 -0.792416
v -7.598598 2.636784 -0.476581
v -7.442287 2.635681 -0.923997
v -7.600789 2.625152 0.036438
v -7.754686 2.637653 -0.029161
v -7.437315 2.602322 0.102462
v -7.591591 2.643217 -0.989417
v -7.748175 2.644629 -0.542009
v -7.894241 2.648694 -0.607266
v -7.737665 2.647288 -1.054689
v -7.904771 2.646031 -0.094600
v -8.050836 2.650106 -0.159869
v -8.207417 2.651515 0.287554
v -8.061366 2.647453 0.352812
v -8.217944 2.648853 0.800224
v -8.364008 2.652917 0.734952
v -7.911776 2.639604 0.418238
v -8.068652 2.641323 0.865628
v -7.914436 2.628473 0.931250
v -7.757520 2.626710 0.483852
v -7.594738 2.604633 0.549829
v -7.752085 2.606859 0.997214
v -6.590210 2.382202 -0.089012
v -6.761716 2.465411 -0.149673
v -6.604836 2.464712 -0.596958
v -6.432959 2.382433 -0.536133
v -6.937196 2.526510 -0.213410
v -6.780641 2.526041 -0.660725
v -6.918425 2.466533 0.297684
v -7.093718 2.526316 0.233830
v -6.747523 2.381847 0.358085
v -6.955842 2.571468 -0.726142
v -7.112095 2.572523 -0.278715
v -7.268555 2.573788 0.168696
v -7.425271 2.575342 0.616105
v -7.582199 2.577114 1.063498
v -7.250368 2.529334 0.681406
v -7.407001 2.531674 1.128926
v -7.231188 2.470351 1.192681
v -7.074893 2.468225 0.745147
v -6.903390 2.385026 0.805806
v -7.059312 2.388062 1.253513
v -5.984327 1.902083 0.121736
v -6.121799 2.039839 0.074188
v -5.964939 2.038517 -0.373134
v -5.827124 1.900871 -0.325482
v -6.269244 2.167871 0.023133
v -6.112168 2.167159 -0.424088
v -6.278493 2.041219 0.521561
v -6.426665 2.168090 0.470227
v -6.141580 1.903276 0.568935
v -6.267686 2.283955 -0.478161
v -6.424567 2.284647 -0.030878
v -6.581274 2.285764 0.416481
v -6.737744 2.287460 0.863942
v -6.894039 2.289590 1.311474
v -6.582417 2.170692 0.917954
v -6.738516 2.172792 1.365545
v -6.591295 2.044150 1.416499
v -6.434979 2.042658 0.969011
v -6.297498 1.904897 1.016555
v -6.453474 1.906502 1.464157
v -5.502981 1.288028 0.287658
v -5.612205 1.459018 0.250570
v -5.455429 1.458156 -0.196747
v -5.345971 1.287855 -0.159549
v -5.729027 1.615224 0.210299
v -5.572044 1.614359 -0.236959
v -5.768867 1.460208 0.697946
v -5.886290 1.615694 0.657450
v -5.660036 1.288094 0.734842
v -5.695394 1.761281 -0.279748
v -5.852256 1.762605 0.167576
v -6.008946 1.763980 0.614951
v -6.165432 1.765422 1.062393
v -6.321746 1.766913 1.509890
v -6.042205 1.618040 1.105121
v -6.198395 1.619998 1.552678
v -6.081778 1.463786 1.592891
v -5.925380 1.461834 1.145393
v -5.816159 1.290849 1.182474
v -5.972321 1.293493 1.630082
v -5.710671 1.108975 1.217763
v -5.867076 1.110928 1.665257
v -5.609957 0.913221 1.250757
v -5.766378 0.915103 1.698240
v -5.554157 1.107350 0.770315
v -5.453642 0.911004 0.803215
v -5.668434 0.711256 1.729906
v -5.511846 0.709847 1.282498
v -5.415712 0.500757 1.313295
v -5.572299 0.502164 1.760700
v -5.355258 0.708436 0.835084
v -5.259120 0.499345 0.865885
v -5.102528 0.497940 0.418467
v -5.198675 0.707030 0.387674
v -5.042088 0.705622 -0.059731
v -4.945941 0.496530 -0.028939
v -5.296776 0.910405 0.355937
v -5.140030 0.909464 -0.091391
v -5.240720 1.105290 -0.124377
v -5.397496 1.106156 0.322938
v -6.430870 2.729332 2.502201
v -6.527908 2.761670 2.641405
v -6.911069 2.818769 2.388850
v -6.814076 2.786893 2.250045
v -6.623833 2.784961 2.772445
v -7.006979 2.842010 2.519835
v -6.144782 2.704778 2.894150
v -6.240661 2.727678 3.024839
v -6.047647 2.671711 2.754281
v -7.102274 2.860029 2.646118
v -6.719161 2.803281 2.898993
v -6.814012 2.817883 3.022182
v -7.197143 2.874640 2.769311
v -6.336047 2.746527 3.151877
v -6.430907 2.761137 3.275060
v -6.047776 2.704385 3.527936
v -5.952927 2.689783 3.404764
v -5.569808 2.633024 3.657629
v -5.664671 2.647629 3.780814
v -5.857598 2.671459 3.278202
v -5.474527 2.615009 3.531352
v -5.378600 2.591766 3.400358
v -5.761676 2.648167 3.147167
v -5.664643 2.615847 3.007960
v -5.281618 2.559896 3.261565
v -6.058311 2.473708 1.902827
v -6.144233 2.564511 2.052748
v -6.527069 2.621927 1.799636
v -6.440784 2.531998 1.649420
v -6.236924 2.634407 2.205276
v -6.619833 2.692053 1.952471
v -5.761232 2.507487 2.305720
v -5.854164 2.576128 2.458019
v -5.675894 2.415303 2.156282
v -6.716127 2.747028 2.104034
v -6.332963 2.689927 2.356591
v -5.949835 2.633035 2.609346
v -5.566729 2.576424 2.862346
v -5.183661 2.520031 3.115548
v -5.470691 2.520911 2.711027
v -5.087358 2.465046 2.963991
v -4.994602 2.394922 2.811145
v -5.378000 2.451002 2.558504
v -5.292080 2.360212 2.408584
v -4.908311 2.304986 2.660933
v -5.782981 1.973510 1.368691
v -5.841349 2.114820 1.490517
v -6.224308 2.171639 1.237404
v -6.165747 2.030418 1.115279
v -5.906639 2.247325 1.620777
v -6.289371 2.304723 1.367494
v -5.458295 2.058044 1.743486
v -5.524173 2.189482 1.874346
v -5.400246 1.916587 1.622146
v -6.360883 2.426885 1.504475
v -5.978049 2.369465 1.757585
v -5.595048 2.312441 2.010558
v -5.211818 2.255952 2.263341
v -4.828421 2.199880 2.515983
v -5.140402 2.133831 2.126529
v -4.756907 2.077713 2.378998
v -4.691848 1.944629 2.248914
v -5.075112 2.001313 1.996276
v -5.016746 1.860004 1.874441
v -4.633280 1.803407 2.126788
v -5.596740 1.351525 0.939400
v -5.634245 1.523175 1.037569
v -6.017158 1.580441 0.784545
v -5.979403 1.409438 0.686195
v -5.678487 1.681065 1.141898
v -6.061297 1.738317 0.888692
v -5.251204 1.466216 1.290503
v -5.295896 1.623449 1.395335
v -5.214123 1.293511 1.192641
v -6.110672 1.887658 0.998435
v -5.727710 1.830838 1.251550
v -5.344655 1.774060 1.504516
v -4.961480 1.717335 1.757306
v -4.578205 1.660647 2.009943
v -4.912253 1.567559 1.647656
v -4.528831 1.511313 1.900202
v -4.484692 1.353428 1.796052
v -4.868006 1.409669 1.543322
v -4.830511 1.238025 1.445157
v -4.446942 1.182434 1.697700
v -4.797022 1.056149 1.349891
v -4.413707 0.999907 1.602624
v -4.768658 0.861226 1.258335
v -4.385369 0.804920 1.511085
v -5.180222 1.112697 1.097071
v -5.152072 0.917220 1.005672
v -4.359981 0.602393 1.421682
v -4.743096 0.659145 1.168805
v -4.719647 0.451692 1.080813
v -4.336535 0.394939 1.333688
v -5.126217 0.715895 0.915926
v -5.102765 0.508440 0.827931
v -5.485887 0.565197 0.575048
v -5.509334 0.772650 0.663054
v -5.892449 0.829402 0.410179
v -5.869001 0.621947 0.322173
v -5.534890 0.974731 0.752577
v -5.917831 1.031924 0.499578
v -5.946171 1.226913 0.591112
v -5.563261 1.169651 0.844136
v -3.874375 3.180824 0.683245
v -3.735689 3.258447 0.647391
v -3.624909 3.298859 1.067302
v -3.763463 3.221773 1.102953
v -3.599993 3.325711 0.615686
v -3.489247 3.366069 1.035626
v -3.846384 3.218258 0.227380
v -3.710820 3.285080 0.195858
v -3.985325 3.139806 0.263574
v -3.355292 3.427319 1.006359
v -3.465938 3.387301 0.586280
v -3.333136 3.444632 0.558579
v -3.222471 3.484664 0.978658
v -3.576587 3.347279 0.166197
v -3.443783 3.404615 0.138503
v -3.554455 3.364586 -0.281583
v -3.687240 3.307264 -0.253889
v -3.797903 3.267226 -0.673964
v -3.665091 3.324563 -0.701660
v -3.821304 3.245668 -0.224475
v -3.931847 3.205991 -0.644694
v -4.067526 3.138772 -0.613018
v -3.956990 3.178399 -0.192779
v -4.095681 3.100803 -0.156915
v -4.206069 3.061698 -0.577370
v -4.408499 2.748378 0.853129
v -4.287211 2.879674 0.809009
v -4.177066 2.920199 1.229155
v -4.299010 2.789567 1.273353
v -4.154078 2.993784 0.764989
v -4.043768 3.034604 1.184987
v -4.397654 2.839452 0.388903
v -4.264143 2.952403 0.345063
v -4.517886 2.707123 0.432895
v -3.904649 3.135557 1.142290
v -4.015419 3.095139 0.722370
v -4.126108 3.054948 0.302353
v -4.236727 3.015093 -0.117794
v -4.347260 2.975474 -0.538036
v -4.375384 2.913741 -0.075168
v -4.486377 2.874504 -0.495350
v -4.619678 2.760101 -0.451170
v -4.508515 2.799626 -0.031153
v -4.629806 2.668342 0.012966
v -4.741631 2.629469 -0.406977
v -4.771611 2.126182 1.010601
v -4.699205 2.291934 0.974831
v -4.588818 2.331943 1.394991
v -4.661553 2.166168 1.430862
v -4.614775 2.452869 0.936403
v -4.504801 2.493317 1.356600
v -4.809754 2.251925 0.554725
v -4.724289 2.412135 0.516114
v -4.881622 2.086209 0.590324
v -4.409401 2.647518 1.316128
v -4.519547 2.606988 0.895986
v -4.629988 2.566760 0.475882
v -4.740847 2.526932 0.055823
v -4.852012 2.487420 -0.364195
v -4.836090 2.372825 0.096238
v -4.947415 2.333215 -0.323715
v -5.031423 2.171843 -0.285329
v -4.920514 2.211886 0.134666
v -4.992925 2.046131 0.170440
v -5.104167 2.006066 -0.249465
v -4.979848 1.433391 1.135496
v -4.943691 1.617535 1.106912
v -4.833401 1.657955 1.527026
v -4.870010 1.474315 1.555651
v -4.895608 1.791804 1.076645
v -4.785486 1.832153 1.496820
v -5.054203 1.577349 0.686818
v -5.005335 1.751221 0.656395
v -5.089602 1.392396 0.715330
v -4.728423 2.000824 1.464958
v -4.838816 1.960822 1.044796
v -4.949366 1.920803 0.624690
v -5.060118 1.880774 0.204635
v -5.171039 1.840726 -0.215364
v -5.116910 1.711757 0.236479
v -5.228103 1.672061 -0.183500
v -5.276014 1.497856 -0.153297
v -5.165000 1.537487 0.266748
v -5.201151 1.353350 0.295336
v -5.312625 1.314223 -0.124662
v -5.230095 1.161309 0.323243
v -5.341106 1.121681 -0.096804
v -5.249826 0.959198 0.350285
v -5.360794 0.919519 -0.069761
v -5.119294 1.201177 0.743313
v -5.138644 0.998636 0.770319
v -5.375175 0.711532 -0.043218
v -5.264521 0.751558 0.376858
v -5.275416 0.539768 0.403073
v -5.386068 0.499746 -0.017002
v -5.153865 0.791580 0.796945
v -5.164764 0.579787 0.823158
v -5.054108 0.619818 1.243245
v -5.043208 0.831605 1.217023
v -4.932557 0.871630 1.637100
v -4.943454 0.659837 1.663323
v -5.028526 1.039245 1.190453
v -4.918182 1.079611 1.610556
v -4.898497 1.281773 1.583518
v -5.008784 1.241358 1.163408
# 945 vertices

vt 0.331138 0.862575
vt 0.332900 0.892007
vt 0.417129 0.892083
vt 0.415350 0.862727
vt 0.334661 0.921439
vt 0.418908 0.921439
vt 0.248670 0.891932
vt 0.250414 0.921439
vt 0.246927 0.862424
vt 0.421278 0.948220
vt 0.337032 0.948220
vt 0.339402 0.975000
vt 0.423649 0.975000
vt 0.252785 0.948220
vt 0.255155 0.975000
vt 0.170909 0.975000
vt 0.168538 0.948220
vt 0.084292 0.948220
vt 0.086662 0.975000
vt 0.166168 0.921439
vt 0.081921 0.921439
vt 0.080142 0.892083
vt 0.164406 0.892007
vt 0.162645 0.862575
vt 0.078364 0.862727
vt 0.329100 0.724957
vt 0.329228 0.760546
vt 0.413471 0.760538
vt 0.413338 0.724941
vt 0.329357 0.796135
vt 0.413604 0.796135
vt 0.244986 0.760554
vt 0.245110 0.796135
vt 0.244862 0.724974
vt 0.414477 0.829431
vt 0.330248 0.829355
vt 0.246018 0.829279
vt 0.161754 0.829355
vt 0.077490 0.829431
vt 0.160864 0.796135
vt 0.076617 0.796135
vt 0.076484 0.760538
vt 0.160735 0.760546
vt 0.160607 0.724957
vt 0.076351 0.724941
vt 0.329661 0.587708
vt 0.329470 0.621148
vt 0.413719 0.621107
vt 0.413911 0.587624
vt 0.329280 0.654589
vt 0.413527 0.654589
vt 0.245222 0.621190
vt 0.245033 0.654589
vt 0.245411 0.587791
vt 0.413432 0.689765
vt 0.329190 0.689773
vt 0.244948 0.689781
vt 0.160697 0.689773
vt 0.076446 0.689765
vt 0.160787 0.654589
vt 0.076540 0.654589
vt 0.076732 0.621107
vt 0.160977 0.621148
vt 0.161167 0.587708
vt 0.076924 0.587624
vt 0.360606 0.294598
vt 0.360319 0.320686
vt 0.471991 0.320823
vt 0.472272 0.294872
vt 0.360033 0.346774
vt 0.471710 0.346774
vt 0.248648 0.320549
vt 0.245645 0.525000
vt 0.248940 0.294324
vt 0.414024 0.556312
vt 0.329776 0.556354
vt 0.245528 0.556396
vt 0.161283 0.556354
vt 0.077038 0.556312
vt 0.161398 0.525000
vt 0.077151 0.525000
vt 0.025281 0.320823
vt 0.136964 0.320686
vt 0.137251 0.294598
vt 0.025562 0.294872
vt 0.137828 0.261654
vt 0.026145 0.261792
vt 0.138406 0.228711
vt 0.026728 0.228711
vt 0.249512 0.261517
vt 0.250083 0.228711
vt 0.027509 0.190968
vt 0.139187 0.190968
vt 0.139967 0.153226
vt 0.028290 0.153226
vt 0.250864 0.190968
vt 0.251645 0.153226
vt 0.363323 0.153226
vt 0.362542 0.190968
vt 0.474219 0.190968
vt 0.475000 0.153226
vt 0.361761 0.228711
vt 0.473438 0.228711
vt 0.472855 0.261792
vt 0.361183 0.261654
vt 0.331138 0.862575
vt 0.332900 0.892007
vt 0.417129 0.892083
vt 0.415350 0.862727
vt 0.334661 0.921439
vt 0.418908 0.921439
vt 0.248670 0.891932
vt 0.250414 0.921439
vt 0.246927 0.862424
vt 0.421278 0.948220
vt 0.337032 0.948220
vt 0.339402 0.975000
vt 0.423649 0.975000
vt 0.252785 0.948220
vt 0.255155 0.975000
vt 0.170909 0.975000
vt 0.168538 0.948220
vt 0.084292 0.948220
vt 0.086662 0.975000
vt 0.166168 0.921439
vt 0.081921 0.921439
vt 0.080142 0.892083
vt 0.164406 0.892007
vt 0.162645 0.862575
vt 0.078364 0.862727
vt 0.329100 0.724957
vt 0.329228 0.760546
vt 0.413471 0.760538
vt 0.413338 0.724941
vt 0.329357 0.796135
vt 0.413604 0.796135
vt 0.244986 0.760554
vt 0.245110 0.796135
vt 0.244862 0.724974
vt 0.414477 0.829431
vt 0.330248 0.829355
vt 0.246018 0.829279
vt 0.161754 0.829355
vt 0.077490 0.829431
vt 0.160864 0.796135
vt 0.076617 0.796135
vt 0.076484 0.760538
vt 0.160735 0.760546
vt 0.160607 0.724957
vt 0.076351 0.724941
vt 0.329661 0.587708
vt 0.329470 0.621148
vt 0.413719 0.621107
vt 0.413911 0.587624
vt 0.329280 0.654589
vt 0.413527 0.654589
vt 0.245222 0.621190
vt 0.245033 0.654589
vt 0.245411 0.587791
vt 0.413432 0.689765
vt 0.329190 0.689773
vt 0.244948 0.689781
vt 0.160697 0.689773
vt 0.076446 0.689765
vt 0.160787 0.654589
vt 0.076540 0.654589
vt 0.076732 0.621107
vt 0.160977 0.621148
vt 0.161167 0.587708
vt 0.076924 0.587624
vt 0.360606 0.294598
vt 0.360319 0.320686
vt 0.471991 0.320823
vt 0.472272 0.294872
vt 0.360033 0.346774
vt 0.471710 0.346774
vt 0.248648 0.320549
vt 0.245645 0.525000
vt 0.248940 0.294324
vt 0.414024 0.556312
vt 0.329776 0.556354
vt 0.245528 0.556396
vt 0.161283 0.556354
vt 0.077038 0.556312
vt 0.161398 0.525000
vt 0.077151 0.525000
vt 0.025281 0.320823
vt 0.136964 0.320686
vt 0.137251 0.294598
vt 0.025562 0.294872
vt 0.137828 0.261654
vt 0.026145 0.261792
vt 0.138406 0.228711
vt 0.026728 0.228711
vt 0.249512 0.261517
vt 0.250083 0.228711
vt 0.027509 0.190968
vt 0.139187 0.190968
vt 0.139967 0.153226
vt 0.028290 0.153226
vt 0.250864 0.190968
vt 0.251645 0.153226
vt 0.363323 0.153226
vt 0.362542 0.190968
vt 0.474219 0.190968
vt 0.475000 0.153226
vt 0.361761 0.228711
vt 0.473438 0.228711
vt 0.472855 0.261792
vt 0.361183 0.261654
vt 0.331138 0.862575
vt 0.332900 0.892007
vt 0.417129 0.892083
vt 0.415350 0.862727
vt 0.334661 0.921439
vt 0.418908 0.921439
vt 0.248670 0.891932
vt 0.250414 0.921439
vt 0.246927 0.862424
vt 0.421278 0.948220
vt 0.337032 0.948220
vt 0.339402 0.975000
vt 0.423649 0.975000
vt 0.252785 0.948220
vt 0.255155 0.975000
vt 0.170909 0.975000
vt 0.168538 0.948220
vt 0.084292 0.948220
vt 0.086662 0.975000
vt 0.166168 0.921439
vt 0.081921 0.921439
vt 0.080142 0.892083
vt 0.164406 0.892007
vt 0.162645 0.862575
vt 0.078364 0.862727
vt 0.329100 0.724957
vt 0.329228 0.760546
vt 0.413471 0.760538
vt 0.413338 0.724941
vt 0.329357 0.796135
vt 0.413604 0.796135
vt 0.244986 0.760554
vt 0.245110 0.796135
vt 0.244862 0.724974
vt 0.414477 0.829431
vt 0.330248 0.829355
vt 0.246018 0.829279
vt 0.161754 0.829355
vt 0.077490 0.829431
vt 0.160864 0.796135
vt 0.076617 0.796135
vt 0.076484 0.760538
vt 0.160735 0.760546
vt 0.160607 0.724957
vt 0.076351 0.724941
vt 0.329661 0.587708
vt 0.329470 0.621148
vt 0.413719 0.621107
vt 0.413911 0.587624
vt 0.329280 0.654589
vt 0.413527 0.654589
vt 0.245222 0.621190
vt 0.245033 0.654589
vt 0.245411 0.587791
vt 0.413432 0.689765
vt 0.329190 0.689773
vt 0.244948 0.689781
vt 0.160697 0.689773
vt 0.076446 0.689765
vt 0.160787 0.654589
vt 0.076540 0.654589
vt 0.076732 0.621107
vt 0.160977 0.621148
vt 0.161167 0.587708
vt 0.076924 0.587624
vt 0.360606 0.294598
vt 0.360319 0.320686
vt 0.471991 0.320823
vt 0.472272 0.294872
vt 0.360033 0.346774
vt 0.471710 0.346774
vt 0.248648 0.320549
vt 0.245645 0.525000
vt 0.248940 0.294324
vt 0.414024 0.556312
vt 0.329776 0.556354
vt 0.245528 0.556396
vt 0.161283 0.556354
vt 0.077038 0.556312
vt 0.161398 0.525000
vt 0.077151 0.525000
vt 0.025281 0.320823
vt 0.136964 0.320686
vt 0.137251 0.294598
vt 0.025562 0.294872
vt 0.137828 0.261654
vt 0.026145 0.261792
vt 0.138406 0.228711
vt 0.026728 0.228711
vt 0.249512 0.261517
vt 0.250083 0.228711
vt 0.027509 0.190968
vt 0.139187 0.190968
vt 0.139967 0.153226
vt 0.028290 0.153226
vt 0.250864 0.190968
vt 0.251645 0.153226
vt 0.363323 0.153226
vt 0.362542 0.190968
vt 0.474219 0.190968
vt 0.475000 0.153226
vt 0.361761 0.228711
vt 0.473438 0.228711
vt 0.472855 0.261792
vt 0.361183 0.261654
vt 0.331138 0.862575
vt 0.332900 0.892007
vt 0.417129 0.892083
vt 0.415350 0.862727
vt 0.334661 0.921439
vt 0.418908 0.921439
vt 0.248670 0.891932
vt 0.250414 0.921439
vt 0.246927 0.862424
vt 0.421278 0.948220
vt 0.337032 0.948220
vt 0.339402 0.975000
vt 0.423649 0.975000
vt 0.252785 0.948220
vt 0.255155 0.975000
vt 0.170909 0.975000
vt 0.168538 0.948220
vt 0.084292 0.948220
vt 0.086662 0.975000
vt 0.166168 0.921439
vt 0.081921 0.921439
vt 0.080142 0.892083
vt 0.164406 0.892007
vt 0.162645 0.862575
vt 0.078364 0.862727
vt 0.329100 0.724957
vt 0.329228 0.760546
vt 0.413471 0.760538
vt 0.413338 0.724941
vt 0.329357 0.796135
vt 0.413604 0.796135
vt 0.244986 0.760554
vt 0.245110 0.796135
vt 0.244862 0.724974
vt 0.414477 0.829431
vt 0.330248 0.829355
vt 0.246018 0.829279
vt 0.161754 0.829355
vt 0.077490 0.829431
vt 0.160864 0.796135
vt 0.076617 0.796135
vt 0.076484 0.760538
vt 0.160735 0.760546
vt 0.160607 0.724957
vt 0.076351 0.724941
vt 0.329661 0.587708
vt 0.329470 0.621148
vt 0.413719 0.621107
vt 0.413911 0.587624
vt 0.329280 0.654589
vt 0.413527 0.654589
vt 0.245222 0.621190
vt 0.245033 0.654589
vt 0.245411 0.587791
vt 0.413432 0.689765
vt 0.329190 0.689773
vt 0.244948 0.689781
vt 0.160697 0.689773
vt 0.076446 0.689765
vt 0.160787 0.654589
vt 0.076540 0.654589
vt 0.076732 0.621107
vt 0.160977 0.621148
vt 0.161167 0.587708
vt 0.076924 0.587624
vt 0.360606 0.294598
vt 0.360319 0.320686
vt 0.471991 0.320823
vt 0.472272 0.294872
vt 0.360033 0.346774
vt 0.471710 0.346774
vt 0.248648 0.320549
vt 0.245645 0.525000
vt 0.248940 0.294324
vt 0.414024 0.556312
vt 0.329776 0.556354
vt 0.245528 0.556396
vt 0.161283 0.556354
vt 0.077038 0.556312
vt 0.161398 0.525000
vt 0.077151 0.525000
vt 0.025281 0.320823
vt 0.136964 0.320686
vt 0.137251 0.294598
vt 0.025562 0.294872
vt 0.137828 0.261654
vt 0.026145 0.261792
vt 0.138406 0.228711
vt 0.026728 0.228711
vt 0.249512 0.261517
vt 0.250083 0.228711
vt 0.027509 0.190968
vt 0.139187 0.190968
vt 0.139967 0.153226
vt 0.028290 0.153226
vt 0.250864 0.190968
vt 0.251645 0.153226
vt 0.363323 0.153226
vt 0.362542 0.190968
vt 0.474219 0.190968
vt 0.475000 0.153226
vt 0.361761 0.228711
vt 0.473438 0.228711
vt 0.472855 0.261792
vt 0.361183 0.261654
vt 0.331138 0.862575
vt 0.332900 0.892007
vt 0.417129 0.892083
vt 0.415350 0.862727
vt 0.334661 0.921439
vt 0.418908 0.921439
vt 0.248670 0.891932
vt 0.250414 0.921439
vt 0.246927 0.862424
vt 0.421278 0.948220
vt 0.337032 0.948220
vt 0.339402 0.975000
vt 0.423649 0.975000
vt 0.252785 0.948220
vt 0.255155 0.975000
vt 0.170909 0.975000
vt 0.168538 0.948220
vt 0.084292 0.948220
vt 0.086662 0.975000
vt 0.166168 0.921439
vt 0.081921 0.921439
vt 0.080142 0.892083
vt 0.164406 0.892007
vt 0.162645 0.862575
vt 0.078364 0.862727
vt 0.329100 0.724957
vt 0.329228 0.760546
vt 0.413471 0.760538
vt 0.413338 0.724941
vt 0.329357 0.796135
vt 0.413604 0.796135
vt 0.244986 0.760554
vt 0.245110 0.796135
vt 0.244862 0.724974
vt 0.414477 0.829431
vt 0.330248 0.829355
vt 0.246018 0.829279
vt 0.161754 0.829355
vt 0.077490 0.829431
vt 0.160864 0.796135
vt 0.076617 0.796135
vt 0.076484 0.760538
vt 0.160735 0.760546
vt 0.160607 0.724957
vt 0.076351 0.724941
vt 0.329661 0.587708
vt 0.329470 0.621148
vt 0.413719 0.621107
vt 0.413911 0.587624
vt 0.329280 0.654589
vt 0.413527 0.654589
vt 0.245222 0.621190
vt 0.245033 0.654589
vt 0.245411 0.587791
vt 0.413432 0.689765
vt 0.329190 0.689773
vt 0.244948 0.689781
vt 0.160697 0.689773
vt 0.076446 0.689765
vt 0.160787 0.654589
vt 0.076540 0.654589
vt 0.076732 0.621107
vt 0.160977 0.621148
vt 0.161167 0.587708
vt 0.076924 0.587624
vt 0.360606 0.294598
vt 0.360319 0.320686
vt 0.471991 0.320823
vt 0.472272 0.294872
vt 0.360033 0.346774
vt 0.471710 0.346774
vt 0.248648 0.320549
vt 0.245645 0.525000
vt 0.248940 0.294324
vt 0.414024 0.556312
vt 0.329776 0.556354
vt 0.245528 0.556396
vt 0.161283 0.556354
vt 0.077038 0.556312
vt 0.161398 0.525000
vt 0.077151 0.525000
vt 0.025281 0.320823
vt 0.136964 0.320686
vt 0.137251 0.294598
vt 0.025562 0.294872
vt 0.137828 0.261654
vt 0.026145 0.261792
vt 0.138406 0.228711
vt 0.026728 0.228711
vt 0.249512 0.261517
vt 0.250083 0.228711
vt 0.027509 0.190968
vt 0.139187 0.190968
vt 0.139967 0.153226
vt 0.028290 0.153226
vt 0.250864 0.190968
vt 0.251645 0.153226
vt 0.363323 0.153226
vt 0.362542 0.190968
vt 0.474219 0.190968
vt 0.475000 0.153226
vt 0.361761 0.228711
vt 0.473438 0.228711
vt 0.472855 0.261792
vt 0.361183 0.261654
vt 0.331138 0.862575
vt 0.332900 0.892007
vt 0.417129 0.892083
vt 0.415350 0.862727
vt 0.334661 0.921439
vt 0.418908 0.921439
vt 0.248670 0.891932
vt 0.250414 0.921439
vt 0.246927 0.862424
vt 0.421278 0.948220
vt 0.337032 0.948220
vt 0.339402 0.975000
vt 0.423649 0.975000
vt 0.252785 0.948220
vt 0.255155 0.975000
vt 0.170909 0.975000
vt 0.168538 0.948220
vt 0.084292 0.948220
vt 0.086662 0.975000
vt 0.166168 0.921439
vt 0.081921 0.921439
vt 0.080142 0.892083
vt 0.164406 0.892007
vt 0.162645 0.862575
vt 0.078364 0.862727
vt 0.329100 0.724957
vt 0.329228 0.760546
vt 0.413471 0.760538
vt 0.413338 0.724941
vt 0.329357 0.796135
vt 0.413604 0.796135
vt 0.244986 0.760554
vt 0.245110 0.796135
vt 0.244862 0.724974
vt 0.414477 0.829431
vt 0.330248 0.829355
vt 0.246018 0.829279
vt 0.161754 0.829355
vt 0.077490 0.829431
vt 0.160864 0.796135
vt 0.076617 0.796135
vt 0.076484 0.760538
vt 0.160735 0.760546
vt 0.160607 0.724957
vt 0.076351 0.724941
vt 0.329661 0.587708
vt 0.329470 0.621148
vt 0.413719 0.621107
vt 0.413911 0.587624
vt 0.329280 0.654589
vt 0.413527 0.654589
vt 0.245222 0.621190
vt 0.245033 0.654589
vt 0.245411 0.587791
vt 0.413432 0.689765
vt 0.329190 0.689773
vt 0.244948 0.689781
vt 0.160697 0.689773
vt 0.076446 0.689765
vt 0.160787 0.654589
vt 0.076540 0.654589
vt 0.076732 0.621107
vt 0.160977 0.621148
vt 0.161167 0.587708
vt 0.076924 0.587624
vt 0.360606 0.294598
vt 0.360319 0.320686
vt 0.471991 0.320823
vt 0.472272 0.294872
vt 0.360033 0.346774
vt 0.471710 0.346774
vt 0.248648 0.320549
vt 0.245645 0.525000
vt 0.248940 0.294324
vt 0.414024 0.556312
vt 0.329776 0.556354
vt 0.245528 0.556396
vt 0.161283 0.556354
vt 0.077038 0.556312
vt 0.161398 0.525000
vt 0.077151 0.525000
vt 0.025281 0.320823
vt 0.136964 0.320686
vt 0.137251 0.294598
vt 0.025562 0.294872
vt 0.137828 0.261654
vt 0.026145 0.261792
vt 0.138406 0.228711
vt 0.026728 0.228711
vt 0.249512 0.261517
vt 0.250083 0.228711
vt 0.027509 0.190968
vt 0.139187 0.190968
vt 0.139967 0.153226
vt 0.028290 0.153226
vt 0.250864 0.190968
vt 0.251645 0.153226
vt 0.363323 0.153226
vt 0.362542 0.190968
vt 0.474219 0.190968
vt 0.475000 0.153226
vt 0.361761 0.228711
vt 0.473438 0.228711
vt 0.472855 0.261792
vt 0.361183 0.261654
vt 0.331138 0.862575
vt 0.332900 0.892007
vt 0.417129 0.892083
vt 0.415350 0.862727
vt 0.334661 0.921439
vt 0.418908 0.921439
vt 0.248670 0.891932
vt 0.250414 0.921439
vt 0.246927 0.862424
vt 0.421278 0.948220
vt 0.337032 0.948220
vt 0.339402 0.975000
vt 0.423649 0.975000
vt 0.252785 0.948220
vt 0.255155 0.975000
vt 0.170909 0.975000
vt 0.168538 0.948220
vt 0.084292 0.948220
vt 0.086662 0.975000
vt 0.166168 0.921439
vt 0.081921 0.921439
vt 0.080142 0.892083
vt 0.164406 0.892007
vt 0.162645 0.862575
vt 0.078364 0.862727
vt 0.329100 0.724957
vt 0.329228 0.760546
vt 0.413471 0.760538
vt 0.413338 0.724941
vt 0.329357 0.796135
vt 0.413604 0.796135
vt 0.244986 0.760554
vt 0.245110 0.796135
vt 0.244862 0.724974
vt 0.414477 0.829431
vt 0.330248 0.829355
vt 0.246018 0.829279
vt 0.161754 0.829355
vt 0.077490 0.829431
vt 0.160864 0.796135
vt 0.076617 0.796135
vt 0.076484 0.760538
vt 0.160735 0.760546
vt 0.160607 0.724957
vt 0.076351 0.724941
vt 0.329661 0.587708
vt 0.329470 0.621148
vt 0.413719 0.621107
vt 0.413911 0.587624
vt 0.329280 0.654589
vt 0.413527 0.654589
vt 0.245222 0.621190
vt 0.245033 0.654589
vt 0.245411 0.587791
vt 0.413432 0.689765
vt 0.329190 0.689773
vt 0.244948 0.689781
vt 0.160697 0.689773
vt 0.076446 0.689765
vt 0.160787 0.654589
vt 0.076540 0.654589
vt 0.076732 0.621107
vt 0.160977 0.621148
vt 0.161167 0.587708
vt 0.076924 0.587624
vt 0.360606 0.294598
vt 0.360319 0.320686
vt 0.471991 0.320823
vt 0.472272 0.294872
vt 0.360033 0.346774
vt 0.471710 0.346774
vt 0.248648 0.320549
vt 0.245645 0.525000
vt 0.248940 0.294324
vt 0.414024 0.556312
vt 0.329776 0.556354
vt 0.245528 0.556396
vt 0.161283 0.556354
vt 0.077038 0.556312
vt 0.161398 0.525000
vt 0.077151 0.525000
vt 0.025281 0.320823
vt 0.136964 0.320686
vt 0.137251 0.294598
vt 0.025562 0.294872
vt 0.137828 0.261654
vt 0.026145 0.261792
vt 0.138406 0.228711
vt 0.026728 0.228711
vt 0.249512 0.261517
vt 0.250083 0.228711
vt 0.027509 0.190968
vt 0.139187 0.190968
vt 0.139967 0.153226
vt 0.028290 0.153226
vt 0.250864 0.190968
vt 0.251645 0.153226
vt 0.363323 0.153226
vt 0.362542 0.190968
vt 0.474219 0.190968
vt 0.475000 0.153226
vt 0.361761 0.228711
vt 0.473438 0.228711
vt 0.472855 0.261792
vt 0.361183 0.261654
vt 0.331138 0.862575
vt 0.332900 0.892007
vt 0.417129 0.892083
vt 0.415350 0.862727
vt 0.334661 0.921439
vt 0.418908 0.921439
vt 0.248670 0.891932
vt 0.250414 0.921439
vt 0.246927 0.862424
vt 0.421278 0.948220
vt 0.337032 0.948220
vt 0.339402 0.975000
vt 0.423649 0.975000
vt 0.252785 0.948220
vt 0.255155 0.975000
vt 0.170909 0.975000
vt 0.168538 0.948220
vt 0.084292 0.948220
vt 0.086662 0.975000
vt 0.166168 0.921439
vt 0.081921 0.921439
vt 0.080142 0.892083
vt 0.164406 0.892007
vt 0.162645 0.862575
vt 0.078364 0.862727
vt 0.329100 0.724957
vt 0.329228 0.760546
vt 0.413471 0.760538
vt 0.413338 0.724941
vt 0.329357 0.796135
vt 0.413604 0.796135
vt 0.244986 0.760554
vt 0.245110 0.796135
vt 0.244862 0.724974
vt 0.414477 0.829431
vt 0.330248 0.829355
vt 0.246018 0.829279
vt 0.161754 0.829355
vt 0.077490 0.829431
vt 0.160864 0.796135
vt 0.076617 0.796135
vt 0.076484 0.760538
vt 0.160735 0.760546
vt 0.160607 0.724957
vt 0.076351 0.724941
vt 0.329661 0.587708
vt 0.329470 0.621148
vt 0.413719 0.621107
vt 0.413911 0.587624
vt 0.329280 0.654589
vt 0.413527 0.654589
vt 0.245222 0.621190
vt 0.245033 0.654589
vt 0.245411 0.587791
vt 0.413432 0.689765
vt 0.329190 0.689773
vt 0.244948 0.689781
vt 0.160697 0.689773
vt 0.076446 0.689765
vt 0.160787 0.654589
vt 0.076540 0.654589
vt 0.076732 0.621107
vt 0.160977 0.621148
vt 0.161167 0.587708
vt 0.076924 0.587624
vt 0.360606 0.294598
vt 0.360319 0.320686
vt 0.471991 0.320823
vt 0.472272 0.294872
vt 0.360033 0.346774
vt 0.471710 0.346774
vt 0.248648 0.320549
vt 0.245645 0.525000
vt 0.248940 0.294324
vt 0.414024 0.556312
vt 0.329776 0.556354
vt 0.245528 0.556396
vt 0.161283 0.556354
vt 0.077038 0.556312
vt 0.161398 0.525000
vt 0.077151 0.525000
vt 0.025281 0.320823
vt 0.136964 0.320686
vt 0.137251 0.294598
vt 0.025562 0.294872
vt 0.137828 0.261654
vt 0.026145 0.261792
vt 0.138406 0.228711
vt 0.026728 0.228711
vt 0.249512 0.261517
vt 0.250083 0.228711
vt 0.027509 0.190968
vt 0.139187 0.190968
vt 0.139967 0.153226
vt 0.028290 0.153226
vt 0.250864 0.190968
vt 0.251645 0.153226
vt 0.363323 0.153226
vt 0.362542 0.190968
vt 0.474219 0.190968
vt 0.475000 0.153226
vt 0.361761 0.228711
vt 0.473438 0.228711
vt 0.472855 0.261792
vt 0.361183 0.261654
vt 0.331138 0.862575
vt 0.332900 0.892007
vt 0.417129 0.892083
vt 0.415350 0.862727
vt 0.334661 0.921439
vt 0.418908 0.921439
vt 0.248670 0.891932
vt 0.250414 0.921439
vt 0.246927 0.862424
vt 0.421278 0.948220
vt 0.337032 0.948220
vt 0.339402 0.975000
vt 0.423649 0.975000
vt 0.252785 0.948220
vt 0.255155 0.975000
vt 0.170909 0.975000
vt 0.168538 0.948220
vt 0.084292 0.948220
vt 0.086662 0.975000
vt 0.166168 0.921439
vt 0.081921 0.921439
vt 0.080142 0.892083
vt 0.164406 0.892007
vt 0.162645 0.862575
vt 0.078364 0.862727
vt 0.329100 0.724957
vt 0.329228 0.760546
vt 0.413471 0.760538
vt 0.413338 0.724941
vt 0.329357 0.796135
vt 0.413604 0.796135
vt 0.244986 0.760554
vt 0.245110 0.796135
vt 0.244862 0.724974
vt 0.414477 0.829431
vt 0.330248 0.829355
vt 0.246018 0.829279
vt 0.161754 0.829355
vt 0.077490 0.829431
vt 0.160864 0.796135
vt 0.076617 0.796135
vt 0.076484 0.760538
vt 0.160735 0.760546
vt 0.160607 0.724957
vt 0.076351 0.724941
vt 0.329661 0.587708
vt 0.329470 0.621148
vt 0.413719 0.621107
vt 0.413911 0.587624
vt 0.329280 0.654589
vt 0.413527 0.654589
vt 0.245222 0.621190
vt 0.245033 0.654589
vt 0.245411 0.587791
vt 0.413432 0.689765
vt 0.329190 0.689773
vt 0.244948 0.689781
vt 0.160697 0.689773
vt 0.076446 0.689765
vt 0.160787 0.654589
vt 0.076540 0.654589
vt 0.076732 0.621107
vt 0.160977 0.621148
vt 0.161167 0.587708
vt 0.076924 0.587624
vt 0.360606 0.294598
vt 0.360319 0.320686
vt 0.471991 0.320823
vt 0.472272 0.294872
vt 0.360033 0.346774
vt 0.471710 0.346774
vt 0.248648 0.320549
vt 0.245645 0.525000
vt 0.248940 0.294324
vt 0.414024 0.556312
vt 0.329776 0.556354
vt 0.245528 0.556396
vt 0.161283 0.556354
vt 0.077038 0.556312
vt 0.161398 0.525000
vt 0.077151 0.525000
vt 0.025281 0.320823
vt 0.136964 0.320686
vt 0.137251 0.294598
vt 0.025562 0.294872
vt 0.137828 0.261654
vt 0.026145 0.261792
vt 0.138406 0.228711
vt 0.026728 0.228711
vt 0.249512 0.261517
vt 0.250083 0.228711
vt 0.027509 0.190968
vt 0.139187 0.190968
vt 0.139967 0.153226
vt 0.028290 0.153226
vt 0.250864 0.190968
vt 0.251645 0.153226
vt 0.363323 0.153226
vt 0.362542 0.190968
vt 0.474219 0.190968
vt 0.475000 0.153226
vt 0.361761 0.228711
vt 0.473438 0.228711
vt 0.472855 0.261792
vt 0.361183 0.261654

o name 7
usemtl Material
usemap Material
f 7562/7562 7561/7561 7563/7563
f 7564/7564 7563/7563 7561/7561
f 7562/7562 7563/7563 7565/7565
f 7566/7566 7565/7565 7563/7563
f 7562/7562 7565/7565 7567/7567
f 7568/7568 7567/7567 7565/7565
f 7562/7562 7567/7567 7561/7561
f 7569/7569 7561/7561 7567/7567
f 7571/7571 7570/7570 7572/7572
f 7573/7573 7572/7572 7570/7570
f 7571/7571 7572/7572 7574/7574
f 7575/7575 7574/7574 7572/7572
f 7571/7571 7574/7574 7565/7565
f 7568/7568 7565/7565 7574/7574
f 7571/7571 7565/7565 7570/7570
f 7566/7566 7570/7570 7565/7565
f 7577/7577 7576/7576 7578/7578
f 7579/7579 7578/7578 7576/7576
f 7577/7577 7578/7578 7580/7580
f 7581/7581 7580/7580 7578/7578
f 7577/7577 7580/7580 7574/7574
f 7568/7568 7574/7574 7580/7580
f 7577/7577 7574/7574 7576/7576
f 7575/7575 7576/7576 7574/7574
f 7583/7583 7582/7582 7584/7584
f 7585/7585 7584/7584 7582/7582
f 7583/7583 7584/7584 7567/7567
f 7569/7569 7567/7567 7584/7584
f 7583/7583 7567/7567 7580/7580
f 7568/7568 7580/7580 7567/7567
f 7583/7583 7580/7580 7582/7582
f 7581/7581 7582/7582 7580/7580
f 7587/7587 7586/7586 7588/7588
f 7589/7589 7588/7588 7586/7586
f 7587/7587 7588/7588 7590/7590
f 7591/7591 7590/7590 7588/7588
f 7587/7587 7590/7590 7592/7592
f 7593/7593 7592/7592 7590/7590
f 7587/7587 7592/7592 7586/7586
f 7594/7594 7586/7586 7592/7592
f 7596/7596 7595/7595 7561/7561
f 7564/7564 7561/7561 7595/7595
f 7596/7596 7561/7561 7597/7597
f 7569/7569 7597/7597 7561/7561
f 7596/7596 7597/7597 7590/7590
f 7593/7593 7590/7590 7597/7597
f 7596/7596 7590/7590 7595/7595
f 7591/7591 7595/7595 7590/7590
f 7598/7598 7584/7584 7599/7599
f 7585/7585 7599/7599 7584/7584
f 7598/7598 7599/7599 7600/7600
f 7601/7601 7600/7600 7599/7599
f 7598/7598 7600/7600 7597/7597
f 7593/7593 7597/7597 7600/7600
f 7598/7598 7597/7597 7584/7584
f 7569/7569 7584/7584 7597/7597
f 7603/7603 7602/7602 7604/7604
f 7605/7605 7604/7604 7602/7602
f 7603/7603 7604/7604 7592/7592
f 7594/7594 7592/7592 7604/7604
f 7603/7603 7592/7592 7600/7600
f 7593/7593 7600/7600 7592/7592
f 7603/7603 7600/7600 7602/7602
f 7601/7601 7602/7602 7600/7600
f 7607/7607 7606/7606 7608/7608
f 7609/7609 7608/7608 7606/7606
f 7607/7607 7608/7608 7610/7610
f 7611/7611 7610/7610 7608/7608
f 7607/7607 7610/7610 7612/7612
f 7613/7613 7612/7612 7610/7610
f 7607/7607 7612/7612 7606/7606
f 7614/7614 7606/7606 7612/7612
f 7616/7616 7615/7615 7586/7586
f 7589/7589 7586/7586 7615/7615
f 7616/7616 7586/7586 7617/7617
f 7594/7594 7617/7617 7586/7586
f 7616/7616 7617/7617 7610/7610
f 7613/7613 7610/7610 7617/7617
f 7616/7616 7610/7610 7615/7615
f 7611/7611 7615/7615 7610/7610
f 7618/7618 7604/7604 7619/7619
f 7605/7605 7619/7619 7604/7604
f 7618/7618 7619/7619 7620/7620
f 7621/7621 7620/7620 7619/7619
f 7618/7618 7620/7620 7617/7617
f 7613/7613 7617/7617 7620/7620
f 7618/7618 7617/7617 7604/7604
f 7594/7594 7604/7604 7617/7617
f 7623/7623 7622/7622 7624/7624
f 7625/7625 7624/7624 7622/7622
f 7623/7623 7624/7624 7612/7612
f 7614/7614 7612/7612 7624/7624
f 7623/7623 7612/7612 7620/7620
f 7613/7613 7620/7620 7612/7612
f 7623/7623 7620/7620 7622/7622
f 7621/7621 7622/7622 7620/7620
f 7627/7627 7626/7626 7628/7628
f 7629/7629 7628/7628 7626/7626
f 7627/7627 7628/7628 7630/7630
f 7631/7631 7630/7630 7628/7628
f 7627/7627 7630/7630 7632/7632
f 7633/7633 7632/7632 7630/7630
f 7627/7627 7632/7632 7626/7626
f 7634/7634 7626/7626 7632/7632
f 7636/7636 7635/7635 7606/7606
f 7609/7609 7606/7606 7635/7635
f 7636/7636 7606/7606 7637/7637
f 7614/7614 7637/7637 7606/7606
f 7636/7636 7637/7637 7630/7630
f 7633/7633 7630/7630 7637/7637
f 7636/7636 7630/7630 7635/7635
f 7631/7631 7635/7635 7630/7630
f 7638/7638 7624/7624 7639/7639
f 7625/7625 7639/7639 7624/7624
f 7638/7638 7639/7639 7640/7640
f 7641/7641 7640/7640 7639/7639
f 7638/7638 7640/7640 7637/7637
f 7633/7633 7637/7637 7640/7640
f 7638/7638 7637/7637 7624/7624
f 7614/7614 7624/7624 7637/7637
f 7643/7643 7642/7642 7644/7644
f 7645/7645 7644/7644 7642/7642
f 7643/7643 7644/7644 7632/7632
f 7634/7634 7632/7632 7644/7644
f 7643/7643 7632/7632 7640/7640
f 7633/7633 7640/7640 7632/7632
f 7643/7643 7640/7640 7642/7642
f 7641/7641 7642/7642 7640/7640
f 7646/7646 7644/7644 7647/7647
f 7645/7645 7647/7647 7644/7644
f 7646/7646 7647/7647 7648/7648
f 7649/7649 7648/7648 7647/7647
f 7646/7646 7648/7648 7650/7650
f 7651/7651 7650/7650 7648/7648
f 7646/7646 7650/7650 7644/7644
f 7634/7634 7644/7644 7650/7650
f 7653/7653 7652/7652 7654/7654
f 7655/7655 7654/7654 7652/7652
f 7653/7653 7654/7654 7656/7656
f 7657/7657 7656/7656 7654/7654
f 7653/7653 7656/7656 7648/7648
f 7651/7651 7648/7648 7656/7656
f 7653/7653 7648/7648 7652/7652
f 7649/7649 7652/7652 7648/7648
f 7659/7659 7658/7658 7660/7660
f 7661/7661 7660/7660 7658/7658
f 7659/7659 7660/7660 7662/7662
f 7663/7663 7662/7662 7660/7660
f 7659/7659 7662/7662 7656/7656
f 7651/7651 7656/7656 7662/7662
f 7659/7659 7656/7656 7658/7658
f 7657/7657 7658/7658 7656/7656
f 7665/7665 7664/7664 7626/7626
f 7629/7629 7626/7626 7664/7664
f 7665/7665 7626/7626 7650/7650
f 7634/7634 7650/7650 7626/7626
f 7665/7665 7650/7650 7662/7662
f 7651/7651 7662/7662 7650/7650
f 7665/7665 7662/7662 7664/7664
f 7663/7663 7664/7664 7662/7662
f 7667/7667 7666/7666 7668/7668
f 7669/7669 7668/7668 7666/7666
f 7667/7667 7668/7668 7670/7670
f 7671/7671 7670/7670 7668/7668
f 7667/7667 7670/7670 7672/7672
f 7673/7673 7672/7672 7670/7670
f 7667/7667 7672/7672 7666/7666
f 7674/7674 7666/7666 7672/7672
f 7676/7676 7675/7675 7677/7677
f 7678/7678 7677/7677 7675/7675
f 7676/7676 7677/7677 7679/7679
f 7680/7680 7679/7679 7677/7677
f 7676/7676 7679/7679 7670/7670
f 7673/7673 7670/7670 7679/7679
f 7676/7676 7670/7670 7675/7675
f 7671/7671 7675/7675 7670/7670
f 7682/7682 7681/7681 7683/7683
f 7684/7684 7683/7683 7681/7681
f 7682/7682 7683/7683 7685/7685
f 7686/7686 7685/7685 7683/7683
f 7682/7682 7685/7685 7679/7679
f 7673/7673 7679/7679 7685/7685
f 7682/7682 7679/7679 7681/7681
f 7680/7680 7681/7681 7679/7679
f 7688/7688 7687/7687 7689/7689
f 7690/7690 7689/7689 7687/7687
f 7688/7688 7689/7689 7672/7672
f 7674/7674 7672/7672 7689/7689
f 7688/7688 7672/7672 7685/7685
f 7673/7673 7685/7685 7672/7672
f 7688/7688 7685/7685 7687/7687
f 7686/7686 7687/7687 7685/7685
f 7692/7692 7691/7691 7693/7693
f 7694/7694 7693/7693 7691/7691
f 7692/7692 7693/7693 7695/7695
f 7696/7696 7695/7695 7693/7693
f 7692/7692 7695/7695 7697/7697
f 7698/7698 7697/7697 7695/7695
f 7692/7692 7697/7697 7691/7691
f 7699/7699 7691/7691 7697/7697
f 7701/7701 7700/7700 7666/7666
f 7669/7669 7666/7666 7700/7700
f 7701/7701 7666/7666 7702/7702
f 7674/7674 7702/7702 7666/7666
f 7701/7701 7702/7702 7695/7695
f 7698/7698 7695/7695 7702/7702
f 7701/7701 7695/7695 7700/7700
f 7696/7696 7700/7700 7695/7695
f 7703/7703 7689/7689 7704/7704
f 7690/7690 7704/7704 7689/7689
f 7703/7703 7704/7704 7705/7705
f 7706/7706 7705/7705 7704/7704
f 7703/7703 7705/7705 7702/7702
f 7698/7698 7702/7702 7705/7705
f 7703/7703 7702/7702 7689/7689
f 7674/7674 7689/7689 7702/7702
f 7708/7708 7707/7707 7709/7709
f 7710/7710 7709/7709 7707/7707
f 7708/7708 7709/7709 7697/7697
f 7699/7699 7697/7697 7709/7709
f 7708/7708 7697/7697 7705/7705
f 7698/7698 7705/7705 7697/7697
f 7708/7708 7705/7705 7707/7707
f 7706/7706 7707/7707 7705/7705
f 7712/7712 7711/7711 7713/7713
f 7714/7714 7713/7713 7711/7711
f 7712/7712 7713/7713 7715/7715
f 7716/7716 7715/7715 7713/7713
f 7712/7712 7715/7715 7717/7717
f 7718/7718 7717/7717 7715/7715
f 7712/7712 7717/7717 7711/7711
f 7719/7719 7711/7711 7717/7717
f 7721/7721 7720/7720 7691/7691
f 7694/7694 7691/7691 7720/7720
f 7721/7721 7691/7691 7722/7722
f 7699/7699 7722/7722 7691/7691
f 7721/7721 7722/7722 7715/7715
f 7718/7718 7715/7715 7722/7722
f 7721/7721 7715/7715 7720/7720
f 7716/7716 7720/7720 7715/7715
f 7723/7723 7709/7709 7724/7724
f 7710/7710 7724/7724 7709/7709
f 7723/7723 7724/7724 7725/7725
f 7726/7726 7725/7725 7724/7724
f 7723/7723 7725/7725 7722/7722
f 7718/7718 7722/7722 7725/7725
f 7723/7723 7722/7722 7709/7709
f 7699/7699 7709/7709 7722/7722
f 7728/7728 7727/7727 7729/7729
f 7730/7730 7729/7729 7727/7727
f 7728/7728 7729/7729 7717/7717
f 7719/7719 7717/7717 7729/7729
f 7728/7728 7717/7717 7725/7725
f 7718/7718 7725/7725 7717/7717
f 7728/7728 7725/7725 7727/7727
f 7726/7726 7727/7727 7725/7725
f 7732/7732 7731/7731 7733/7733
f 7734/7734 7733/7733 7731/7731
f 7732/7732 7733/7733 7735/7735
f 7736/7736 7735/7735 7733/7733
f 7732/7732 7735/7735 7737/7737
f 7738/7738 7737/7737 7735/7735
f 7732/7732 7737/7737 7731/7731
f 7739/7739 7731/7731 7737/7737
f 7741/7741 7740/7740 7711/7711
f 7714/7714 7711/7711 7740/7740
f 7741/7741 7711/7711 7742/7742
f 7719/7719 7742/7742 7711/7711
f 7741/7741 7742/7742 7735/7735
f 7738/7738 7735/7735 7742/7742
f 7741/7741 7735/7735 7740/7740
f 7736/7736 7740/7740 7735/7735
f 7743/7743 7729/7729 7744/7744
f 7730/7730 7744/7744 7729/7729
f 7743/7743 7744/7744 7745/7745
f 7746/7746 7745/7745 7744/7744
f 7743/7743 7745/7745 7742/7742
f 7738/7738 7742/7742 7745/7745
f 7743/7743 7742/7742 7729/7729
f 7719/7719 7729/7729 7742/7742
f 7748/7748 7747/7747 7749/7749
f 7750/7750 7749/7749 7747/7747
f 7748/7748 7749/7749 7737/7737
f 7739/7739 7737/7737 7749/7749
f 7748/7748 7737/7737 7745/7745
f 7738/7738 7745/7745 7737/7737
f 7748/7748 7745/7745 7747/7747
f 7746/7746 7747/7747 7745/7745
f 7751/7751 7749/7749 7752/7752
f 7750/7750 7752/7752 7749/7749
f 7751/7751 7752/7752 7753/7753
f 7754/7754 7753/7753 7752/7752
f 7751/7751 7753/7753 7755/7755
f 7756/7756 7755/7755 7753/7753
f 7751/7751 7755/7755 7749/7749
f 7739/7739 7749/7749 7755/7755
f 7758/7758 7757/7757 7759/7759
f 7760/7760 7759/7759 7757/7757
f 7758/7758 7759/7759 7761/7761
f 7762/7762 7761/7761 7759/7759
f 7758/7758 7761/7761 7753/7753
f 7756/7756 7753/7753 7761/7761
f 7758/7758 7753/7753 7757/7757
f 7754/7754 7757/7757 7753/7753
f 7764/7764 7763/7763 7765/7765
f 7766/7766 7765/7765 7763/7763
f 7764/7764 7765/7765 7767/7767
f 7768/7768 7767/7767 7765/7765
f 7764/7764 7767/7767 7761/7761
f 7756/7756 7761/7761 7767/7767
f 7764/7764 7761/7761 7763/7763
f 7762/7762 7763/7763 7761/7761
f 7770/7770 7769/7769 7731/7731
f 7734/7734 7731/7731 7769/7769
f 7770/7770 7731/7731 7755/7755
f 7739/7739 7755/7755 7731/7731
f 7770/7770 7755/7755 7767/7767
f 7756/7756 7767/7767 7755/7755
f 7770/7770 7767/7767 7769/7769
f 7768/7768 7769/7769 7767/7767
f 7772/7772 7771/7771 7773/7773
f 7774/7774 7773/7773 7771/7771
f 7772/7772 7773/7773 7775/7775
f 7776/7776 7775/7775 7773/7773
f 7772/7772 7775/7775 7777/7777
f 7778/7778 7777/7777 7775/7775
f 7772/7772 7777/7777 7771/7771
f 7779/7779 7771/7771 7777/7777
f 7781/7781 7780/7780 7782/7782
f 7783/7783 7782/7782 7780/7780
f 7781/7781 7782/7782 7784/7784
f 7785/7785 7784/7784 7782/7782
f 7781/7781 7784/7784 7775/7775
f 7778/7778 7775/7775 7784/7784
f 7781/7781 7775/7775 7780/7780
f 7776/7776 7780/7780 7775/7775
f 7787/7787 7786/7786 7788/7788
f 7789/7789 7788/7788 7786/7786
f 7787/7787 7788/7788 7790/7790
f 7791/7791 7790/7790 7788/7788
f 7787/7787 7790/7790 7784/7784
f 7778/7778 7784/7784 7790/7790
f 7787/7787 7784/7784 7786/7786
f 7785/7785 7786/7786 7784/7784
f 7793/7793 7792/7792 7794/7794
f 7795/7795 7794/7794 7792/7792
f 7793/7793 7794/7794 7777/7777
f 7779/7779 7777/7777 7794/7794
f 7793/7793 7777/7777 7790/7790
f 7778/7778 7790/7790 7777/7777
f 7793/7793 7790/7790 7792/7792
f 7791/7791 7792/7792 7790/7790
f 7797/7797 7796/7796 7798/7798
f 7799/7799 7798/7798 7796/7796
f 7797/7797 7798/7798 7800/7800
f 7801/7801 7800/7800 7798/7798
f 7797/7797 7800/7800 7802/7802
f 7803/7803 7802/7802 7800/7800
f 7797/7797 7802/7802 7796/7796
f 7804/7804 7796/7796 7802/7802
f 7806/7806 7805/7805 7771/7771
f 7774/7774 7771/7771 7805/7805
f 7806/7806 7771/7771 7807/7807
f 7779/7779 7807/7807 7771/7771
f 7806/7806 7807/7807 7800/7800
f 7803/7803 7800/7800 7807/7807
f 7806/7806 7800/7800 7805/7805
f 7801/7801 7805/7805 7800/7800
f 7808/7808 7794/7794 7809/7809
f 7795/7795 7809/7809 7794/7794
f 7808/7808 7809/7809 7810/7810
f 7811/7811 7810/7810 7809/7809
f 7808/7808 7810/7810 7807/7807
f 7803/7803 7807/7807 7810/7810
f 7808/7808 7807/7807 7794/7794
f 7779/7779 7794/7794 7807/7807
f 7813/7813 7812/7812 7814/7814
f 7815/7815 7814/7814 7812/7812
f 7813/7813 7814/7814 7802/7802
f 7804/7804 7802/7802 7814/7814
f 7813/7813 7802/7802 7810/7810
f 7803/7803 7810/7810 7802/7802
f 7813/7813 7810/7810 7812/7812
f 7811/7811 7812/7812 7810/7810
f 7817/7817 7816/7816 7818/7818
f 7819/7819 7818/7818 7816/7816
f 7817/7817 7818/7818 7820/7820
f 7821/7821 7820/7820 7818/7818
f 7817/7817 7820/7820 7822/7822
f 7823/7823 7822/7822 7820/7820
f 7817/7817 7822/7822 7816/7816
f 7824/7824 7816/7816 7822/7822
f 7826/7826 7825/7825 7796/7796
f 7799/7799 7796/7796 7825/7825
f 7826/7826 7796/7796 7827/7827
f 7804/7804 7827/7827 7796/7796
f 7826/7826 7827/7827 7820/7820
f 7823/7823 7820/7820 7827/7827
f 7826/7826 7820/7820 7825/7825
f 7821/7821 7825/7825 7820/7820
f 7828/7828 7814/7814 7829/7829
f 7815/7815 7829/7829 7814/7814
f 7828/7828 7829/7829 7830/7830
f 7831/7831 7830/7830 7829/7829
f 7828/7828 7830/7830 7827/7827
f 7823/7823 7827/7827 7830/7830
f 7828/7828 7827/7827 7814/7814
f 7804/7804 7814/7814 7827/7827
f 7833/7833 7832/7832 7834/7834
f 7835/7835 7834/7834 7832/7832
f 7833/7833 7834/7834 7822/7822
f 7824/7824 7822/7822 7834/7834
f 7833/7833 7822/7822 7830/7830
f 7823/7823 7830/7830 7822/7822
f 7833/7833 7830/7830 7832/7832
f 7831/7831 7832/7832 7830/7830
f 7837/7837 7836/7836 7838/7838
f 7839/7839 7838/7838 7836/7836
f 7837/7837 7838/7838 7840/7840
f 7841/7841 7840/7840 7838/7838
f 7837/7837 7840/7840 7842/7842
f 7843/7843 7842/7842 7840/7840
f 7837/7837 7842/7842 7836/7836
f 7844/7844 7836/7836 7842/7842
f 7846/7846 7845/7845 7816/7816
f 7819/7819 7816/7816 7845/7845
f 7846/7846 7816/7816 7847/7847
f 7824/7824 7847/7847 7816/7816
f 7846/7846 7847/7847 7840/7840
f 7843/7843 7840/7840 7847/7847
f 7846/7846 7840/7840 7845/7845
f 7841/7841 7845/7845 7840/7840
f 7848/7848 7834/7834 7849/7849
f 7835/7835 7849/7849 7834/7834
f 7848/7848 7849/7849 7850/7850
f 7851/7851 7850/7850 7849/7849
f 7848/7848 7850/7850 7847/7847
f 7843/7843 7847/7847 7850/7850
f 7848/7848 7847/7847 7834/7834
f 7824/7824 7834/7834 7847/7847
f 7853/7853 7852/7852 7854/7854
f 7855/7855 7854/7854 7852/7852
f 7853/7853 7854/7854 7842/7842
f 7844/7844 7842/7842 7854/7854
f 7853/7853 7842/7842 7850/7850
f 7843/7843 7850/7850 7842/7842
f 7853/7853 7850/7850 7852/7852
f 7851/7851 7852/7852 7850/7850
f 7856/7856 7854/7854 7857/7857
f 7855/7855 7857/7857 7854/7854
f 7856/7856 7857/7857 7858/7858
f 7859/7859 7858/7858 7857/7857
f 7856/7856 7858/7858 7860/7860
f 7861/7861 7860/7860 7858/7858
f 7856/7856 7860/7860 7854/7854
f 7844/7844 7854/7854 7860/7860
f 7863/7863 7862/7862 7864/7864
f 7865/7865 7864/7864 7862/7862
f 7863/7863 7864/7864 7866/7866
f 7867/7867 7866/7866 7864/7864
f 7863/7863 7866/7866 7858/7858
f 7861/7861 7858/7858 7866/7866
f 7863/7863 7858/7858 7862/7862
f 7859/7859 7862/7862 7858/7858
f 7869/7869 7868/7868 7870/7870
f 7871/7871 7870/7870 7868/7868
f 7869/7869 7870/7870 7872/7872
f 7873/7873 7872/7872 7870/7870
f 7869/7869 7872/7872 7866/7866
f 7861/7861 7866/7866 7872/7872
f 7869/7869 7866/7866 7868/7868
f 7867/7867 7868/7868 7866/7866
f 7875/7875 7874/7874 7836/7836
f 7839/7839 7836/7836 7874/7874
f 7875/7875 7836/7836 7860/7860
f 7844/7844 7860/7860 7836/7836
f 7875/7875 7860/7860 7872/7872
f 7861/7861 7872/7872 7860/7860
f 7875/7875 7872/7872 7874/7874
f 7873/7873 7874/7874 7872/7872
f 7877/7877 7876/7876 7878/7878
f 7879/7879 7878/7878 7876/7876
f 7877/7877 7878/7878 7880/7880
f 7881/7881 7880/7880 7878/7878
f 7877/7877 7880/7880 7882/7882
f 7883/7883 7882/7882 7880/7880
f 7877/7877 7882/7882 7876/7876
f 7884/7884 7876/7876 7882/7882
f 7886/7886 7885/7885 7887/7887
f 7888/7888 7887/7887 7885/7885
f 7886/7886 7887/7887 7889/7889
f 7890/7890 7889/7889 7887/7887
f 7886/7886 7889/7889 7880/7880
f 7883/7883 7880/7880 7889/7889
f 7886/7886 7880/7880 7885/7885
f 7881/7881 7885/7885 7880/7880
f 7892/7892 7891/7891 7893/7893
f 7894/7894 7893/7893 7891/7891
f 7892/7892 7893/7893 7895/7895
f 7896/7896 7895/7895 7893/7893
f 7892/7892 7895/7895 7889/7889
f 7883/7883 7889/7889 7895/7895
f 7892/7892 7889/7889 7891/7891
f 7890/7890 7891/7891 7889/7889
f 7898/7898 7897/7897 7899/7899
f 7900/7900 7899/7899 7897/7897
f 7898/7898 7899/7899 7882/7882
f 7884/7884 7882/7882 7899/7899
f 7898/7898 7882/7882 7895/7895
f 7883/7883 7895/7895 7882/7882
f 7898/7898 7895/7895 7897/7897
f 7896/7896 7897/7897 7895/7895
f 7902/7902 7901/7901 7903/7903
f 7904/7904 7903/7903 7901/7901
f 7902/7902 7903/7903 7905/7905
f 7906/7906 7905/7905 7903/7903
f 7902/7902 7905/7905 7907/7907
f 7908/7908 7907/7907 7905/7905
f 7902/7902 7907/7907 7901/7901
f 7909/7909 7901/7901 7907/7907
f 7911/7911 7910/7910 7876/7876
f 7879/7879 7876/7876 7910/7910
f 7911/7911 7876/7876 7912/7912
f 7884/7884 7912/7912 7876/7876
f 7911/7911 7912/7912 7905/7905
f 7908/7908 7905/7905 7912/7912
f 7911/7911 7905/7905 7910/7910
f 7906/7906 7910/7910 7905/7905
f 7913/7913 7899/7899 7914/7914
f 7900/7900 7914/7914 7899/7899
f 7913/7913 7914/7914 7915/7915
f 7916/7916 7915/7915 7914/7914
f 7913/7913 7915/7915 7912/7912
f 7908/7908 7912/7912 7915/7915
f 7913/7913 7912/7912 7899/7899
f 7884/7884 7899/7899 7912/7912
f 7918/7918 7917/7917 7919/7919
f 7920/7920 7919/7919 7917/7917
f 7918/7918 7919/7919 7907/7907
f 7909/7909 7907/7907 7919/7919
f 7918/7918 7907/7907 7915/7915
f 7908/7908 7915/7915 7907/7907
f 7918/7918 7915/7915 7917/7917
f 7916/7916 7917/7917 7915/7915
f 7922/7922 7921/7921 7923/7923
f 7924/7924 7923/7923 7921/7921
f 7922/7922 7923/7923 7925/7925
f 7926/7926 7925/7925 7923/7923
f 7922/7922 7925/7925 7927/7927
f 7928/7928 7927/7927 7925/7925
f 7922/7922 7927/7927 7921/7921
f 7929/7929 7921/7921 7927/7927
f 7931/7931 7930/7930 7901/7901
f 7904/7904 7901/7901 7930/7930
f 7931/7931 7901/7901 7932/7932
f 7909/7909 7932/7932 7901/7901
f 7931/7931 7932/7932 7925/7925
f 7928/7928 7925/7925 7932/7932
f 7931/7931 7925/7925 7930/7930
f 7926/7926 7930/7930 7925/7925
f 7933/7933 7919/7919 7934/7934
f 7920/7920 7934/7934 7919/7919
f 7933/7933 7934/7934 7935/7935
f 7936/7936 7935/7935 7934/7934
f 7933/7933 7935/7935 7932/7932
f 7928/7928 7932/7932 7935/7935
f 7933/7933 7932/7932 7919/7919
f 7909/7909 7919/7919 7932/7932
f 7938/7938 7937/7937 7939/7939
f 7940/7940 7939/7939 7937/7937
f 7938/7938 7939/7939 7927/7927
f 7929/7929 7927/7927 7939/7939
f 7938/7938 7927/7927 7935/7935
f 7928/7928 7935/7935 7927/7927
f 7938/7938 7935/7935 7937/7937
f 7936/7936 7937/7937 7935/7935
f 7942/7942 7941/7941 7943/7943
f 7944/7944 7943/7943 7941/7941
f 7942/7942 7943/7943 7945/7945
f 7946/7946 7945/7945 7943/7943
f 7942/7942 7945/7945 7947/7947
f 7948/7948 7947/7947 7945/7945
f 7942/7942 7947/7947 7941/7941
f 7949/7949 7941/7941 7947/7947
f 7951/7951 7950/7950 7921/7921
f 7924/7924 7921/7921 7950/7950
f 7951/7951 7921/7921 7952/7952
f 7929/7929 7952/7952 7921/7921
f 7951/7951 7952/7952 7945/7945
f 7948/7948 7945/7945 7952/7952
f 7951/7951 7945/7945 7950/7950
f 7946/7946 7950/7950 7945/7945
f 7953/7953 7939/7939 7954/7954
f 7940/7940 7954/7954 7939/7939
f 7953/7953 7954/7954 7955/7955
f 7956/7956 7955/7955 7954/7954
f 7953/7953 7955/7955 7952/7952
f 7948/7948 7952/7952 7955/7955
f 7953/7953 7952/7952 7939/7939
f 7929/7929 7939/7939 7952/7952
f 7958/7958 7957/7957 7959/7959
f 7960/7960 7959/7959 7957/7957
f 7958/7958 7959/7959 7947/7947
f 7949/7949 7947/7947 7959/7959
f 7958/7958 7947/7947 7955/7955
f 7948/7948 7955/7955 7947/7947
f 7958/7958 7955/7955 7957/7957
f 7956/7956 7957/7957 7955/7955
f 7961/7961 7959/7959 7962/7962
f 7960/7960 7962/7962 7959/7959
f 7961/7961 7962/7962 7963/7963
f 7964/7964 7963/7963 7962/7962
f 7961/7961 7963/7963 7965/7965
f 7966/7966 7965/7965 7963/7963
f 7961/7961 7965/7965 7959/7959
f 7949/7949 7959/7959 7965/7965
f 7968/7968 7967/7967 7969/7969
f 7970/7970 7969/7969 7967/7967
f 7968/7968 7969/7969 7971/7971
f 7972/7972 7971/7971 7969/7969
f 7968/7968 7971/7971 7963/7963
f 7966/7966 7963/7963 7971/7971
f 7968/7968 7963/7963 7967/7967
f 7964/7964 7967/7967 7963/7963
f 7974/7974 7973/7973 7975/7975
f 7976/7976 7975/7975 7973/7973
f 7974/7974 7975/7975 7977/7977
f 7978/7978 7977/7977 7975/7975
f 7974/7974 7977/7977 7971/7971
f 7966/7966 7971/7971 7977/7977
f 7974/7974 7971/7971 7973/7973
f 7972/7972 7973/7973 7971/7971
f 7980/7980 7979/7979 7941/7941
f 7944/7944 7941/7941 7979/7979
f 7980/7980 7941/7941 7965/7965
f 7949/7949 7965/7965 7941/7941
f 7980/7980 7965/7965 7977/7977
f 7966/7966 7977/7977 7965/7965
f 7980/7980 7977/7977 7979/7979
f 7978/7978 7979/7979 7977/7977
f 7982/7982 7981/7981 7983/7983
f 7984/7984 7983/7983 7981/7981
f 7982/7982 7983/7983 7985/7985
f 7986/7986 7985/7985 7983/7983
f 7982/7982 7985/7985 7987/7987
f 7988/7988 7987/7987 7985/7985
f 7982/7982 7987/7987 7981/7981
f 7989/7989 7981/7981 7987/7987
f 7991/7991 7990/7990 7992/7992
f 7993/7993 7992/7992 7990/7990
f 7991/7991 7992/7992 7994/7994
f 7995/7995 7994/7994 7992/7992
f 7991/7991 7994/7994 7985/7985
f 7988/7988 7985/7985 7994/7994
f 7991/7991 7985/7985 7990/7990
f 7986/7986 7990/7990 7985/7985
f 7997/7997 7996/7996 7998/7998
f 7999/7999 7998/7998 7996/7996
f 7997/7997 7998/7998 8000/8000
f 8001/8001 8000/8000 7998/7998
f 7997/7997 8000/8000 7994/7994
f 7988/7988 7994/7994 8000/8000
f 7997/7997 7994/7994 7996/7996
f 7995/7995 7996/7996 7994/7994
f 8003/8003 8002/8002 8004/8004
f 8005/8005 8004/8004 8002/8002
f 8003/8003 8004/8004 7987/7987
f 7989/7989 7987/7987 8004/8004
f 8003/8003 7987/7987 8000/8000
f 7988/7988 8000/8000 7987/7987
f 8003/8003 8000/8000 8002/8002
f 8001/8001 8002/8002 8000/8000
f 8007/8007 8006/8006 8008/8008
f 8009/8009 8008/8008 8006/8006
f 8007/8007 8008/8008 8010/8010
f 8011/8011 8010/8010 8008/8008
f 8007/8007 8010/8010 8012/8012
f 8013/8013 8012/8012 8010/8010
f 8007/8007 8012/8012 8006/8006
f 8014/8014 8006/8006 8012/8012
f 8016/8016 8015/8015 7981/7981
f 7984/7984 7981/7981 8015/8015
f 8016/8016 7981/7981 8017/8017
f 7989/7989 8017/8017 7981/7981
f 8016/8016 8017/8017 8010/8010
f 8013/8013 8010/8010 8017/8017
f 8016/8016 8010/8010 8015/8015
f 8011/8011 8015/8015 8010/8010
f 8018/8018 8004/8004 8019/8019
f 8005/8005 8019/8019 8004/8004
f 8018/8018 8019/8019 8020/8020
f 8021/8021 8020/8020 8019/8019
f 8018/8018 8020/8020 8017/8017
f 8013/8013 8017/8017 8020/8020
f 8018/8018 8017/8017 8004/8004
f 7989/7989 8004/8004 8017/8017
f 8023/8023 8022/8022 8024/8024
f 8025/8025 8024/8024 8022/8022
f 8023/8023 8024/8024 8012/8012
f 8014/8014 8012/8012 8024/8024
f 8023/8023 8012/8012 8020/8020
f 8013/8013 8020/8020 8012/8012
f 8023/8023 8020/8020 8022/8022
f 8021/8021 8022/8022 8020/8020
f 8027/8027 8026/8026 8028/8028
f 8029/8029 8028/8028 8026/8026
f 8027/8027 8028/8028 8030/8030
f 8031/8031 8030/8030 8028/8028
f 8027/8027 8030/8030 8032/8032
f 8033/8033 8032/8032 8030/8030
f 8027/8027 8032/8032 8026/8026
f 8034/8034 8026/8026 8032/8032
f 8036/8036 8035/8035 8006/8006
f 8009/8009 8006/8006 8035/8035
f 8036/8036 8006/8006 8037/8037
f 8014/8014 8037/8037 8006/8006
f 8036/8036 8037/8037 8030/8030
f 8033/8033 8030/8030 8037/8037
f 8036/8036 8030/8030 8035/8035
f 8031/8031 8035/8035 8030/8030
f 8038/8038 8024/8024 8039/8039
f 8025/8025 8039/8039 8024/8024
f 8038/8038 8039/8039 8040/8040
f 8041/8041 8040/8040 8039/8039
f 8038/8038 8040/8040 8037/8037
f 8033/8033 8037/8037 8040/8040
f 8038/8038 8037/8037 8024/8024
f 8014/8014 8024/8024 8037/8037
f 8043/8043 8042/8042 8044/8044
f 8045/8045 8044/8044 8042/8042
f 8043/8043 8044/8044 8032/8032
f 8034/8034 8032/8032 8044/8044
f 8043/8043 8032/8032 8040/8040
f 8033/8033 8040/8040 8032/8032
f 8043/8043 8040/8040 8042/8042
f 8041/8041 8042/8042 8040/8040
f 8047/8047 8046/8046 8048/8048
f 8049/8049 8048/8048 8046/8046
f 8047/8047 8048/8048 8050/8050
f 8051/8051 8050/8050 8048/8048
f 8047/8047 8050/8050 8052/8052
f 8053/8053 8052/8052 8050/8050
f 8047/8047 8052/8052 8046/8046
f 8054/8054 8046/8046 8052/8052
f 8056/8056 8055/8055 8026/8026
f 8029/8029 8026/8026 8055/8055
f 8056/8056 8026/8026 8057/8057
f 8034/8034 8057/8057 8026/8026
f 8056/8056 8057/8057 8050/8050
f 8053/8053 8050/8050 8057/8057
f 8056/8056 8050/8050 8055/8055
f 8051/8051 8055/8055 8050/8050
f 8058/8058 8044/8044 8059/8059
f 8045/8045 8059/8059 8044/8044
f 8058/8058 8059/8059 8060/8060
f 8061/8061 8060/8060 8059/8059
f 8058/8058 8060/8060 8057/8057
f 8053/8053 8057/8057 8060/8060
f 8058/8058 8057/8057 8044/8044
f 8034/8034 8044/8044 8057/8057
f 8063/8063 8062/8062 8064/8064
f 8065/8065 8064/8064 8062/8062
f 8063/8063 8064/8064 8052/8052
f 8054/8054 8052/8052 8064/8064
f 8063/8063 8052/8052 8060/8060
f 8053/8053 8060/8060 8052/8052
f 8063/8063 8060/8060 8062/8062
f 8061/8061 8062/8062 8060/8060
f 8066/8066 8064/8064 8067/8067
f 8065/8065 8067/8067 8064/8064
f 8066/8066 8067/8067 8068/8068
f 8069/8069 8068/8068 8067/8067
f 8066/8066 8068/8068 8070/8070
f 8071/8071 8070/8070 8068/8068
f 8066/8066 8070/8070 8064/8064
f 8054/8054 8064/8064 8070/8070
f 8073/8073 8072/8072 8074/8074
f 8075/8075 8074/8074 8072/8072
f 8073/8073 8074/8074 8076/8076
f 8077/8077 8076/8076 8074/8074
f 8073/8073 8076/8076 8068/8068
f 8071/8071 8068/8068 8076/8076
f 8073/8073 8068/8068 8072/8072
f 8069/8069 8072/8072 8068/8068
f 8079/8079 8078/8078 8080/8080
f 8081/8081 8080/8080 8078/8078
f 8079/8079 8080/8080 8082/8082
f 8083/8083 8082/8082 8080/8080
f 8079/8079 8082/8082 8076/8076
f 8071/8071 8076/8076 8082/8082
f 8079/8079 8076/8076 8078/8078
f 8077/8077 8078/8078 8076/8076
f 8085/8085 8084/8084 8046/8046
f 8049/8049 8046/8046 8084/8084
f 8085/8085 8046/8046 8070/8070
f 8054/8054 8070/8070 8046/8046
f 8085/8085 8070/8070 8082/8082
f 8071/8071 8082/8082 8070/8070
f 8085/8085 8082/8082 8084/8084
f 8083/8083 8084/8084 8082/8082
f 8087/8087 8086/8086 8088/8088
f 8089/8089 8088/8088 8086/8086
f 8087/8087 8088/8088 8090/8090
f 8091/8091 8090/8090 8088/8088
f 8087/8087 8090/8090 8092/8092
f 8093/8093 8092/8092 8090/8090
f 8087/8087 8092/8092 8086/8086
f 8094/8094 8086/8086 8092/8092
f 8096/8096 8095/8095 8097/8097
f 8098/8098 8097/8097 8095/8095
f 8096/8096 8097/8097 8099/8099
f 8100/8100 8099/8099 8097/8097
f 8096/8096 8099/8099 8090/8090
f 8093/8093 8090/8090 8099/8099
f 8096/8096 8090/8090 8095/8095
f 8091/8091 8095/8095 8090/8090
f 8102/8102 8101/8101 8103/8103
f 8104/8104 8103/8103 8101/8101
f 8102/8102 8103/8103 8105/8105
f 8106/8106 8105/8105 8103/8103
f 8102/8102 8105/8105 8099/8099
f 8093/8093 8099/8099 8105/8105
f 8102/8102 8099/8099 8101/8101
f 8100/8100 8101/8101 8099/8099
f 8108/8108 8107/8107 8109/8109
f 8110/8110 8109/8109 8107/8107
f 8108/8108 8109/8109 8092/8092
f 8094/8094 8092/8092 8109/8109
f 8108/8108 8092/8092 8105/8105
f 8093/8093 8105/8105 8092/8092
f 8108/8108 8105/8105 8107/8107
f 8106/8106 8107/8107 8105/8105
f 8112/8112 8111/8111 8113/8113
f 8114/8114 8113/8113 8111/8111
f 8112/8112 8113/8113 8115/8115
f 8116/8116 8115/8115 8113/8113
f 8112/8112 8115/8115 8117/8117
f 8118/8118 8117/8117 8115/8115
f 8112/8112 8117/8117 8111/8111
f 8119/8119 8111/8111 8117/8117
f 8121/8121 8120/8120 8086/8086
f 8089/8089 8086/8086 8120/8120
f 8121/8121 8086/8086 8122/8122
f 8094/8094 8122/8122 8086/8086
f 8121/8121 8122/8122 8115/8115
f 8118/8118 8115/8115 8122/8122
f 8121/8121 8115/8115 8120/8120
f 8116/8116 8120/8120 8115/8115
f 8123/8123 8109/8109 8124/8124
f 8110/8110 8124/8124 8109/8109
f 8123/8123 8124/8124 8125/8125
f 8126/8126 8125/8125 8124/8124
f 8123/8123 8125/8125 8122/8122
f 8118/8118 8122/8122 8125/8125
f 8123/8123 8122/8122 8109/8109
f 8094/8094 8109/8109 8122/8122
f 8128/8128 8127/8127 8129/8129
f 8130/8130 8129/8129 8127/8127
f 8128/8128 8129/8129 8117/8117
f 8119/8119 8117/8117 8129/8129
f 8128/8128 8117/8117 8125/8125
f 8118/8118 8125/8125 8117/8117
f 8128/8128 8125/8125 8127/8127
f 8126/8126 8127/8127 8125/8125
f 8132/8132 8131/8131 8133/8133
f 8134/8134 8133/8133 8131/8131
f 8132/8132 8133/8133 8135/8135
f 8136/8136 8135/8135 8133/8133
f 8132/8132 8135/8135 8137/8137
f 8138/8138 8137/8137 8135/8135
f 8132/8132 8137/8137 8131/8131
f 8139/8139 8131/8131 8137/8137
f 8141/8141 8140/8140 8111/8111
f 8114/8114 8111/8111 8140/8140
f 8141/8141 8111/8111 8142/8142
f 8119/8119 8142/8142 8111/8111
f 8141/8141 8142/8142 8135/8135
f 8138/8138 8135/8135 8142/8142
f 8141/8141 8135/8135 8140/8140
f 8136/8136 8140/8140 8135/8135
f 8143/8143 8129/8129 8144/8144
f 8130/8130 8144/8144 8129/8129
f 8143/8143 8144/8144 8145/8145
f 8146/8146 8145/8145 8144/8144
f 8143/8143 8145/8145 8142/8142
f 8138/8138 8142/8142 8145/8145
f 8143/8143 8142/8142 8129/8129
f 8119/8119 8129/8129 8142/8142
f 8148/8148 8147/8147 8149/8149
f 8150/8150 8149/8149 8147/8147
f 8148/8148 8149/8149 8137/8137
f 8139/8139 8137/8137 8149/8149
f 8148/8148 8137/8137 8145/8145
f 8138/8138 8145/8145 8137/8137
f 8148/8148 8145/8145 8147/8147
f 8146/8146 8147/8147 8145/8145
f 8152/8152 8151/8151 8153/8153
f 8154/8154 8153/8153 8151/8151
f 8152/8152 8153/8153 8155/8155
f 8156/8156 8155/8155 8153/8153
f 8152/8152 8155/8155 8157/8157
f 8158/8158 8157/8157 8155/8155
f 8152/8152 8157/8157 8151/8151
f 8159/8159 8151/8151 8157/8157
f 8161/8161 8160/8160 8131/8131
f 8134/8134 8131/8131 8160/8160
f 8161/8161 8131/8131 8162/8162
f 8139/8139 8162/8162 8131/8131
f 8161/8161 8162/8162 8155/8155
f 8158/8158 8155/8155 8162/8162
f 8161/8161 8155/8155 8160/8160
f 8156/8156 8160/8160 8155/8155
f 8163/8163 8149/8149 8164/8164
f 8150/8150 8164/8164 8149/8149
f 8163/8163 8164/8164 8165/8165
f 8166/8166 8165/8165 8164/8164
f 8163/8163 8165/8165 8162/8162
f 8158/8158 8162/8162 8165/8165
f 8163/8163 8162/8162 8149/8149
f 8139/8139 8149/8149 8162/8162
f 8168/8168 8167/8167 8169/8169
f 8170/8170 8169/8169 8167/8167
f 8168/8168 8169/8169 8157/8157
f 8159/8159 8157/8157 8169/8169
f 8168/8168 8157/8157 8165/8165
f 8158/8158 8165/8165 8157/8157
f 8168/8168 8165/8165 8167/8167
f 8166/8166 8167/8167 8165/8165
f 8171/8171 8169/8169 8172/8172
f 8170/8170 8172/8172 8169/8169
f 8171/8171 8172/8172 8173/8173
f 8174/8174 8173/8173 8172/8172
f 8171/8171 8173/8173 8175/8175
f 8176/8176 8175/8175 8173/8173
f 8171/8171 8175/8175 8169/8169
f 8159/8159 8169/8169 8175/8175
f 8178/8178 8177/8177 8179/8179
f 8180/8180 8179/8179 8177/8177
f 8178/8178 8179/8179 8181/8181
f 8182/8182 8181/8181 8179/8179
f 8178/8178 8181/8181 8173/8173
f 8176/8176 8173/8173 8181/8181
f 8178/8178 8173/8173 8177/8177
f 8174/8174 8177/8177 8173/8173
f 8184/8184 8183/8183 8185/8185
f 8186/8186 8185/8185 8183/8183
f 8184/8184 8185/8185 8187/8187
f 8188/8188 8187/8187 8185/8185
f 8184/8184 8187/8187 8181/8181
f 8176/8176 8181/8181 8187/8187
f 8184/8184 8181/8181 8183/8183
f 8182/8182 8183/8183 8181/8181
f 8190/8190 8189/8189 8151/8151
f 8154/8154 8151/8151 8189/8189
f 8190/8190 8151/8151 8175/8175
f 8159/8159 8175/8175 8151/8151
f 8190/8190 8175/8175 8187/8187
f 8176/8176 8187/8187 8175/8175
f 8190/8190 8187/8187 8189/8189
f 8188/8188 8189/8189 8187/8187
f 8192/8192 8191/8191 8193/8193
f 8194/8194 8193/8193 8191/8191
f 8192/8192 8193/8193 8195/8195
f 8196/8196 8195/8195 8193/8193
f 8192/8192 8195/8195 8197/8197
f 8198/8198 8197/8197 8195/8195
f 8192/8192 8197/8197 8191/8191
f 8199/8199 8191/8191 8197/8197
f 8201/8201 8200/8200 8202/8202
f 8203/8203 8202/8202 8200/8200
f 8201/8201 8202/8202 8204/8204
f 8205/8205 8204/8204 8202/8202
f 8201/8201 8204/8204 8195/8195
f 8198/8198 8195/8195 8204/8204
f 8201/8201 8195/8195 8200/8200
f 8196/8196 8200/8200 8195/8195
f 8207/8207 8206/8206 8208/8208
f 8209/8209 8208/8208 8206/8206
f 8207/8207 8208/8208 8210/8210
f 8211/8211 8210/8210 8208/8208
f 8207/8207 8210/8210 8204/8204
f 8198/8198 8204/8204 8210/8210
f 8207/8207 8204/8204 8206/8206
f 8205/8205 8206/8206 8204/8204
f 8213/8213 8212/8212 8214/8214
f 8215/8215 8214/8214 8212/8212
f 8213/8213 8214/8214 8197/8197
f 8199/8199 8197/8197 8214/8214
f 8213/8213 8197/8197 8210/8210
f 8198/8198 8210/8210 8197/8197
f 8213/8213 8210/8210 8212/8212
f 8211/8211 8212/8212 8210/8210
f 8217/8217 8216/8216 8218/8218
f 8219/8219 8218/8218 8216/8216
f 8217/8217 8218/8218 8220/8220
f 8221/8221 8220/8220 8218/8218
f 8217/8217 8220/8220 8222/8222
f 8223/8223 8222/8222 8220/8220
f 8217/8217 8222/8222 8216/8216
f 8224/8224 8216/8216 8222/8222
f 8226/8226 8225/8225 8191/8191
f 8194/8194 8191/8191 8225/8225
f 8226/8226 8191/8191 8227/8227
f 8199/8199 8227/8227 8191/8191
f 8226/8226 8227/8227 8220/8220
f 8223/8223 8220/8220 8227/8227
f 8226/8226 8220/8220 8225/8225
f 8221/8221 8225/8225 8220/8220
f 8228/8228 8214/8214 8229/8229
f 8215/8215 8229/8229 8214/8214
f 8228/8228 8229/8229 8230/8230
f 8231/8231 8230/8230 8229/8229
f 8228/8228 8230/8230 8227/8227
f 8223/8223 8227/8227 8230/8230
f 8228/8228 8227/8227 8214/8214
f 8199/8199 8214/8214 8227/8227
f 8233/8233 8232/8232 8234/8234
f 8235/8235 8234/8234 8232/8232
f 8233/8233 8234/8234 8222/8222
f 8224/8224 8222/8222 8234/8234
f 8233/8233 8222/8222 8230/8230
f 8223/8223 8230/8230 8222/8222
f 8233/8233 8230/8230 8232/8232
f 8231/8231 8232/8232 8230/8230
f 8237/8237 8236/8236 8238/8238
f 8239/8239 8238/8238 8236/8236
f 8237/8237 8238/8238 8240/8240
f 8241/8241 8240/8240 8238/8238
f 8237/8237 8240/8240 8242/8242
f 8243/8243 8242/8242 8240/8240
f 8237/8237 8242/8242 8236/8236
f 8244/8244 8236/8236 8242/8242
f 8246/8246 8245/8245 8216/8216
f 8219/8219 8216/8216 8245/8245
f 8246/8246 8216/8216 8247/8247
f 8224/8224 8247/8247 8216/8216
f 8246/8246 8247/8247 8240/8240
f 8243/8243 8240/8240 8247/8247
f 8246/8246 8240/8240 8245/8245
f 8241/8241 8245/8245 8240/8240
f 8248/8248 8234/8234 8249/8249
f 8235/8235 8249/8249 8234/8234
f 8248/8248 8249/8249 8250/8250
f 8251/8251 8250/8250 8249/8249
f 8248/8248 8250/8250 8247/8247
f 8243/8243 8247/8247 8250/8250
f 8248/8248 8247/8247 8234/8234
f 8224/8224 8234/8234 8247/8247
f 8253/8253 8252/8252 8254/8254
f 8255/8255 8254/8254 8252/8252
f 8253/8253 8254/8254 8242/8242
f 8244/8244 8242/8242 8254/8254
f 8253/8253 8242/8242 8250/8250
f 8243/8243 8250/8250 8242/8242
f 8253/8253 8250/8250 8252/8252
f 8251/8251 8252/8252 8250/8250
f 8257/8257 8256/8256 8258/8258
f 8259/8259 8258/8258 8256/8256
f 8257/8257 8258/8258 8260/8260
f 8261/8261 8260/8260 8258/8258
f 8257/8257 8260/8260 8262/8262
f 8263/8263 8262/8262 8260/8260
f 8257/8257 8262/8262 8256/8256
f 8264/8264 8256/8256 8262/8262
f 8266/8266 8265/8265 8236/8236
f 8239/8239 8236/8236 8265/8265
f 8266/8266 8236/8236 8267/8267
f 8244/8244 8267/8267 8236/8236
f 8266/8266 8267/8267 8260/8260
f 8263/8263 8260/8260 8267/8267
f 8266/8266 8260/8260 8265/8265
f 8261/8261 8265/8265 8260/8260
f 8268/8268 8254/8254 8269/8269
f 8255/8255 8269/8269 8254/8254
f 8268/8268 8269/8269 8270/8270
f 8271/8271 8270/8270 8269/8269
f 8268/8268 8270/8270 8267/8267
f 8263/8263 8267/8267 8270/8270
f 8268/8268 8267/8267 8254/8254
f 8244/8244 8254/8254 8267/8267
f 8273/8273 8272/8272 8274/8274
f 8275/8275 8274/8274 8272/8272
f 8273/8273 8274/8274 8262/8262
f 8264/8264 8262/8262 8274/8274
f 8273/8273 8262/8262 8270/8270
f 8263/8263 8270/8270 8262/8262
f 8273/8273 8270/8270 8272/8272
f 8271/8271 8272/8272 8270/8270
f 8276/8276 8274/8274 8277/8277
f 8275/8275 8277/8277 8274/8274
f 8276/8276 8277/8277 8278/8278
f 8279/8279 8278/8278 8277/8277
f 8276/8276 8278/8278 8280/8280
f 8281/8281 8280/8280 8278/8278
f 8276/8276 8280/8280 8274/8274
f 8264/8264 8274/8274 8280/8280
f 8283/8283 8282/8282 8284/8284
f 8285/8285 8284/8284 8282/8282
f 8283/8283 8284/8284 8286/8286
f 8287/8287 8286/8286 8284/8284
f 8283/8283 8286/8286 8278/8278
f 8281/8281 8278/8278 8286/8286
f 8283/8283 8278/8278 8282/8282
f 8279/8279 8282/8282 8278/8278
f 8289/8289 8288/8288 8290/8290
f 8291/8291 8290/8290 8288/8288
f 8289/8289 8290/8290 8292/8292
f 8293/8293 8292/8292 8290/8290
f 8289/8289 8292/8292 8286/8286
f 8281/8281 8286/8286 8292/8292
f 8289/8289 8286/8286 8288/8288
f 8287/8287 8288/8288 8286/8286
f 8295/8295 8294/8294 8256/8256
f 8259/8259 8256/8256 8294/8294
f 8295/8295 8256/8256 8280/8280
f 8264/8264 8280/8280 8256/8256
f 8295/8295 8280/8280 8292/8292
f 8281/8281 8292/8292 8280/8280
f 8295/8295 8292/8292 8294/8294
f 8293/8293 8294/8294 8292/8292
f 8297/8297 8296/8296 8298/8298
f 8299/8299 8298/8298 8296/8296
f 8297/8297 8298/8298 8300/8300
f 8301/8301 8300/8300 8298/8298
f 8297/8297 8300/8300 8302/8302
f 8303/8303 8302/8302 8300/8300
f 8297/8297 8302/8302 8296/8296
f 8304/8304 8296/8296 8302/8302
f 8306/8306 8305/8305 8307/8307
f 8308/8308 8307/8307 8305/8305
f 8306/8306 8307/8307 8309/8309
f 8310/8310 8309/8309 8307/8307
f 8306/8306 8309/8309 8300/8300
f 8303/8303 8300/8300 8309/8309
f 8306/8306 8300/8300 8305/8305
f 8301/8301 8305/8305 8300/8300
f 8312/8312 8311/8311 8313/8313
f 8314/8314 8313/8313 8311/8311
f 8312/8312 8313/8313 8315/8315
f 8316/8316 8315/8315 8313/8313
f 8312/8312 8315/8315 8309/8309
f 8303/8303 8309/8309 8315/8315
f 8312/8312 8309/8309 8311/8311
f 8310/8310 8311/8311 8309/8309
f 8318/8318 8317/8317 8319/8319
f 8320/8320 8319/8319 8317/8317
f 8318/8318 8319/8319 8302/8302
f 8304/8304 8302/8302 8319/8319
f 8318/8318 8302/8302 8315/8315
f 8303/8303 8315/8315 8302/8302
f 8318/8318 8315/8315 8317/8317
f 8316/8316 8317/8317 8315/8315
f 8322/8322 8321/8321 8323/8323
f 8324/8324 8323/8323 8321/8321
f 8322/8322 8323/8323 8325/8325
f 8326/8326 8325/8325 8323/8323
f 8322/8322 8325/8325 8327/8327
f 8328/8328 8327/8327 8325/8325
f 8322/8322 8327/8327 8321/8321
f 8329/8329 8321/8321 8327/8327
f 8331/8331 8330/8330 8296/8296
f 8299/8299 8296/8296 8330/8330
f 8331/8331 8296/8296 8332/8332
f 8304/8304 8332/8332 8296/8296
f 8331/8331 8332/8332 8325/8325
f 8328/8328 8325/8325 8332/8332
f 8331/8331 8325/8325 8330/8330
f 8326/8326 8330/8330 8325/8325
f 8333/8333 8319/8319 8334/8334
f 8320/8320 8334/8334 8319/8319
f 8333/8333 8334/8334 8335/8335
f 8336/8336 8335/8335 8334/8334
f 8333/8333 8335/8335 8332/8332
f 8328/8328 8332/8332 8335/8335
f 8333/8333 8332/8332 8319/8319
f 8304/8304 8319/8319 8332/8332
f 8338/8338 8337/8337 8339/8339
f 8340/8340 8339/8339 8337/8337
f 8338/8338 8339/8339 8327/8327
f 8329/8329 8327/8327 8339/8339
f 8338/8338 8327/8327 8335/8335
f 8328/8328 8335/8335 8327/8327
f 8338/8338 8335/8335 8337/8337
f 8336/8336 8337/8337 8335/8335
f 8342/8342 8341/8341 8343/8343
f 8344/8344 8343/8343 8341/8341
f 8342/8342 8343/8343 8345/8345
f 8346/8346 8345/8345 8343/8343
f 8342/8342 8345/8345 8347/8347
f 8348/8348 8347/8347 8345/8345
f 8342/8342 8347/8347 8341/8341
f 8349/8349 8341/8341 8347/8347
f 8351/8351 8350/8350 8321/8321
f 8324/8324 8321/8321 8350/8350
f 8351/8351 8321/8321 8352/8352
f 8329/8329 8352/8352 8321/8321
f 8351/8351 8352/8352 8345/8345
f 8348/8348 8345/8345 8352/8352
f 8351/8351 8345/8345 8350/8350
f 8346/8346 8350/8350 8345/8345
f 8353/8353 8339/8339 8354/8354
f 8340/8340 8354/8354 8339/8339
f 8353/8353 8354/8354 8355/8355
f 8356/8356 8355/8355 8354/8354
f 8353/8353 8355/8355 8352/8352
f 8348/8348 8352/8352 8355/8355
f 8353/8353 8352/8352 8339/8339
f 8329/8329 8339/8339 8352/8352
f 8358/8358 8357/8357 8359/8359
f 8360/8360 8359/8359 8357/8357
f 8358/8358 8359/8359 8347/8347
f 8349/8349 8347/8347 8359/8359
f 8358/8358 8347/8347 8355/8355
f 8348/8348 8355/8355 8347/8347
f 8358/8358 8355/8355 8357/8357
f 8356/8356 8357/8357 8355/8355
f 8362/8362 8361/8361 8363/8363
f 8364/8364 8363/8363 8361/8361
f 8362/8362 8363/8363 8365/8365
f 8366/8366 8365/8365 8363/8363
f 8362/8362 8365/8365 8367/8367
f 8368/8368 8367/8367 8365/8365
f 8362/8362 8367/8367 8361/8361
f 8369/8369 8361/8361 8367/8367
f 8371/8371 8370/8370 8341/8341
f 8344/8344 8341/8341 8370/8370
f 8371/8371 8341/8341 8372/8372
f 8349/8349 8372/8372 8341/8341
f 8371/8371 8372/8372 8365/8365
f 8368/8368 8365/8365 8372/8372
f 8371/8371 8365/8365 8370/8370
f 8366/8366 8370/8370 8365/8365
f 8373/8373 8359/8359 8374/8374
f 8360/8360 8374/8374 8359/8359
f 8373/8373 8374/8374 8375/8375
f 8376/8376 8375/8375 8374/8374
f 8373/8373 8375/8375 8372/8372
f 8368/8368 8372/8372 8375/8375
f 8373/8373 8372/8372 8359/8359
f 8349/8349 8359/8359 8372/8372
f 8378/8378 8377/8377 8379/8379
f 8380/8380 8379/8379 8377/8377
f 8378/8378 8379/8379 8367/8367
f 8369/8369 8367/8367 8379/8379
f 8378/8378 8367/8367 8375/8375
f 8368/8368 8375/8375 8367/8367
f 8378/8378 8375/8375 8377/8377
f 8376/8376 8377/8377 8375/8375
f 8381/8381 8379/8379 8382/8382
f 8380/8380 8382/8382 8379/8379
f 8381/8381 8382/8382 8383/8383
f 8384/8384 8383/8383 8382/8382
f 8381/8381 8383/8383 8385/8385
f 8386/8386 8385/8385 8383/8383
f 8381/8381 8385/8385 8379/8379
f 8369/8369 8379/8379 8385/8385
f 8388/8388 8387/8387 8389/8389
f 8390/8390 8389/8389 8387/8387
f 8388/8388 8389/8389 8391/8391
f 8392/8392 8391/8391 8389/8389
f 8388/8388 8391/8391 8383/8383
f 8386/8386 8383/8383 8391/8391
f 8388/8388 8383/8383 8387/8387
f 8384/8384 8387/8387 8383/8383
f 8394/8394 8393/8393 8395/8395
f 8396/8396 8395/8395 8393/8393
f 8394/8394 8395/8395 8397/8397
f 8398/8398 8397/8397 8395/8395
f 8394/8394 8397/8397 8391/8391
f 8386/8386 8391/8391 8397/8397
f 8394/8394 8391/8391 8393/8393
f 8392/8392 8393/8393 8391/8391
f 8400/8400 8399/8399 8361/8361
f 8364/8364 8361/8361 8399/8399
f 8400/8400 8361/8361 8385/8385
f 8369/8369 8385/8385 8361/8361
f 8400/8400 8385/8385 8397/8397
f 8386/8386 8397/8397 8385/8385
f 8400/8400 8397/8397 8399/8399
f 8398/8398 8399/8399 8397/8397
f 8402/8402 8401/8401 8403/8403
f 8404/8404 8403/8403 8401/8401
f 8402/8402 8403/8403 8405/8405
f 8406/8406 8405/8405 8403/8403
f 8402/8402 8405/8405 8407/8407
f 8408/8408 8407/8407 8405/8405
f 8402/8402 8407/8407 8401/8401
f 8409/8409 8401/8401 8407/8407
f 8411/8411 8410/8410 8412/8412
f 8413/8413 8412/8412 8410/8410
f 8411/8411 8412/8412 8414/8414
f 8415/8415 8414/8414 8412/8412
f 8411/8411 8414/8414 8405/8405
f 8408/8408 8405/8405 8414/8414
f 8411/8411 8405/8405 8410/8410
f 8406/8406 8410/8410 8405/8405
f 8417/8417 8416/8416 8418/8418
f 8419/8419 8418/8418 8416/8416
f 8417/8417 8418/8418 8420/8420
f 8421/8421 8420/8420 8418/8418
f 8417/8417 8420/8420 8414/8414
f 8408/8408 8414/8414 8420/8420
f 8417/8417 8414/8414 8416/8416
f 8415/8415 8416/8416 8414/8414
f 8423/8423 8422/8422 8424/8424
f 8425/8425 8424/8424 8422/8422
f 8423/8423 8424/8424 8407/8407
f 8409/8409 8407/8407 8424/8424
f 8423/8423 8407/8407 8420/8420
f 8408/8408 8420/8420 8407/8407
f 8423/8423 8420/8420 8422/8422
f 8421/8421 8422/8422 8420/8420
f 8427/8427 8426/8426 8428/8428
f 8429/8429 8428/8428 8426/8426
f 8427/8427 8428/8428 8430/8430
f 8431/8431 8430/8430 8428/8428
f 8427/8427 8430/8430 8432/8432
f 8433/8433 8432/8432 8430/8430
f 8427/8427 8432/8432 8426/8426
f 8434/8434 8426/8426 8432/8432
f 8436/8436 8435/8435 8401/8401
f 8404/8404 8401/8401 8435/8435
f 8436/8436 8401/8401 8437/8437
f 8409/8409 8437/8437 8401/8401
f 8436/8436 8437/8437 8430/8430
f 8433/8433 8430/8430 8437/8437
f 8436/8436 8430/8430 8435/8435
f 8431/8431 8435/8435 8430/8430
f 8438/8438 8424/8424 8439/8439
f 8425/8425 8439/8439 8424/8424
f 8438/8438 8439/8439 8440/8440
f 8441/8441 8440/8440 8439/8439
f 8438/8438 8440/8440 8437/8437
f 8433/8433 8437/8437 8440/8440
f 8438/8438 8437/8437 8424/8424
f 8409/8409 8424/8424 8437/8437
f 8443/8443 8442/8442 8444/8444
f 8445/8445 8444/8444 8442/8442
f 8443/8443 8444/8444 8432/8432
f 8434/8434 8432/8432 8444/8444
f 8443/8443 8432/8432 8440/8440
f 8433/8433 8440/8440 8432/8432
f 8443/8443 8440/8440 8442/8442
f 8441/8441 8442/8442 8440/8440
f 8447/8447 8446/8446 8448/8448
f 8449/8449 8448/8448 8446/8446
f 8447/8447 8448/8448 8450/8450
f 8451/8451 8450/8450 8448/8448
f 8447/8447 8450/8450 8452/8452
f 8453/8453 8452/8452 8450/8450
f 8447/8447 8452/8452 8446/8446
f 8454/8454 8446/8446 8452/8452
f 8456/8456 8455/8455 8426/8426
f 8429/8429 8426/8426 8455/8455
f 8456/8456 8426/8426 8457/8457
f 8434/8434 8457/8457 8426/8426
f 8456/8456 8457/8457 8450/8450
f 8453/8453 8450/8450 8457/8457
f 8456/8456 8450/8450 8455/8455
f 8451/8451 8455/8455 8450/8450
f 8458/8458 8444/8444 8459/8459
f 8445/8445 8459/8459 8444/8444
f 8458/8458 8459/8459 8460/8460
f 8461/8461 8460/8460 8459/8459
f 8458/8458 8460/8460 8457/8457
f 8453/8453 8457/8457 8460/8460
f 8458/8458 8457/8457 8444/8444
f 8434/8434 8444/8444 8457/8457
f 8463/8463 8462/8462 8464/8464
f 8465/8465 8464/8464 8462/8462
f 8463/8463 8464/8464 8452/8452
f 8454/8454 8452/8452 8464/8464
f 8463/8463 8452/8452 8460/8460
f 8453/8453 8460/8460 8452/8452
f 8463/8463 8460/8460 8462/8462
f 8461/8461 8462/8462 8460/8460
f 8467/8467 8466/8466 8468/8468
f 8469/8469 8468/8468 8466/8466
f 8467/8467 8468/8468 8470/8470
f 8471/8471 8470/8470 8468/8468
f 8467/8467 8470/8470 8472/8472
f 8473/8473 8472/8472 8470/8470
f 8467/8467 8472/8472 8466/8466
f 8474/8474 8466/8466 8472/8472
f 8476/8476 8475/8475 8446/8446
f 8449/8449 8446/8446 8475/8475
f 8476/8476 8446/8446 8477/8477
f 8454/8454 8477/8477 8446/8446
f 8476/8476 8477/8477 8470/8470
f 8473/8473 8470/8470 8477/8477
f 8476/8476 8470/8470 8475/8475
f 8471/8471 8475/8475 8470/8470
f 8478/8478 8464/8464 8479/8479
f 8465/8465 8479/8479 8464/8464
f 8478/8478 8479/8479 8480/8480
f 8481/8481 8480/8480 8479/8479
f 8478/8478 8480/8480 8477/8477
f 8473/8473 8477/8477 8480/8480
f 8478/8478 8477/8477 8464/8464
f 8454/8454 8464/8464 8477/8477
f 8483/8483 8482/8482 8484/8484
f 8485/8485 8484/8484 8482/8482
f 8483/8483 8484/8484 8472/8472
f 8474/8474 8472/8472 8484/8484
f 8483/8483 8472/8472 8480/8480
f 8473/8473 8480/8480 8472/8472
f 8483/8483 8480/8480 8482/8482
f 8481/8481 8482/8482 8480/8480
f 8486/8486 8484/8484 8487/8487
f 8485/8485 8487/8487 8484/8484
f 8486/8486 8487/8487 8488/8488
f 8489/8489 8488/8488 8487/8487
f 8486/8486 8488/8488 8490/8490
f 8491/8491 8490/8490 8488/8488
f 8486/8486 8490/8490 8484/8484
f 8474/8474 8484/8484 8490/8490
f 8493/8493 8492/8492 8494/8494
f 8495/8495 8494/8494 8492/8492
f 8493/8493 8494/8494 8496/8496
f 8497/8497 8496/8496 8494/8494
f 8493/8493 8496/8496 8488/8488
f 8491/8491 8488/8488 8496/8496
f 8493/8493 8488/8488 8492/8492
f 8489/8489 8492/8492 8488/8488
f 8499/8499 8498/8498 8500/8500
f 8501/8501 8500/8500 8498/8498
f 8499/8499 8500/8500 8502/8502
f 8503/8503 8502/8502 8500/8500
f 8499/8499 8502/8502 8496/8496
f 8491/8491 8496/8496 8502/8502
f 8499/8499 8496/8496 8498/8498
f 8497/8497 8498/8498 8496/8496
f 8505/8505 8504/8504 8466/8466
f 8469/8469 8466/8466 8504/8504
f 8505/8505 8466/8466 8490/8490
f 8474/8474 8490/8490 8466/8466
f 8505/8505 8490/8490 8502/8502
f 8491/8491 8502/8502 8490/8490
f 8505/8505 8502/8502 8504/8504
f 8503/8503 8504/8504 8502/8502

v -7.910842 1.490242 1.248587
v -7.967679 1.448626 1.413691
v -8.429304 1.448853 1.280146
v -8.372499 1.490757 1.115603
v -8.023874 1.401211 1.567503
v -8.485497 1.401408 1.433899
v -7.506068 1.448535 1.547501
v -7.562237 1.400873 1.700833
v -7.449181 1.489680 1.381481
v -8.541319 1.350611 1.581128
v -8.079720 1.350611 1.715115
v -8.135301 1.297623 1.858079
v -8.596900 1.297623 1.724091
v -7.618119 1.350611 1.849103
v -7.673700 1.297623 1.992066
v -7.212100 1.297623 2.126054
v -7.156518 1.350611 1.983090
v -6.694918 1.350611 2.117078
v -6.750499 1.297623 2.260041
v -7.100674 1.401211 1.835477
v -6.639096 1.401408 1.969849
v -6.582903 1.448853 1.816096
v -7.044478 1.448626 1.681666
v -6.987642 1.490242 1.516562
v -6.526099 1.490757 1.651553
v -7.681733 1.544766 0.505002
v -7.738485 1.558829 0.699233
v -8.200048 1.559624 0.565209
v -8.143250 1.546569 0.370930
v -7.795913 1.550227 0.889768
v -8.257504 1.551113 0.756132
v -7.276900 1.558511 0.833236
v -7.334330 1.548708 1.023154
v -7.220223 1.542802 0.639082
v -8.315130 1.527537 0.941083
v -7.853505 1.527309 1.074627
v -7.391894 1.527218 1.208437
v -6.930305 1.527309 1.342602
v -6.468729 1.527537 1.477032
v -6.872713 1.550227 1.157743
v -6.411102 1.551113 1.292082
v -6.353648 1.559624 1.101158
v -6.815285 1.558829 0.967208
v -6.758532 1.544766 0.772977
v -6.296848 1.546569 0.906880
v -7.466842 1.317943 -0.244995
v -7.518111 1.396794 -0.064933
v -7.979653 1.396976 -0.199151
v -7.928310 1.318357 -0.379506
v -7.571249 1.462641 0.121414
v -8.032766 1.463488 -0.012806
v -7.056534 1.396721 0.069147
v -7.109789 1.461189 0.255800
v -7.005385 1.317493 -0.110437
v -8.087279 1.515595 0.177494
v -7.625716 1.514800 0.311519
v -7.164131 1.514482 0.445521
v -6.702516 1.514800 0.579494
v -6.240879 1.515595 0.713444
v -6.648048 1.462641 0.389389
v -6.186366 1.463488 0.523144
v -6.133251 1.396976 0.336799
v -6.594910 1.396794 0.203042
v -6.543641 1.317943 0.022980
v -6.081909 1.318357 0.156444
v -7.275178 0.916789 -0.920674
v -7.321156 1.037922 -0.756501
v -7.782732 1.038512 -0.890483
v -7.736723 0.918127 -1.054648
v -7.368368 1.142091 -0.590047
v -7.829896 1.142761 -0.724230
v -6.859566 1.037686 -0.622516
v -6.906890 1.140943 -0.455725
v -6.813638 0.915331 -0.786700
v -7.878277 1.235625 -0.554656
v -7.416735 1.235442 -0.420437
v -6.955158 1.235369 -0.286357
v -6.493535 1.235442 -0.152462
v -6.031876 1.235625 -0.018706
v -6.445167 1.142091 -0.322072
v -5.983495 1.142761 -0.188280
v -5.936331 1.038512 -0.354533
v -6.397956 1.037922 -0.488526
v -6.351977 0.916789 -0.652699
v -5.890322 0.918127 -0.518698
v -6.306488 0.783853 -0.816984
v -5.844863 0.784443 -0.682991
v -6.261620 0.635870 -0.981413
v -5.799999 0.636381 -0.847420
v -6.768097 0.783617 -0.950974
v -6.723257 0.634994 -1.115409
v -5.755495 0.479625 -1.011933
v -6.217095 0.479625 -1.145921
v -6.172826 0.317183 -1.310488
v -5.711226 0.317183 -1.176501
v -6.678695 0.479625 -1.279908
v -6.634426 0.317183 -1.444476
v -7.096026 0.317183 -1.578463
v -7.140296 0.479625 -1.413896
v -7.601896 0.479625 -1.547883
v -7.557627 0.317183 -1.712451
v -7.184821 0.635870 -1.249388
v -7.646400 0.636381 -1.383370
v -7.691264 0.784443 -1.218941
v -7.229688 0.783853 -1.084959
v -9.337913 1.063446 -2.461650
v -9.494371 1.010275 -2.492988
v -9.398369 0.911459 -2.921667
v -9.242452 0.964874 -2.890388
v -9.640052 0.952152 -2.523252
v -9.543999 0.853309 -2.951929
v -9.590622 1.109212 -2.064324
v -9.735850 1.050875 -2.094544
v -9.433289 1.161980 -2.032898
v -9.683401 0.792301 -2.981572
v -9.779818 0.891313 -2.552927
v -9.915146 0.828432 -2.582156
v -9.818728 0.729420 -3.010803
v -9.876242 0.990322 -2.124282
v -10.011570 0.927444 -2.153512
v -10.107990 1.026457 -1.724873
v -9.972663 1.089337 -1.695639
v -10.069090 1.188348 -1.266997
v -10.204410 1.125467 -1.296227
v -9.832899 1.150176 -1.665965
v -9.929686 1.249356 -1.237357
v -9.784060 1.307505 -1.207098
v -9.687212 1.208298 -1.635699
v -9.530754 1.261470 -1.604360
v -9.628137 1.360924 -1.175813
v -8.630622 1.175979 -2.315991
v -8.816095 1.173045 -2.357388
v -8.719665 1.074766 -2.786170
v -8.534174 1.078631 -2.744952
v -8.997424 1.149381 -2.394717
v -8.901358 1.051174 -2.823524
v -8.912524 1.271762 -1.928689
v -9.093235 1.247014 -1.965799
v -8.727073 1.273183 -1.886996
v -9.077001 1.013922 -2.858152
v -9.172995 1.112740 -2.429467
v -9.269251 1.211671 -2.000808
v -9.365842 1.310761 -1.572181
v -9.462684 1.409966 -1.143578
v -9.190269 1.347407 -1.537431
v -9.287049 1.447221 -1.108949
v -9.105351 1.470815 -1.071601
v -9.008943 1.371069 -1.500104
v -8.823465 1.374005 -1.458706
v -8.919862 1.474676 -1.030385
v -7.909106 1.029256 -2.122455
v -8.083102 1.086770 -2.173935
v -7.986467 0.987943 -2.602580
v -7.812203 0.930657 -2.551101
v -8.262664 1.131926 -2.223855
v -8.166047 1.033709 -2.652625
v -8.179608 1.185709 -1.745291
v -8.359419 1.229577 -1.794999
v -8.006056 1.127815 -1.693805
v -8.348945 1.065979 -2.700534
v -8.445374 1.164256 -2.271749
v -8.541802 1.262977 -1.843051
v -8.638218 1.362283 -1.414466
v -8.734630 1.462027 -0.985963
v -8.455508 1.329950 -1.366570
v -8.551735 1.429756 -0.938052
v -8.372152 1.383988 -0.888008
v -8.275946 1.284794 -1.316647
v -8.101950 1.227278 -1.265166
v -8.197887 1.326703 -0.836528
v -7.252833 0.717393 -1.907008
v -7.413020 0.814849 -1.963973
v -7.316621 0.716379 -2.392721
v -7.156462 0.619611 -2.335893
v -7.574867 0.896544 -2.018203
v -7.478281 0.798162 -2.446944
v -7.509433 0.913644 -1.535284
v -7.671572 0.994479 -1.589400
v -7.349197 0.815064 -1.478104
v -7.642750 0.869253 -2.499561
v -7.739383 0.968083 -2.070918
v -7.835891 1.067018 -1.642273
v -7.932227 1.166103 -1.213632
v -8.028436 1.265299 -0.784990
v -7.767710 1.094567 -1.160918
v -7.863967 1.194207 -0.732368
v -7.702307 1.112427 -0.678146
v -7.605864 1.012872 -1.106684
v -7.445676 0.915417 -1.049725
v -7.542149 1.015656 -0.621321
v -7.285032 0.807106 -0.990644
v -7.381475 0.906661 -0.562108
v -7.123801 0.684955 -0.928868
v -7.220244 0.784438 -0.500315
v -7.188599 0.707877 -1.419246
v -7.027346 0.585138 -1.357354
v -7.058675 0.654219 -0.436965
v -6.962255 0.555207 -0.865606
v -6.800466 0.419760 -0.801237
v -6.896890 0.518771 -0.372593
v -6.865832 0.456195 -1.294251
v -6.704046 0.320747 -1.229879
v -6.607625 0.221735 -1.658517
v -6.769410 0.357183 -1.722894
v -6.672989 0.258172 -2.151536
v -6.511199 0.122725 -2.087163
v -6.930959 0.486933 -1.786153
v -6.834558 0.388391 -2.214885
v -6.995788 0.510614 -2.276679
v -7.092188 0.609083 -1.847931
v -4.239409 1.233099 -0.188220
v -4.089712 1.179172 -0.133251
v -4.206756 1.227040 0.299317
v -4.355897 1.281174 0.244353
v -3.951201 1.121134 -0.078392
v -4.068305 1.168983 0.354175
v -3.972406 1.131401 -0.565817
v -3.834374 1.073187 -0.510964
v -4.123010 1.184994 -0.620794
v -3.936320 1.108548 0.408970
v -3.818838 1.060841 -0.023595
v -3.691080 0.998855 0.031158
v -3.808561 1.046564 0.463723
v -3.701354 1.013133 -0.456160
v -3.573598 0.951147 -0.401407
v -3.456116 0.903439 -0.833972
v -3.583871 0.965424 -0.888726
v -3.466390 0.917715 -1.321290
v -3.338634 0.855731 -1.266536
v -3.716237 1.025718 -0.943523
v -3.598375 0.978149 -1.376080
v -3.736828 1.036209 -1.430943
v -3.854744 1.083756 -0.998381
v -4.004442 1.137685 -1.053348
v -3.885967 1.090342 -1.485904
v -4.928577 1.354523 -0.401242
v -4.745332 1.348855 -0.350498
v -4.862757 1.397305 0.081976
v -5.045929 1.403906 0.031117
v -4.568137 1.322636 -0.297490
v -4.685191 1.371122 0.134999
v -4.627870 1.300851 -0.783026
v -4.451393 1.273591 -0.729927
v -4.811234 1.304987 -0.833583
v -4.514923 1.331673 0.189294
v -4.397882 1.283805 -0.243276
v -4.280571 1.236034 -0.675841
v -4.162915 1.188390 -1.108406
v -4.044993 1.140841 -1.540966
v -4.333172 1.227222 -1.162620
v -4.215261 1.180293 -1.595263
v -4.392827 1.206470 -1.648286
v -4.510364 1.253439 -1.215629
v -4.693611 1.259105 -1.266373
v -4.576002 1.213074 -1.699144
v -5.656076 1.216605 -0.580981
v -5.478595 1.272330 -0.539860
v -5.596272 1.320230 -0.107361
v -5.774001 1.264751 -0.148566
v -5.296744 1.315383 -0.496112
v -5.414345 1.363901 -0.063684
v -5.361034 1.224545 -0.972398
v -5.179055 1.266293 -0.928445
v -5.538114 1.168422 -1.013383
v -5.230385 1.393841 -0.017703
v -5.112960 1.345393 -0.450177
v -4.995500 1.297389 -0.882705
v -4.877994 1.249979 -1.315307
v -4.760456 1.203009 -1.747960
v -5.061778 1.219969 -1.361241
v -4.944415 1.173069 -1.793943
v -5.126342 1.129398 -1.837620
v -5.243629 1.176914 -1.404992
v -5.421111 1.121190 -1.446113
v -5.304070 1.073916 -1.878824
v -6.334250 0.909863 -0.727152
v -6.166741 1.006312 -0.693865
v -6.284150 1.054565 -0.261365
v -6.451566 0.958808 -0.294733
v -5.999053 1.086836 -0.658240
v -6.116641 1.135183 -0.225788
v -6.049288 0.958385 -1.126405
v -5.881390 1.038032 -1.090609
v -6.216949 0.860809 -1.159555
v -5.947340 1.204935 -0.188290
v -5.829664 1.157035 -0.620787
v -5.712103 1.109250 -1.053327
v -5.594699 1.061618 -1.485917
v -5.477410 1.014102 -1.918550
v -5.764088 0.991420 -1.523371
v -5.646710 0.944350 -1.956047
v -5.814220 0.863731 -1.991624
v -5.931776 0.910894 -1.558995
v -6.099285 0.814448 -1.592280
v -5.981636 0.767975 -2.024991
v -6.268259 0.707096 -1.624272
v -6.150703 0.659933 -2.056899
v -6.439102 0.585842 -1.654610
v -6.321556 0.538606 -2.087233
v -6.385772 0.754587 -1.191679
v -6.556693 0.632740 -1.221950
v -6.493486 0.409245 -2.116612
v -6.610967 0.456953 -1.684048
v -6.783603 0.322340 -1.712803
v -6.666122 0.274632 -2.145369
v -6.728450 0.504661 -1.251480
v -6.901086 0.370048 -1.280238
v -7.018567 0.417756 -0.847672
v -6.845933 0.552369 -0.818917
v -6.963412 0.600077 -0.386353
v -7.136050 0.465465 -0.415110
v -6.674067 0.681258 -0.789483
v -6.791486 0.729438 -0.356975
v -6.620634 0.850765 -0.326642
v -6.503225 0.802512 -0.759141
v -5.455146 1.340451 -4.373809
v -5.387968 1.280261 -4.546722
v -4.889776 1.341084 -4.402870
v -4.956944 1.401518 -4.230602
v -5.321057 1.215201 -4.706715
v -4.822866 1.275999 -4.562789
v -5.886150 1.219555 -4.690883
v -5.819252 1.154284 -4.850324
v -5.953354 1.279347 -4.516915
v -4.756108 1.208097 -4.715250
v -5.254292 1.147465 -4.859612
v -5.187636 1.077726 -5.007188
v -4.689454 1.138359 -4.862836
v -5.752473 1.086833 -5.003972
v -5.685818 1.017093 -5.151547
v -6.184000 0.956461 -5.295912
v -6.250656 1.026199 -5.148336
v -6.748837 0.965566 -5.292694
v -6.682178 0.895827 -5.440269
v -6.317420 1.093933 -4.995438
v -6.815588 1.033467 -5.140234
v -6.882505 1.098555 -4.980309
v -6.384331 1.158995 -4.835446
v -6.451507 1.219190 -4.662539
v -6.949668 1.158987 -4.808042
v -5.716112 1.471221 -3.578249
v -5.653957 1.467197 -3.789640
v -5.155890 1.528687 -3.645342
v -5.218189 1.533791 -3.434030
v -5.588977 1.439337 -3.994176
v -5.090886 1.500873 -3.850308
v -6.152091 1.406219 -3.933982
v -6.087001 1.377151 -4.137692
v -6.214011 1.408475 -3.722462
v -5.024342 1.457646 -4.046910
v -5.522533 1.396821 -4.190766
v -6.020716 1.336115 -4.334930
v -6.518898 1.275560 -4.479489
v -7.017066 1.215113 -4.624355
v -6.585341 1.318074 -4.282896
v -7.083617 1.258347 -4.427752
v -7.148621 1.286152 -4.222783
v -6.650324 1.345929 -4.078366
v -6.712477 1.349954 -3.866975
v -7.210918 1.291263 -4.011466
v -5.935276 1.301714 -2.740136
v -5.885303 1.368600 -2.944443
v -5.387206 1.429455 -2.799857
v -5.437282 1.362847 -2.595261
v -5.832014 1.420891 -3.153888
v -5.334009 1.482459 -3.009385
v -6.383452 1.307881 -3.088893
v -6.329906 1.358662 -3.298496
v -6.433252 1.240537 -2.885054
v -5.277899 1.519613 -3.221350
v -5.775965 1.458126 -3.365648
v -6.274101 1.397149 -3.509986
v -6.772330 1.336859 -3.654372
v -7.270623 1.277082 -3.798794
v -6.828380 1.299628 -3.442611
v -7.326734 1.239926 -3.586827
v -7.379930 1.186920 -3.377301
v -6.881670 1.247334 -3.233168
v -6.931642 1.180448 -3.028857
v -7.430008 1.120313 -3.172707
v -6.112107 0.937631 -1.960145
v -6.072008 1.051476 -2.152657
v -5.573910 1.112739 -2.008380
v -5.614109 0.999694 -1.815969
v -6.028954 1.146912 -2.345488
v -5.530913 1.208282 -2.201002
v -6.570158 0.990589 -2.296986
v -6.526889 1.085014 -2.490063
v -6.610084 0.875439 -2.104306
v -5.485498 1.291283 -2.395767
v -5.983596 1.230429 -2.540351
v -6.481744 1.169708 -2.684804
v -6.979959 1.109163 -2.829073
v -7.478225 1.048751 -2.973208
v -7.025319 1.025644 -2.634211
v -7.523639 0.965750 -2.778443
v -7.566635 0.870206 -2.585824
v -7.068373 0.930208 -2.441382
v -7.108469 0.816366 -2.248867
v -7.606834 0.757164 -2.393413
v -7.146928 0.689897 -2.054733
v -7.645189 0.629895 -2.199179
v -7.183298 0.547330 -1.858546
v -7.681551 0.487245 -2.002974
v -6.648712 0.750278 -1.910341
v -6.684994 0.607025 -1.714061
v -7.716705 0.335293 -1.805580
v -7.218524 0.395925 -1.661220
v -7.252889 0.237892 -1.463048
v -7.751070 0.177259 -1.607409
v -6.720340 0.456557 -1.516858
v -6.754705 0.298523 -1.318687
v -6.256522 0.359157 -1.174327
v -6.222160 0.517190 -1.372499
v -5.723982 0.577823 -1.228142
v -5.758345 0.419790 -1.029967
v -6.186935 0.668596 -1.569820
v -5.688827 0.729775 -1.425531
v -5.652468 0.872426 -1.621732
v -6.150563 0.811162 -1.766014
v -4.768709 2.093205 -1.479863
v -4.616151 2.098134 -1.493923
v -4.558552 2.092566 -1.087662
v -4.710748 2.088002 -1.073760
v -4.470999 2.095772 -1.504862
v -4.413441 2.090164 -1.098580
v -4.673574 2.103874 -1.900250
v -4.528737 2.101198 -1.911057
v -4.826738 2.098354 -1.885940
v -4.272607 2.083549 -1.107696
v -4.329913 2.089401 -1.514081
v -4.191886 2.080032 -1.522015
v -4.134568 2.074185 -1.115633
v -4.387223 2.095258 -1.920467
v -4.249192 2.085888 -1.928399
v -4.306497 2.091741 -2.334781
v -4.444528 2.101113 -2.326851
v -4.501837 2.106963 -2.733228
v -4.363804 2.097593 -2.741164
v -4.585611 2.107481 -2.317627
v -4.642663 2.113580 -2.724117
v -4.787785 2.115980 -2.713190
v -4.730760 2.109844 -2.306691
v -4.883317 2.104917 -2.292627
v -4.939971 2.111412 -2.699288
v -5.417158 1.962930 -1.401287
v -5.255105 2.020115 -1.423006
v -5.198015 2.014905 -1.016605
v -5.360337 1.958541 -0.994864
v -5.090573 2.057849 -1.443910
v -5.033201 2.052803 -1.037615
v -5.312322 2.025708 -1.829400
v -5.147993 2.062319 -1.850132
v -5.473929 1.967192 -1.807716
v -4.869482 2.076990 -1.057091
v -4.927078 2.082561 -1.463351
v -4.984496 2.088299 -1.869684
v -5.041692 2.094266 -2.276119
v -5.098703 2.100405 -2.682625
v -5.205189 2.069561 -2.256672
v -5.262426 2.076222 -2.663158
v -5.427243 2.038318 -2.642141
v -5.369717 2.031820 -2.235775
v -5.531770 1.974639 -2.214056
v -5.589569 1.981951 -2.620399
v -6.003225 1.600268 -1.321539
v -5.868033 1.707410 -1.339887
v -5.810961 1.701653 -0.933461
v -5.946449 1.594634 -0.915062
v -5.724602 1.805321 -1.359488
v -5.667687 1.800110 -0.953058
v -5.925248 1.713226 -1.746284
v -5.781243 1.810078 -1.765960
v -6.059954 1.605879 -1.728026
v -5.517781 1.887645 -0.973534
v -5.574874 1.892853 -1.379935
v -5.632092 1.898448 -1.786327
v -5.689487 1.904558 -2.192703
v -5.747009 1.911056 -2.599065
v -5.839219 1.817026 -2.172255
v -5.896917 1.823522 -2.578586
v -6.040189 1.725063 -2.558992
v -5.982646 1.719115 -2.152656
v -6.117840 1.611971 -2.134305
v -6.175676 1.618043 -2.540593
v -6.486954 1.111550 -1.256666
v -6.374867 1.249754 -1.271870
v -6.317695 1.244389 -0.865484
v -6.429952 1.106801 -0.850274
v -6.256884 1.374552 -1.287625
v -6.199896 1.369204 -0.881201
v -6.432119 1.255413 -1.678256
v -6.313643 1.379537 -1.694074
v -6.543928 1.116204 -1.663060
v -6.076667 1.485436 -0.897605
v -6.133739 1.491191 -1.304027
v -6.190954 1.497005 -1.710425
v -6.248354 1.502896 -2.116793
v -6.305897 1.508845 -2.523136
v -6.371497 1.386257 -2.100392
v -6.429124 1.392614 -2.506732
v -6.546922 1.267797 -2.491015
v -6.489480 1.261460 -2.084639
v -6.601567 1.123258 -2.069435
v -6.659179 1.130215 -2.475801
v -6.710962 0.975336 -2.054319
v -6.768401 0.981675 -2.460696
v -6.816912 0.815020 -2.039316
v -6.874336 0.821295 -2.445692
v -6.653600 0.969289 -1.647935
v -6.759406 0.808445 -1.632939
v -6.978288 0.653754 -2.430758
v -6.920981 0.647901 -2.024375
v -7.023628 0.475681 -2.009484
v -7.080935 0.481532 -2.415865
v -6.863673 0.642047 -1.617990
v -6.966321 0.469825 -1.603100
v -6.909014 0.463974 -1.196713
v -6.806365 0.636197 -1.211609
v -6.749057 0.630344 -0.805229
v -6.851708 0.458121 -0.790334
v -6.702301 0.803315 -1.226548
v -6.645110 0.797882 -0.820164
v -6.539176 0.958261 -0.835164
v -6.596346 0.963630 -1.241550
v -7.429982 2.384198 -3.604487
v -7.494886 2.406898 -3.763224
v -7.075143 2.409885 -3.958880
v -7.010516 2.387644 -3.800434
v -7.554196 2.420589 -3.915831
v -7.134416 2.423532 -4.111439
v -7.914757 2.404112 -3.567721
v -7.973827 2.417415 -3.720065
v -7.849400 2.380680 -3.408478
v -7.190457 2.431969 -4.260485
v -7.610418 2.429327 -4.065070
v -7.664342 2.434362 -4.211776
v -7.244378 2.437015 -4.407207
v -8.030388 2.426680 -3.869664
v -8.084304 2.431720 -4.016375
v -8.504274 2.429080 -3.820951
v -8.450359 2.424044 -3.674258
v -8.870319 2.421396 -3.478839
v -8.924234 2.426436 -3.625552
v -8.394127 2.415303 -3.525006
v -8.814280 2.412961 -3.329808
v -8.755005 2.399318 -3.177229
v -8.334822 2.401609 -3.372407
v -8.269910 2.378922 -3.213672
v -8.690380 2.377073 -3.018799
v -7.136676 2.165105 -2.947986
v -7.211574 2.247504 -3.108654
v -6.791500 2.250838 -3.303768
v -6.716468 2.169347 -3.142724
v -7.286913 2.308338 -3.274399
v -6.867043 2.311899 -3.469760
v -7.631583 2.244578 -2.913365
v -7.706706 2.304131 -3.079073
v -7.556908 2.160739 -2.753313
v -6.940935 2.357437 -3.636598
v -7.360682 2.354446 -3.440944
v -7.780559 2.351664 -3.245442
v -8.200613 2.349158 -3.050117
v -8.620800 2.346868 -2.854953
v -8.126838 2.303058 -2.883574
v -8.546919 2.301328 -2.688112
v -8.471360 2.240267 -2.522124
v -8.051505 2.242212 -2.717832
v -7.976608 2.159825 -2.557166
v -8.396337 2.158766 -2.361071
v -6.868633 1.692142 -2.384487
v -6.929790 1.827614 -2.511899
v -6.509699 1.830340 -2.707062
v -6.448385 1.694975 -2.579335
v -6.995238 1.953646 -2.648772
v -6.575078 1.956964 -2.843707
v -7.349802 1.824942 -2.316586
v -7.415545 1.949843 -2.454168
v -7.288906 1.689293 -2.189684
v -6.643859 2.072072 -2.988390
v -7.063933 2.068729 -2.793272
v -7.483942 2.065803 -2.597983
v -7.903864 2.063439 -2.402450
v -8.323718 2.061496 -2.206744
v -7.835169 1.948357 -2.257943
v -8.254930 1.946390 -2.062061
v -8.189560 1.819762 -1.925418
v -7.769725 1.822326 -2.121075
v -7.708561 1.686852 -1.993659
v -8.128243 1.684395 -1.797686
v -6.653427 1.089110 -1.939929
v -6.702819 1.256869 -2.040137
v -6.282794 1.260046 -2.235349
v -6.233322 1.092959 -2.134897
v -6.755086 1.410238 -2.147966
v -6.334958 1.413410 -2.342997
v -7.122809 1.254012 -1.844801
v -7.175325 1.406680 -1.953212
v -7.073547 1.085157 -1.745009
v -6.389868 1.557748 -2.457196
v -6.809958 1.555023 -2.262033
v -7.229968 1.552347 -2.066718
v -7.649886 1.549735 -1.871212
v -8.069725 1.547171 -1.675548
v -7.595019 1.404948 -1.757143
v -8.014818 1.402837 -1.561347
v -7.962652 1.249466 -1.453700
v -7.542752 1.251581 -1.649309
v -7.493360 1.083826 -1.549108
v -7.913178 1.082387 -1.353252
v -7.445200 0.905461 -1.452839
v -7.865103 0.903347 -1.257236
v -7.398617 0.713569 -1.361603
v -7.818523 0.711384 -1.166019
v -7.025258 0.907893 -1.648333
v -6.978743 0.715424 -1.557302
v -7.772857 0.511605 -1.077698
v -7.352895 0.514249 -1.273109
v -7.307827 0.309361 -1.186695
v -7.727788 0.306716 -0.991285
v -6.932928 0.516891 -1.468524
v -6.887858 0.312001 -1.382106
v -6.467886 0.314647 -1.577519
v -6.512963 0.519537 -1.663939
v -6.093001 0.522181 -1.859349
v -6.047925 0.317291 -1.772931
v -6.558684 0.718855 -1.752424
v -6.138668 0.721957 -1.947665
v -6.185241 0.913919 -2.038879
v -6.605268 0.910747 -1.843668
v -9.066564 2.544064 -0.733546
v -9.227440 2.566151 -0.663049
v -9.438745 2.565099 -1.087256
v -9.278165 2.543474 -1.157464
v -9.382105 2.579045 -0.598392
v -9.593364 2.577942 -1.022637
v -9.016288 2.567413 -0.238711
v -9.170688 2.579914 -0.174305
v -8.854899 2.544584 -0.309678
v -9.744429 2.585478 -0.961394
v -9.533367 2.586890 -0.536959
v -9.682055 2.590955 -0.477922
v -9.893134 2.589549 -0.902361
v -9.322312 2.588292 -0.112517
v -9.471008 2.592367 -0.053488
v -9.259933 2.593777 0.370956
v -9.111255 2.589714 0.311930
v -8.900186 2.591114 0.736362
v -9.048883 2.595178 0.795388
v -8.959985 2.581865 0.250486
v -8.749139 2.583584 0.675117
v -8.594501 2.570734 0.610498
v -8.805324 2.568971 0.185833
v -8.644452 2.546894 0.115329
v -8.433938 2.549120 0.540293
v -8.400683 2.324463 -1.049904
v -8.563839 2.407673 -0.969442
v -8.774606 2.406973 -1.394003
v -8.611074 2.324695 -1.474616
v -8.731971 2.468772 -0.888282
v -8.942987 2.468302 -1.312630
v -8.352901 2.408794 -0.544954
v -8.520986 2.468578 -0.464009
v -8.190352 2.324108 -0.625165
v -9.112127 2.513729 -1.232842
v -8.900821 2.514784 -0.808631
v -8.689671 2.516050 -0.384284
v -8.478698 2.517604 0.040246
v -8.267887 2.519375 0.464916
v -8.309849 2.471596 -0.039410
v -8.098742 2.473935 0.385138
v -7.930364 2.412612 0.303751
v -8.141718 2.410486 -0.120564
v -7.978565 2.327287 -0.201026
v -7.766827 2.330324 0.223144
v -7.826842 1.844344 -1.336633
v -7.956850 1.982100 -1.271387
v -8.167659 1.980778 -1.695959
v -8.037335 1.843132 -1.761378
v -8.096333 2.110132 -1.201448
v -8.306917 2.109420 -1.626104
v -7.745890 1.983480 -0.846898
v -7.886079 2.110351 -0.776634
v -7.616395 1.845537 -0.911866
v -8.454195 2.226216 -1.552491
v -8.243429 2.226908 -1.127932
v -8.032489 2.228025 -0.703444
v -7.821308 2.229721 -0.279054
v -7.609956 2.231851 0.145260
v -7.674207 2.112954 -0.352573
v -7.462675 2.115053 0.071642
v -7.323422 1.986411 0.001793
v -7.534729 1.984919 -0.422505
v -7.404717 1.847158 -0.487760
v -7.193090 1.848763 -0.063626
v -7.372031 1.230289 -1.565478
v -7.474831 1.401280 -1.513158
v -7.685694 1.400417 -1.937666
v -7.582652 1.230116 -1.990077
v -7.585214 1.557485 -1.457618
v -7.795890 1.556620 -1.882234
v -7.263845 1.402469 -1.088691
v -7.374810 1.557955 -1.032878
v -7.161457 1.230355 -1.140863
v -7.912634 1.703542 -1.823779
v -7.701826 1.704866 -1.399204
v -7.490861 1.706241 -0.974717
v -7.279706 1.707683 -0.550328
v -7.068392 1.709174 -0.126025
v -7.163092 1.560301 -0.608738
v -6.951649 1.562259 -0.184483
v -6.841450 1.406047 -0.239915
v -7.052706 1.404095 -0.664279
v -6.949913 1.233110 -0.716603
v -6.738412 1.235754 -0.292331
v -6.851008 1.051236 -0.767503
v -6.639759 1.053189 -0.343137
v -6.757080 0.855482 -0.816588
v -6.545850 0.857364 -0.392218
v -7.062149 1.049611 -1.191915
v -6.968426 0.853266 -1.240923
v -6.454805 0.653517 -0.440247
v -6.665865 0.652108 -0.864683
v -6.576707 0.443018 -0.912023
v -6.365649 0.444425 -0.487588
v -6.876929 0.650697 -1.289125
v -6.787766 0.441606 -1.336464
v -6.998829 0.440201 -1.760911
v -7.087994 0.649291 -1.713560
v -7.299052 0.647883 -2.137995
v -7.209888 0.438791 -2.185345
v -7.179198 0.852666 -1.665469
v -7.390090 0.851725 -2.089964
v -7.483996 1.047551 -2.040890
v -7.273134 1.048417 -1.616383
v -6.434023 2.671594 0.644794
v -6.402083 2.703931 0.811449
v -6.850390 2.761030 0.909515
v -6.882076 2.729154 0.743171
v -6.375213 2.727222 0.971609
v -6.823548 2.784271 1.069624
v -5.953666 2.647039 0.713540
v -5.927013 2.669940 0.873422
v -5.986013 2.613973 0.546351
v -6.799644 2.802291 1.226013
v -6.351142 2.745542 1.128204
v -6.329144 2.760144 1.282113
v -6.777655 2.816901 1.379938
v -5.902632 2.688788 1.030401
v -5.880645 2.703399 1.184313
v -5.432129 2.646646 1.086493
v -5.454117 2.632044 0.932597
v -5.005618 2.575285 0.834777
v -4.983631 2.589890 0.988693
v -5.478198 2.613720 0.775991
v -5.029528 2.557270 0.678404
v -5.056364 2.534027 0.518276
v -5.505066 2.590429 0.615836
v -5.537012 2.558108 0.449183
v -5.088048 2.502158 0.351948
v -6.603139 2.415969 -0.040368
v -6.555767 2.506772 0.125808
v -7.004245 2.564188 0.223252
v -7.051576 2.474259 0.056611
v -6.511252 2.576668 0.298651
v -6.959561 2.634315 0.396362
v -6.107273 2.449748 0.028148
v -6.063090 2.518389 0.201004
v -6.154708 2.357565 -0.137273
v -6.918253 2.689289 0.571112
v -6.469943 2.632188 0.473045
v -6.021516 2.575296 0.375142
v -5.572929 2.518686 0.277426
v -5.124224 2.462292 0.179878
v -5.614243 2.463172 0.103030
v -5.165522 2.407307 0.005127
v -5.210219 2.337183 -0.167984
v -5.658753 2.393263 -0.069810
v -5.706127 2.302473 -0.235984
v -5.257543 2.247247 -0.334629
v -6.793413 1.915771 -0.610372
v -6.746922 2.057081 -0.483536
v -7.195488 2.113900 -0.386005
v -7.242057 1.972680 -0.513186
v -6.699226 2.189586 -0.345857
v -7.147754 2.246984 -0.248607
v -6.298395 2.000305 -0.581237
v -6.250679 2.131744 -0.442719
v -6.344759 1.858848 -0.707504
v -7.099589 2.369147 -0.101782
v -6.651113 2.311726 -0.199226
v -6.202619 2.254702 -0.296886
v -5.754100 2.198213 -0.394842
v -5.305567 2.142142 -0.493016
v -5.802213 2.076092 -0.541481
v -5.353735 2.019974 -0.639845
v -5.401466 1.886890 -0.777236
v -5.849905 1.943575 -0.679154
v -5.896402 1.802265 -0.805995
v -5.448031 1.745668 -0.904424
v -6.970801 1.293786 -1.043395
v -6.926686 1.465436 -0.948012
v -7.375156 1.522702 -0.850452
v -7.419225 1.351700 -0.946139
v -6.882865 1.623326 -0.843506
v -7.331393 1.680578 -0.746146
v -6.478193 1.408478 -1.045728
v -6.434325 1.565710 -0.940548
v -6.522382 1.235772 -1.140592
v -7.287278 1.829919 -0.634186
v -6.838709 1.773099 -0.731718
v -6.390182 1.716321 -0.829421
v -5.941698 1.659596 -0.927333
v -5.493253 1.602908 -1.025423
v -5.985849 1.509820 -1.039123
v -5.537367 1.453575 -1.137383
v -5.581133 1.295689 -1.241690
v -6.029671 1.351930 -1.143636
v -6.073789 1.180287 -1.239008
v -5.625206 1.124695 -1.337375
v -6.118627 0.998410 -1.329488
v -5.670085 0.942168 -1.427540
v -6.164386 0.803487 -1.413708
v -5.715850 0.747181 -1.511731
v -6.567150 1.054958 -1.231580
v -6.612946 0.859481 -1.315537
v -5.762144 0.544654 -1.592317
v -6.210650 0.601406 -1.494509
v -6.257288 0.393954 -1.572722
v -5.808786 0.337200 -1.670529
v -6.659161 0.658157 -1.396697
v -6.705799 0.450701 -1.474916
v -7.154313 0.507458 -1.377106
v -7.107663 0.714912 -1.298885
v -7.556168 0.771663 -1.201075
v -7.602816 0.564208 -1.279297
v -7.061400 0.916992 -1.218094
v -7.509871 0.974186 -1.120495
v -7.464111 1.169174 -1.036307
v -7.015644 1.111912 -1.133866
v -5.951925 3.123085 -2.455499
v -5.880788 3.200708 -2.579833
v -5.502782 3.241120 -2.366038
v -5.573971 3.164034 -2.241941
v -5.808768 3.267972 -2.699130
v -5.430765 3.308331 -2.485290
v -6.258807 3.160519 -2.793758
v -6.186748 3.227341 -2.912832
v -6.329878 3.082067 -2.669005
v -5.358214 3.369580 -2.601638
v -5.736247 3.329562 -2.815646
v -5.663381 3.386893 -2.930075
v -5.285335 3.426925 -2.716081
v -6.114285 3.289541 -3.029655
v -6.041412 3.346876 -3.144080
v -6.419468 3.306848 -3.358074
v -6.492328 3.249525 -3.243663
v -6.870370 3.209487 -3.457655
v -6.797493 3.266824 -3.572088
v -6.564850 3.187929 -3.127134
v -6.942912 3.148252 -3.341313
v -7.014940 3.081033 -3.222049
v -6.636869 3.120660 -3.007850
v -6.708002 3.043065 -2.883506
v -7.086124 3.003960 -3.097961
v -6.203125 2.690639 -1.954454
v -6.150051 2.821935 -2.072099
v -5.772320 2.862460 -1.857686
v -5.825795 2.731828 -1.739516
v -6.088638 2.936045 -2.198158
v -5.710898 2.976865 -1.983966
v -6.527962 2.781713 -2.286271
v -6.466156 2.894664 -2.412474
v -6.580389 2.649384 -2.169472
v -5.644359 3.077819 -2.113386
v -6.022365 3.037400 -2.327194
v -6.400384 2.997209 -2.541128
v -6.778446 2.957354 -2.755202
v -7.156517 2.917736 -2.969405
v -6.844714 2.856002 -2.626162
v -7.223063 2.816766 -2.839993
v -7.284478 2.702363 -2.713703
v -6.906129 2.741887 -2.500109
v -6.959204 2.610604 -2.382462
v -7.337963 2.571730 -2.595531
v -6.343837 2.068443 -1.584525
v -6.318907 2.234195 -1.661340
v -5.940996 2.274204 -1.447090
v -5.966084 2.108430 -1.369969
v -6.287487 2.395130 -1.748621
v -5.909838 2.435578 -1.534049
v -6.696891 2.194186 -1.875436
v -6.664880 2.354396 -1.963585
v -6.721568 2.028470 -1.799125
v -5.872224 2.589779 -1.630612
v -6.249953 2.549250 -1.845022
v -6.627861 2.509021 -2.059194
v -7.006028 2.469194 -2.273035
v -7.384380 2.429682 -2.486628
v -7.043574 2.315086 -2.176625
v -7.421990 2.275476 -2.390059
v -7.453146 2.114105 -2.303109
v -7.074990 2.154147 -2.089349
v -7.099921 1.988392 -2.012527
v -7.478245 1.948328 -2.225986
v -6.399765 1.375652 -1.348234
v -6.394994 1.559796 -1.394077
v -6.017184 1.600216 -1.179790
v -6.022242 1.416576 -1.133594
v -6.383101 1.734065 -1.449635
v -6.005365 1.774414 -1.235185
v -6.772943 1.519611 -1.608192
v -6.760616 1.693482 -1.664420
v -6.777238 1.334658 -1.562941
v -5.988348 1.943085 -1.298286
v -6.366263 1.903083 -1.512533
v -6.744249 1.863064 -1.726629
v -7.122338 1.823035 -1.940543
v -7.500506 1.782988 -2.154298
v -7.139181 1.654018 -1.877649
v -7.517524 1.614322 -2.091196
v -7.529341 1.440117 -2.035805
v -7.151075 1.479748 -1.822085
v -7.155840 1.295612 -1.776243
v -7.534394 1.256484 -1.989602
v -7.156063 1.103570 -1.736038
v -7.534327 1.063942 -1.949761
v -7.150472 0.901459 -1.703032
v -7.528706 0.861780 -1.916787
v -6.777927 1.143438 -1.522148
v -6.772097 0.940897 -1.489440
v -7.519739 0.653793 -1.887961
v -7.141703 0.693820 -1.673961
v -7.130537 0.482029 -1.647860
v -7.508571 0.442007 -1.861861
v -6.763657 0.733841 -1.459955
v -6.752495 0.522048 -1.433853
v -6.374449 0.562079 -1.219846
v -6.385616 0.773867 -1.245955
v -6.007581 0.813891 -1.031952
v -5.996411 0.602098 -1.005845
v -6.394393 0.981507 -1.275016
v -6.016554 1.021872 -1.060775
v -6.022173 1.224035 -1.093744
v -6.399978 1.183619 -1.308030
# 945 vertices

vt 0.331138 0.862575
vt 0.332900 0.892007
vt 0.417129 0.892083
vt 0.415350 0.862727
vt 0.334661 0.921439
vt 0.418908 0.921439
vt 0.248670 0.891932
vt 0.250414 0.921439
vt 0.246927 0.862424
vt 0.421278 0.948220
vt 0.337032 0.948220
vt 0.339402 0.975000
vt 0.423649 0.975000
vt 0.252785 0.948220
vt 0.255155 0.975000
vt 0.170909 0.975000
vt 0.168538 0.948220
vt 0.084292 0.948220
vt 0.086662 0.975000
vt 0.166168 0.921439
vt 0.081921 0.921439
vt 0.080142 0.892083
vt 0.164406 0.892007
vt 0.162645 0.862575
vt 0.078364 0.862727
vt 0.329100 0.724957
vt 0.329228 0.760546
vt 0.413471 0.760538
vt 0.413338 0.724941
vt 0.329357 0.796135
vt 0.413604 0.796135
vt 0.244986 0.760554
vt 0.245110 0.796135
vt 0.244862 0.724974
vt 0.414477 0.829431
vt 0.330248 0.829355
vt 0.246018 0.829279
vt 0.161754 0.829355
vt 0.077490 0.829431
vt 0.160864 0.796135
vt 0.076617 0.796135
vt 0.076484 0.760538
vt 0.160735 0.760546
vt 0.160607 0.724957
vt 0.076351 0.724941
vt 0.329661 0.587708
vt 0.329470 0.621148
vt 0.413719 0.621107
vt 0.413911 0.587624
vt 0.329280 0.654589
vt 0.413527 0.654589
vt 0.245222 0.621190
vt 0.245033 0.654589
vt 0.245411 0.587791
vt 0.413432 0.689765
vt 0.329190 0.689773
vt 0.244948 0.689781
vt 0.160697 0.689773
vt 0.076446 0.689765
vt 0.160787 0.654589
vt 0.076540 0.654589
vt 0.076732 0.621107
vt 0.160977 0.621148
vt 0.161167 0.587708
vt 0.076924 0.587624
vt 0.360606 0.294598
vt 0.360319 0.320686
vt 0.471991 0.320823
vt 0.472272 0.294872
vt 0.360033 0.346774
vt 0.471710 0.346774
vt 0.248648 0.320549
vt 0.245645 0.525000
vt 0.248940 0.294324
vt 0.414024 0.556312
vt 0.329776 0.556354
vt 0.245528 0.556396
vt 0.161283 0.556354
vt 0.077038 0.556312
vt 0.161398 0.525000
vt 0.077151 0.525000
vt 0.025281 0.320823
vt 0.136964 0.320686
vt 0.137251 0.294598
vt 0.025562 0.294872
vt 0.137828 0.261654
vt 0.026145 0.261792
vt 0.138406 0.228711
vt 0.026728 0.228711
vt 0.249512 0.261517
vt 0.250083 0.228711
vt 0.027509 0.190968
vt 0.139187 0.190968
vt 0.139967 0.153226
vt 0.028290 0.153226
vt 0.250864 0.190968
vt 0.251645 0.153226
vt 0.363323 0.153226
vt 0.362542 0.190968
vt 0.474219 0.190968
vt 0.475000 0.153226
vt 0.361761 0.228711
vt 0.473438 0.228711
vt 0.472855 0.261792
vt 0.361183 0.261654
vt 0.331138 0.862575
vt 0.332900 0.892007
vt 0.417129 0.892083
vt 0.415350 0.862727
vt 0.334661 0.921439
vt 0.418908 0.921439
vt 0.248670 0.891932
vt 0.250414 0.921439
vt 0.246927 0.862424
vt 0.421278 0.948220
vt 0.337032 0.948220
vt 0.339402 0.975000
vt 0.423649 0.975000
vt 0.252785 0.948220
vt 0.255155 0.975000
vt 0.170909 0.975000
vt 0.168538 0.948220
vt 0.084292 0.948220
vt 0.086662 0.975000
vt 0.166168 0.921439
vt 0.081921 0.921439
vt 0.080142 0.892083
vt 0.164406 0.892007
vt 0.162645 0.862575
vt 0.078364 0.862727
vt 0.329100 0.724957
vt 0.329228 0.760546
vt 0.413471 0.760538
vt 0.413338 0.724941
vt 0.329357 0.796135
vt 0.413604 0.796135
vt 0.244986 0.760554
vt 0.245110 0.796135
vt 0.244862 0.724974
vt 0.414477 0.829431
vt 0.330248 0.829355
vt 0.246018 0.829279
vt 0.161754 0.829355
vt 0.077490 0.829431
vt 0.160864 0.796135
vt 0.076617 0.796135
vt 0.076484 0.760538
vt 0.160735 0.760546
vt 0.160607 0.724957
vt 0.076351 0.724941
vt 0.329661 0.587708
vt 0.329470 0.621148
vt 0.413719 0.621107
vt 0.413911 0.587624
vt 0.329280 0.654589
vt 0.413527 0.654589
vt 0.245222 0.621190
vt 0.245033 0.654589
vt 0.245411 0.587791
vt 0.413432 0.689765
vt 0.329190 0.689773
vt 0.244948 0.689781
vt 0.160697 0.689773
vt 0.076446 0.689765
vt 0.160787 0.654589
vt 0.076540 0.654589
vt 0.076732 0.621107
vt 0.160977 0.621148
vt 0.161167 0.587708
vt 0.076924 0.587624
vt 0.360606 0.294598
vt 0.360319 0.320686
vt 0.471991 0.320823
vt 0.472272 0.294872
vt 0.360033 0.346774
vt 0.471710 0.346774
vt 0.248648 0.320549
vt 0.245645 0.525000
vt 0.248940 0.294324
vt 0.414024 0.556312
vt 0.329776 0.556354
vt 0.245528 0.556396
vt 0.161283 0.556354
vt 0.077038 0.556312
vt 0.161398 0.525000
vt 0.077151 0.525000
vt 0.025281 0.320823
vt 0.136964 0.320686
vt 0.137251 0.294598
vt 0.025562 0.294872
vt 0.137828 0.261654
vt 0.026145 0.261792
vt 0.138406 0.228711
vt 0.026728 0.228711
vt 0.249512 0.261517
vt 0.250083 0.228711
vt 0.027509 0.190968
vt 0.139187 0.190968
vt 0.139967 0.153226
vt 0.028290 0.153226
vt 0.250864 0.190968
vt 0.251645 0.153226
vt 0.363323 0.153226
vt 0.362542 0.190968
vt 0.474219 0.190968
vt 0.475000 0.153226
vt 0.361761 0.228711
vt 0.473438 0.228711
vt 0.472855 0.261792
vt 0.361183 0.261654
vt 0.331138 0.862575
vt 0.332900 0.892007
vt 0.417129 0.892083
vt 0.415350 0.862727
vt 0.334661 0.921439
vt 0.418908 0.921439
vt 0.248670 0.891932
vt 0.250414 0.921439
vt 0.246927 0.862424
vt 0.421278 0.948220
vt 0.337032 0.948220
vt 0.339402 0.975000
vt 0.423649 0.975000
vt 0.252785 0.948220
vt 0.255155 0.975000
vt 0.170909 0.975000
vt 0.168538 0.948220
vt 0.084292 0.948220
vt 0.086662 0.975000
vt 0.166168 0.921439
vt 0.081921 0.921439
vt 0.080142 0.892083
vt 0.164406 0.892007
vt 0.162645 0.862575
vt 0.078364 0.862727
vt 0.329100 0.724957
vt 0.329228 0.760546
vt 0.413471 0.760538
vt 0.413338 0.724941
vt 0.329357 0.796135
vt 0.413604 0.796135
vt 0.244986 0.760554
vt 0.245110 0.796135
vt 0.244862 0.724974
vt 0.414477 0.829431
vt 0.330248 0.829355
vt 0.246018 0.829279
vt 0.161754 0.829355
vt 0.077490 0.829431
vt 0.160864 0.796135
vt 0.076617 0.796135
vt 0.076484 0.760538
vt 0.160735 0.760546
vt 0.160607 0.724957
vt 0.076351 0.724941
vt 0.329661 0.587708
vt 0.329470 0.621148
vt 0.413719 0.621107
vt 0.413911 0.587624
vt 0.329280 0.654589
vt 0.413527 0.654589
vt 0.245222 0.621190
vt 0.245033 0.654589
vt 0.245411 0.587791
vt 0.413432 0.689765
vt 0.329190 0.689773
vt 0.244948 0.689781
vt 0.160697 0.689773
vt 0.076446 0.689765
vt 0.160787 0.654589
vt 0.076540 0.654589
vt 0.076732 0.621107
vt 0.160977 0.621148
vt 0.161167 0.587708
vt 0.076924 0.587624
vt 0.360606 0.294598
vt 0.360319 0.320686
vt 0.471991 0.320823
vt 0.472272 0.294872
vt 0.360033 0.346774
vt 0.471710 0.346774
vt 0.248648 0.320549
vt 0.245645 0.525000
vt 0.248940 0.294324
vt 0.414024 0.556312
vt 0.329776 0.556354
vt 0.245528 0.556396
vt 0.161283 0.556354
vt 0.077038 0.556312
vt 0.161398 0.525000
vt 0.077151 0.525000
vt 0.025281 0.320823
vt 0.136964 0.320686
vt 0.137251 0.294598
vt 0.025562 0.294872
vt 0.137828 0.261654
vt 0.026145 0.261792
vt 0.138406 0.228711
vt 0.026728 0.228711
vt 0.249512 0.261517
vt 0.250083 0.228711
vt 0.027509 0.190968
vt 0.139187 0.190968
vt 0.139967 0.153226
vt 0.028290 0.153226
vt 0.250864 0.190968
vt 0.251645 0.153226
vt 0.363323 0.153226
vt 0.362542 0.190968
vt 0.474219 0.190968
vt 0.475000 0.153226
vt 0.361761 0.228711
vt 0.473438 0.228711
vt 0.472855 0.261792
vt 0.361183 0.261654
vt 0.331138 0.862575
vt 0.332900 0.892007
vt 0.417129 0.892083
vt 0.415350 0.862727
vt 0.334661 0.921439
vt 0.418908 0.921439
vt 0.248670 0.891932
vt 0.250414 0.921439
vt 0.246927 0.862424
vt 0.421278 0.948220
vt 0.337032 0.948220
vt 0.339402 0.975000
vt 0.423649 0.975000
vt 0.252785 0.948220
vt 0.255155 0.975000
vt 0.170909 0.975000
vt 0.168538 0.948220
vt 0.084292 0.948220
vt 0.086662 0.975000
vt 0.166168 0.921439
vt 0.081921 0.921439
vt 0.080142 0.892083
vt 0.164406 0.892007
vt 0.162645 0.862575
vt 0.078364 0.862727
vt 0.329100 0.724957
vt 0.329228 0.760546
vt 0.413471 0.760538
vt 0.413338 0.724941
vt 0.329357 0.796135
vt 0.413604 0.796135
vt 0.244986 0.760554
vt 0.245110 0.796135
vt 0.244862 0.724974
vt 0.414477 0.829431
vt 0.330248 0.829355
vt 0.246018 0.829279
vt 0.161754 0.829355
vt 0.077490 0.829431
vt 0.160864 0.796135
vt 0.076617 0.796135
vt 0.076484 0.760538
vt 0.160735 0.760546
vt 0.160607 0.724957
vt 0.076351 0.724941
vt 0.329661 0.587708
vt 0.329470 0.621148
vt 0.413719 0.621107
vt 0.413911 0.587624
vt 0.329280 0.654589
vt 0.413527 0.654589
vt 0.245222 0.621190
vt 0.245033 0.654589
vt 0.245411 0.587791
vt 0.413432 0.689765
vt 0.329190 0.689773
vt 0.244948 0.689781
vt 0.160697 0.689773
vt 0.076446 0.689765
vt 0.160787 0.654589
vt 0.076540 0.654589
vt 0.076732 0.621107
vt 0.160977 0.621148
vt 0.161167 0.587708
vt 0.076924 0.587624
vt 0.360606 0.294598
vt 0.360319 0.320686
vt 0.471991 0.320823
vt 0.472272 0.294872
vt 0.360033 0.346774
vt 0.471710 0.346774
vt 0.248648 0.320549
vt 0.245645 0.525000
vt 0.248940 0.294324
vt 0.414024 0.556312
vt 0.329776 0.556354
vt 0.245528 0.556396
vt 0.161283 0.556354
vt 0.077038 0.556312
vt 0.161398 0.525000
vt 0.077151 0.525000
vt 0.025281 0.320823
vt 0.136964 0.320686
vt 0.137251 0.294598
vt 0.025562 0.294872
vt 0.137828 0.261654
vt 0.026145 0.261792
vt 0.138406 0.228711
vt 0.026728 0.228711
vt 0.249512 0.261517
vt 0.250083 0.228711
vt 0.027509 0.190968
vt 0.139187 0.190968
vt 0.139967 0.153226
vt 0.028290 0.153226
vt 0.250864 0.190968
vt 0.251645 0.153226
vt 0.363323 0.153226
vt 0.362542 0.190968
vt 0.474219 0.190968
vt 0.475000 0.153226
vt 0.361761 0.228711
vt 0.473438 0.228711
vt 0.472855 0.261792
vt 0.361183 0.261654
vt 0.331138 0.862575
vt 0.332900 0.892007
vt 0.417129 0.892083
vt 0.415350 0.862727
vt 0.334661 0.921439
vt 0.418908 0.921439
vt 0.248670 0.891932
vt 0.250414 0.921439
vt 0.246927 0.862424
vt 0.421278 0.948220
vt 0.337032 0.948220
vt 0.339402 0.975000
vt 0.423649 0.975000
vt 0.252785 0.948220
vt 0.255155 0.975000
vt 0.170909 0.975000
vt 0.168538 0.948220
vt 0.084292 0.948220
vt 0.086662 0.975000
vt 0.166168 0.921439
vt 0.081921 0.921439
vt 0.080142 0.892083
vt 0.164406 0.892007
vt 0.162645 0.862575
vt 0.078364 0.862727
vt 0.329100 0.724957
vt 0.329228 0.760546
vt 0.413471 0.760538
vt 0.413338 0.724941
vt 0.329357 0.796135
vt 0.413604 0.796135
vt 0.244986 0.760554
vt 0.245110 0.796135
vt 0.244862 0.724974
vt 0.414477 0.829431
vt 0.330248 0.829355
vt 0.246018 0.829279
vt 0.161754 0.829355
vt 0.077490 0.829431
vt 0.160864 0.796135
vt 0.076617 0.796135
vt 0.076484 0.760538
vt 0.160735 0.760546
vt 0.160607 0.724957
vt 0.076351 0.724941
vt 0.329661 0.587708
vt 0.329470 0.621148
vt 0.413719 0.621107
vt 0.413911 0.587624
vt 0.329280 0.654589
vt 0.413527 0.654589
vt 0.245222 0.621190
vt 0.245033 0.654589
vt 0.245411 0.587791
vt 0.413432 0.689765
vt 0.329190 0.689773
vt 0.244948 0.689781
vt 0.160697 0.689773
vt 0.076446 0.689765
vt 0.160787 0.654589
vt 0.076540 0.654589
vt 0.076732 0.621107
vt 0.160977 0.621148
vt 0.161167 0.587708
vt 0.076924 0.587624
vt 0.360606 0.294598
vt 0.360319 0.320686
vt 0.471991 0.320823
vt 0.472272 0.294872
vt 0.360033 0.346774
vt 0.471710 0.346774
vt 0.248648 0.320549
vt 0.245645 0.525000
vt 0.248940 0.294324
vt 0.414024 0.556312
vt 0.329776 0.556354
vt 0.245528 0.556396
vt 0.161283 0.556354
vt 0.077038 0.556312
vt 0.161398 0.525000
vt 0.077151 0.525000
vt 0.025281 0.320823
vt 0.136964 0.320686
vt 0.137251 0.294598
vt 0.025562 0.294872
vt 0.137828 0.261654
vt 0.026145 0.261792
vt 0.138406 0.228711
vt 0.026728 0.228711
vt 0.249512 0.261517
vt 0.250083 0.228711
vt 0.027509 0.190968
vt 0.139187 0.190968
vt 0.139967 0.153226
vt 0.028290 0.153226
vt 0.250864 0.190968
vt 0.251645 0.153226
vt 0.363323 0.153226
vt 0.362542 0.190968
vt 0.474219 0.190968
vt 0.475000 0.153226
vt 0.361761 0.228711
vt 0.473438 0.228711
vt 0.472855 0.261792
vt 0.361183 0.261654
vt 0.331138 0.862575
vt 0.332900 0.892007
vt 0.417129 0.892083
vt 0.415350 0.862727
vt 0.334661 0.921439
vt 0.418908 0.921439
vt 0.248670 0.891932
vt 0.250414 0.921439
vt 0.246927 0.862424
vt 0.421278 0.948220
vt 0.337032 0.948220
vt 0.339402 0.975000
vt 0.423649 0.975000
vt 0.252785 0.948220
vt 0.255155 0.975000
vt 0.170909 0.975000
vt 0.168538 0.948220
vt 0.084292 0.948220
vt 0.086662 0.975000
vt 0.166168 0.921439
vt 0.081921 0.921439
vt 0.080142 0.892083
vt 0.164406 0.892007
vt 0.162645 0.862575
vt 0.078364 0.862727
vt 0.329100 0.724957
vt 0.329228 0.760546
vt 0.413471 0.760538
vt 0.413338 0.724941
vt 0.329357 0.796135
vt 0.413604 0.796135
vt 0.244986 0.760554
vt 0.245110 0.796135
vt 0.244862 0.724974
vt 0.414477 0.829431
vt 0.330248 0.829355
vt 0.246018 0.829279
vt 0.161754 0.829355
vt 0.077490 0.829431
vt 0.160864 0.796135
vt 0.076617 0.796135
vt 0.076484 0.760538
vt 0.160735 0.760546
vt 0.160607 0.724957
vt 0.076351 0.724941
vt 0.329661 0.587708
vt 0.329470 0.621148
vt 0.413719 0.621107
vt 0.413911 0.587624
vt 0.329280 0.654589
vt 0.413527 0.654589
vt 0.245222 0.621190
vt 0.245033 0.654589
vt 0.245411 0.587791
vt 0.413432 0.689765
vt 0.329190 0.689773
vt 0.244948 0.689781
vt 0.160697 0.689773
vt 0.076446 0.689765
vt 0.160787 0.654589
vt 0.076540 0.654589
vt 0.076732 0.621107
vt 0.160977 0.621148
vt 0.161167 0.587708
vt 0.076924 0.587624
vt 0.360606 0.294598
vt 0.360319 0.320686
vt 0.471991 0.320823
vt 0.472272 0.294872
vt 0.360033 0.346774
vt 0.471710 0.346774
vt 0.248648 0.320549
vt 0.245645 0.525000
vt 0.248940 0.294324
vt 0.414024 0.556312
vt 0.329776 0.556354
vt 0.245528 0.556396
vt 0.161283 0.556354
vt 0.077038 0.556312
vt 0.161398 0.525000
vt 0.077151 0.525000
vt 0.025281 0.320823
vt 0.136964 0.320686
vt 0.137251 0.294598
vt 0.025562 0.294872
vt 0.137828 0.261654
vt 0.026145 0.261792
vt 0.138406 0.228711
vt 0.026728 0.228711
vt 0.249512 0.261517
vt 0.250083 0.228711
vt 0.027509 0.190968
vt 0.139187 0.190968
vt 0.139967 0.153226
vt 0.028290 0.153226
vt 0.250864 0.190968
vt 0.251645 0.153226
vt 0.363323 0.153226
vt 0.362542 0.190968
vt 0.474219 0.190968
vt 0.475000 0.153226
vt 0.361761 0.228711
vt 0.473438 0.228711
vt 0.472855 0.261792
vt 0.361183 0.261654
vt 0.331138 0.862575
vt 0.332900 0.892007
vt 0.417129 0.892083
vt 0.415350 0.862727
vt 0.334661 0.921439
vt 0.418908 0.921439
vt 0.248670 0.891932
vt 0.250414 0.921439
vt 0.246927 0.862424
vt 0.421278 0.948220
vt 0.337032 0.948220
vt 0.339402 0.975000
vt 0.423649 0.975000
vt 0.252785 0.948220
vt 0.255155 0.975000
vt 0.170909 0.975000
vt 0.168538 0.948220
vt 0.084292 0.948220
vt 0.086662 0.975000
vt 0.166168 0.921439
vt 0.081921 0.921439
vt 0.080142 0.892083
vt 0.164406 0.892007
vt 0.162645 0.862575
vt 0.078364 0.862727
vt 0.329100 0.724957
vt 0.329228 0.760546
vt 0.413471 0.760538
vt 0.413338 0.724941
vt 0.329357 0.796135
vt 0.413604 0.796135
vt 0.244986 0.760554
vt 0.245110 0.796135
vt 0.244862 0.724974
vt 0.414477 0.829431
vt 0.330248 0.829355
vt 0.246018 0.829279
vt 0.161754 0.829355
vt 0.077490 0.829431
vt 0.160864 0.796135
vt 0.076617 0.796135
vt 0.076484 0.760538
vt 0.160735 0.760546
vt 0.160607 0.724957
vt 0.076351 0.724941
vt 0.329661 0.587708
vt 0.329470 0.621148
vt 0.413719 0.621107
vt 0.413911 0.587624
vt 0.329280 0.654589
vt 0.413527 0.654589
vt 0.245222 0.621190
vt 0.245033 0.654589
vt 0.245411 0.587791
vt 0.413432 0.689765
vt 0.329190 0.689773
vt 0.244948 0.689781
vt 0.160697 0.689773
vt 0.076446 0.689765
vt 0.160787 0.654589
vt 0.076540 0.654589
vt 0.076732 0.621107
vt 0.160977 0.621148
vt 0.161167 0.587708
vt 0.076924 0.587624
vt 0.360606 0.294598
vt 0.360319 0.320686
vt 0.471991 0.320823
vt 0.472272 0.294872
vt 0.360033 0.346774
vt 0.471710 0.346774
vt 0.248648 0.320549
vt 0.245645 0.525000
vt 0.248940 0.294324
vt 0.414024 0.556312
vt 0.329776 0.556354
vt 0.245528 0.556396
vt 0.161283 0.556354
vt 0.077038 0.556312
vt 0.161398 0.525000
vt 0.077151 0.525000
vt 0.025281 0.320823
vt 0.136964 0.320686
vt 0.137251 0.294598
vt 0.025562 0.294872
vt 0.137828 0.261654
vt 0.026145 0.261792
vt 0.138406 0.228711
vt 0.026728 0.228711
vt 0.249512 0.261517
vt 0.250083 0.228711
vt 0.027509 0.190968
vt 0.139187 0.190968
vt 0.139967 0.153226
vt 0.028290 0.153226
vt 0.250864 0.190968
vt 0.251645 0.153226
vt 0.363323 0.153226
vt 0.362542 0.190968
vt 0.474219 0.190968
vt 0.475000 0.153226
vt 0.361761 0.228711
vt 0.473438 0.228711
vt 0.472855 0.261792
vt 0.361183 0.261654
vt 0.331138 0.862575
vt 0.332900 0.892007
vt 0.417129 0.892083
vt 0.415350 0.862727
vt 0.334661 0.921439
vt 0.418908 0.921439
vt 0.248670 0.891932
vt 0.250414 0.921439
vt 0.246927 0.862424
vt 0.421278 0.948220
vt 0.337032 0.948220
vt 0.339402 0.975000
vt 0.423649 0.975000
vt 0.252785 0.948220
vt 0.255155 0.975000
vt 0.170909 0.975000
vt 0.168538 0.948220
vt 0.084292 0.948220
vt 0.086662 0.975000
vt 0.166168 0.921439
vt 0.081921 0.921439
vt 0.080142 0.892083
vt 0.164406 0.892007
vt 0.162645 0.862575
vt 0.078364 0.862727
vt 0.329100 0.724957
vt 0.329228 0.760546
vt 0.413471 0.760538
vt 0.413338 0.724941
vt 0.329357 0.796135
vt 0.413604 0.796135
vt 0.244986 0.760554
vt 0.245110 0.796135
vt 0.244862 0.724974
vt 0.414477 0.829431
vt 0.330248 0.829355
vt 0.246018 0.829279
vt 0.161754 0.829355
vt 0.077490 0.829431
vt 0.160864 0.796135
vt 0.076617 0.796135
vt 0.076484 0.760538
vt 0.160735 0.760546
vt 0.160607 0.724957
vt 0.076351 0.724941
vt 0.329661 0.587708
vt 0.329470 0.621148
vt 0.413719 0.621107
vt 0.413911 0.587624
vt 0.329280 0.654589
vt 0.413527 0.654589
vt 0.245222 0.621190
vt 0.245033 0.654589
vt 0.245411 0.587791
vt 0.413432 0.689765
vt 0.329190 0.689773
vt 0.244948 0.689781
vt 0.160697 0.689773
vt 0.076446 0.689765
vt 0.160787 0.654589
vt 0.076540 0.654589
vt 0.076732 0.621107
vt 0.160977 0.621148
vt 0.161167 0.587708
vt 0.076924 0.587624
vt 0.360606 0.294598
vt 0.360319 0.320686
vt 0.471991 0.320823
vt 0.472272 0.294872
vt 0.360033 0.346774
vt 0.471710 0.346774
vt 0.248648 0.320549
vt 0.245645 0.525000
vt 0.248940 0.294324
vt 0.414024 0.556312
vt 0.329776 0.556354
vt 0.245528 0.556396
vt 0.161283 0.556354
vt 0.077038 0.556312
vt 0.161398 0.525000
vt 0.077151 0.525000
vt 0.025281 0.320823
vt 0.136964 0.320686
vt 0.137251 0.294598
vt 0.025562 0.294872
vt 0.137828 0.261654
vt 0.026145 0.261792
vt 0.138406 0.228711
vt 0.026728 0.228711
vt 0.249512 0.261517
vt 0.250083 0.228711
vt 0.027509 0.190968
vt 0.139187 0.190968
vt 0.139967 0.153226
vt 0.028290 0.153226
vt 0.250864 0.190968
vt 0.251645 0.153226
vt 0.363323 0.153226
vt 0.362542 0.190968
vt 0.474219 0.190968
vt 0.475000 0.153226
vt 0.361761 0.228711
vt 0.473438 0.228711
vt 0.472855 0.261792
vt 0.361183 0.261654
vt 0.331138 0.862575
vt 0.332900 0.892007
vt 0.417129 0.892083
vt 0.415350 0.862727
vt 0.334661 0.921439
vt 0.418908 0.921439
vt 0.248670 0.891932
vt 0.250414 0.921439
vt 0.246927 0.862424
vt 0.421278 0.948220
vt 0.337032 0.948220
vt 0.339402 0.975000
vt 0.423649 0.975000
vt 0.252785 0.948220
vt 0.255155 0.975000
vt 0.170909 0.975000
vt 0.168538 0.948220
vt 0.084292 0.948220
vt 0.086662 0.975000
vt 0.166168 0.921439
vt 0.081921 0.921439
vt 0.080142 0.892083
vt 0.164406 0.892007
vt 0.162645 0.862575
vt 0.078364 0.862727
vt 0.329100 0.724957
vt 0.329228 0.760546
vt 0.413471 0.760538
vt 0.413338 0.724941
vt 0.329357 0.796135
vt 0.413604 0.796135
vt 0.244986 0.760554
vt 0.245110 0.796135
vt 0.244862 0.724974
vt 0.414477 0.829431
vt 0.330248 0.829355
vt 0.246018 0.829279
vt 0.161754 0.829355
vt 0.077490 0.829431
vt 0.160864 0.796135
vt 0.076617 0.796135
vt 0.076484 0.760538
vt 0.160735 0.760546
vt 0.160607 0.724957
vt 0.076351 0.724941
vt 0.329661 0.587708
vt 0.329470 0.621148
vt 0.413719 0.621107
vt 0.413911 0.587624
vt 0.329280 0.654589
vt 0.413527 0.654589
vt 0.245222 0.621190
vt 0.245033 0.654589
vt 0.245411 0.587791
vt 0.413432 0.689765
vt 0.329190 0.689773
vt 0.244948 0.689781
vt 0.160697 0.689773
vt 0.076446 0.689765
vt 0.160787 0.654589
vt 0.076540 0.654589
vt 0.076732 0.621107
vt 0.160977 0.621148
vt 0.161167 0.587708
vt 0.076924 0.587624
vt 0.360606 0.294598
vt 0.360319 0.320686
vt 0.471991 0.320823
vt 0.472272 0.294872
vt 0.360033 0.346774
vt 0.471710 0.346774
vt 0.248648 0.320549
vt 0.245645 0.525000
vt 0.248940 0.294324
vt 0.414024 0.556312
vt 0.329776 0.556354
vt 0.245528 0.556396
vt 0.161283 0.556354
vt 0.077038 0.556312
vt 0.161398 0.525000
vt 0.077151 0.525000
vt 0.025281 0.320823
vt 0.136964 0.320686
vt 0.137251 0.294598
vt 0.025562 0.294872
vt 0.137828 0.261654
vt 0.026145 0.261792
vt 0.138406 0.228711
vt 0.026728 0.228711
vt 0.249512 0.261517
vt 0.250083 0.228711
vt 0.027509 0.190968
vt 0.139187 0.190968
vt 0.139967 0.153226
vt 0.028290 0.153226
vt 0.250864 0.190968
vt 0.251645 0.153226
vt 0.363323 0.153226
vt 0.362542 0.190968
vt 0.474219 0.190968
vt 0.475000 0.153226
vt 0.361761 0.228711
vt 0.473438 0.228711
vt 0.472855 0.261792
vt 0.361183 0.261654

o name 8
usemtl Material
usemap Material
f 8507/8507 8506/8506 8508/8508
f 8509/8509 8508/8508 8506/8506
f 8507/8507 8508/8508 8510/8510
f 8511/8511 8510/8510 8508/8508
f 8507/8507 8510/8510 8512/8512
f 8513/8513 8512/8512 8510/8510
f 8507/8507 8512/8512 8506/8506
f 8514/8514 8506/8506 8512/8512
f 8516/8516 8515/8515 8517/8517
f 8518/8518 8517/8517 8515/8515
f 8516/8516 8517/8517 8519/8519
f 8520/8520 8519/8519 8517/8517
f 8516/8516 8519/8519 8510/8510
f 8513/8513 8510/8510 8519/8519
f 8516/8516 8510/8510 8515/8515
f 8511/8511 8515/8515 8510/8510
f 8522/8522 8521/8521 8523/8523
f 8524/8524 8523/8523 8521/8521
f 8522/8522 8523/8523 8525/8525
f 8526/8526 8525/8525 8523/8523
f 8522/8522 8525/8525 8519/8519
f 8513/8513 8519/8519 8525/8525
f 8522/8522 8519/8519 8521/8521
f 8520/8520 8521/8521 8519/8519
f 8528/8528 8527/8527 8529/8529
f 8530/8530 8529/8529 8527/8527
f 8528/8528 8529/8529 8512/8512
f 8514/8514 8512/8512 8529/8529
f 8528/8528 8512/8512 8525/8525
f 8513/8513 8525/8525 8512/8512
f 8528/8528 8525/8525 8527/8527
f 8526/8526 8527/8527 8525/8525
f 8532/8532 8531/8531 8533/8533
f 8534/8534 8533/8533 8531/8531
f 8532/8532 8533/8533 8535/8535
f 8536/8536 8535/8535 8533/8533
f 8532/8532 8535/8535 8537/8537
f 8538/8538 8537/8537 8535/8535
f 8532/8532 8537/8537 8531/8531
f 8539/8539 8531/8531 8537/8537
f 8541/8541 8540/8540 8506/8506
f 8509/8509 8506/8506 8540/8540
f 8541/8541 8506/8506 8542/8542
f 8514/8514 8542/8542 8506/8506
f 8541/8541 8542/8542 8535/8535
f 8538/8538 8535/8535 8542/8542
f 8541/8541 8535/8535 8540/8540
f 8536/8536 8540/8540 8535/8535
f 8543/8543 8529/8529 8544/8544
f 8530/8530 8544/8544 8529/8529
f 8543/8543 8544/8544 8545/8545
f 8546/8546 8545/8545 8544/8544
f 8543/8543 8545/8545 8542/8542
f 8538/8538 8542/8542 8545/8545
f 8543/8543 8542/8542 8529/8529
f 8514/8514 8529/8529 8542/8542
f 8548/8548 8547/8547 8549/8549
f 8550/8550 8549/8549 8547/8547
f 8548/8548 8549/8549 8537/8537
f 8539/8539 8537/8537 8549/8549
f 8548/8548 8537/8537 8545/8545
f 8538/8538 8545/8545 8537/8537
f 8548/8548 8545/8545 8547/8547
f 8546/8546 8547/8547 8545/8545
f 8552/8552 8551/8551 8553/8553
f 8554/8554 8553/8553 8551/8551
f 8552/8552 8553/8553 8555/8555
f 8556/8556 8555/8555 8553/8553
f 8552/8552 8555/8555 8557/8557
f 8558/8558 8557/8557 8555/8555
f 8552/8552 8557/8557 8551/8551
f 8559/8559 8551/8551 8557/8557
f 8561/8561 8560/8560 8531/8531
f 8534/8534 8531/8531 8560/8560
f 8561/8561 8531/8531 8562/8562
f 8539/8539 8562/8562 8531/8531
f 8561/8561 8562/8562 8555/8555
f 8558/8558 8555/8555 8562/8562
f 8561/8561 8555/8555 8560/8560
f 8556/8556 8560/8560 8555/8555
f 8563/8563 8549/8549 8564/8564
f 8550/8550 8564/8564 8549/8549
f 8563/8563 8564/8564 8565/8565
f 8566/8566 8565/8565 8564/8564
f 8563/8563 8565/8565 8562/8562
f 8558/8558 8562/8562 8565/8565
f 8563/8563 8562/8562 8549/8549
f 8539/8539 8549/8549 8562/8562
f 8568/8568 8567/8567 8569/8569
f 8570/8570 8569/8569 8567/8567
f 8568/8568 8569/8569 8557/8557
f 8559/8559 8557/8557 8569/8569
f 8568/8568 8557/8557 8565/8565
f 8558/8558 8565/8565 8557/8557
f 8568/8568 8565/8565 8567/8567
f 8566/8566 8567/8567 8565/8565
f 8572/8572 8571/8571 8573/8573
f 8574/8574 8573/8573 8571/8571
f 8572/8572 8573/8573 8575/8575
f 8576/8576 8575/8575 8573/8573
f 8572/8572 8575/8575 8577/8577
f 8578/8578 8577/8577 8575/8575
f 8572/8572 8577/8577 8571/8571
f 8579/8579 8571/8571 8577/8577
f 8581/8581 8580/8580 8551/8551
f 8554/8554 8551/8551 8580/8580
f 8581/8581 8551/8551 8582/8582
f 8559/8559 8582/8582 8551/8551
f 8581/8581 8582/8582 8575/8575
f 8578/8578 8575/8575 8582/8582
f 8581/8581 8575/8575 8580/8580
f 8576/8576 8580/8580 8575/8575
f 8583/8583 8569/8569 8584/8584
f 8570/8570 8584/8584 8569/8569
f 8583/8583 8584/8584 8585/8585
f 8586/8586 8585/8585 8584/8584
f 8583/8583 8585/8585 8582/8582
f 8578/8578 8582/8582 8585/8585
f 8583/8583 8582/8582 8569/8569
f 8559/8559 8569/8569 8582/8582
f 8588/8588 8587/8587 8589/8589
f 8590/8590 8589/8589 8587/8587
f 8588/8588 8589/8589 8577/8577
f 8579/8579 8577/8577 8589/8589
f 8588/8588 8577/8577 8585/8585
f 8578/8578 8585/8585 8577/8577
f 8588/8588 8585/8585 8587/8587
f 8586/8586 8587/8587 8585/8585
f 8591/8591 8589/8589 8592/8592
f 8590/8590 8592/8592 8589/8589
f 8591/8591 8592/8592 8593/8593
f 8594/8594 8593/8593 8592/8592
f 8591/8591 8593/8593 8595/8595
f 8596/8596 8595/8595 8593/8593
f 8591/8591 8595/8595 8589/8589
f 8579/8579 8589/8589 8595/8595
f 8598/8598 8597/8597 8599/8599
f 8600/8600 8599/8599 8597/8597
f 8598/8598 8599/8599 8601/8601
f 8602/8602 8601/8601 8599/8599
f 8598/8598 8601/8601 8593/8593
f 8596/8596 8593/8593 8601/8601
f 8598/8598 8593/8593 8597/8597
f 8594/8594 8597/8597 8593/8593
f 8604/8604 8603/8603 8605/8605
f 8606/8606 8605/8605 8603/8603
f 8604/8604 8605/8605 8607/8607
f 8608/8608 8607/8607 8605/8605
f 8604/8604 8607/8607 8601/8601
f 8596/8596 8601/8601 8607/8607
f 8604/8604 8601/8601 8603/8603
f 8602/8602 8603/8603 8601/8601
f 8610/8610 8609/8609 8571/8571
f 8574/8574 8571/8571 8609/8609
f 8610/8610 8571/8571 8595/8595
f 8579/8579 8595/8595 8571/8571
f 8610/8610 8595/8595 8607/8607
f 8596/8596 8607/8607 8595/8595
f 8610/8610 8607/8607 8609/8609
f 8608/8608 8609/8609 8607/8607
f 8612/8612 8611/8611 8613/8613
f 8614/8614 8613/8613 8611/8611
f 8612/8612 8613/8613 8615/8615
f 8616/8616 8615/8615 8613/8613
f 8612/8612 8615/8615 8617/8617
f 8618/8618 8617/8617 8615/8615
f 8612/8612 8617/8617 8611/8611
f 8619/8619 8611/8611 8617/8617
f 8621/8621 8620/8620 8622/8622
f 8623/8623 8622/8622 8620/8620
f 8621/8621 8622/8622 8624/8624
f 8625/8625 8624/8624 8622/8622
f 8621/8621 8624/8624 8615/8615
f 8618/8618 8615/8615 8624/8624
f 8621/8621 8615/8615 8620/8620
f 8616/8616 8620/8620 8615/8615
f 8627/8627 8626/8626 8628/8628
f 8629/8629 8628/8628 8626/8626
f 8627/8627 8628/8628 8630/8630
f 8631/8631 8630/8630 8628/8628
f 8627/8627 8630/8630 8624/8624
f 8618/8618 8624/8624 8630/8630
f 8627/8627 8624/8624 8626/8626
f 8625/8625 8626/8626 8624/8624
f 8633/8633 8632/8632 8634/8634
f 8635/8635 8634/8634 8632/8632
f 8633/8633 8634/8634 8617/8617
f 8619/8619 8617/8617 8634/8634
f 8633/8633 8617/8617 8630/8630
f 8618/8618 8630/8630 8617/8617
f 8633/8633 8630/8630 8632/8632
f 8631/8631 8632/8632 8630/8630
f 8637/8637 8636/8636 8638/8638
f 8639/8639 8638/8638 8636/8636
f 8637/8637 8638/8638 8640/8640
f 8641/8641 8640/8640 8638/8638
f 8637/8637 8640/8640 8642/8642
f 8643/8643 8642/8642 8640/8640
f 8637/8637 8642/8642 8636/8636
f 8644/8644 8636/8636 8642/8642
f 8646/8646 8645/8645 8611/8611
f 8614/8614 8611/8611 8645/8645
f 8646/8646 8611/8611 8647/8647
f 8619/8619 8647/8647 8611/8611
f 8646/8646 8647/8647 8640/8640
f 8643/8643 8640/8640 8647/8647
f 8646/8646 8640/8640 8645/8645
f 8641/8641 8645/8645 8640/8640
f 8648/8648 8634/8634 8649/8649
f 8635/8635 8649/8649 8634/8634
f 8648/8648 8649/8649 8650/8650
f 8651/8651 8650/8650 8649/8649
f 8648/8648 8650/8650 8647/8647
f 8643/8643 8647/8647 8650/8650
f 8648/8648 8647/8647 8634/8634
f 8619/8619 8634/8634 8647/8647
f 8653/8653 8652/8652 8654/8654
f 8655/8655 8654/8654 8652/8652
f 8653/8653 8654/8654 8642/8642
f 8644/8644 8642/8642 8654/8654
f 8653/8653 8642/8642 8650/8650
f 8643/8643 8650/8650 8642/8642
f 8653/8653 8650/8650 8652/8652
f 8651/8651 8652/8652 8650/8650
f 8657/8657 8656/8656 8658/8658
f 8659/8659 8658/8658 8656/8656
f 8657/8657 8658/8658 8660/8660
f 8661/8661 8660/8660 8658/8658
f 8657/8657 8660/8660 8662/8662
f 8663/8663 8662/8662 8660/8660
f 8657/8657 8662/8662 8656/8656
f 8664/8664 8656/8656 8662/8662
f 8666/8666 8665/8665 8636/8636
f 8639/8639 8636/8636 8665/8665
f 8666/8666 8636/8636 8667/8667
f 8644/8644 8667/8667 8636/8636
f 8666/8666 8667/8667 8660/8660
f 8663/8663 8660/8660 8667/8667
f 8666/8666 8660/8660 8665/8665
f 8661/8661 8665/8665 8660/8660
f 8668/8668 8654/8654 8669/8669
f 8655/8655 8669/8669 8654/8654
f 8668/8668 8669/8669 8670/8670
f 8671/8671 8670/8670 8669/8669
f 8668/8668 8670/8670 8667/8667
f 8663/8663 8667/8667 8670/8670
f 8668/8668 8667/8667 8654/8654
f 8644/8644 8654/8654 8667/8667
f 8673/8673 8672/8672 8674/8674
f 8675/8675 8674/8674 8672/8672
f 8673/8673 8674/8674 8662/8662
f 8664/8664 8662/8662 8674/8674
f 8673/8673 8662/8662 8670/8670
f 8663/8663 8670/8670 8662/8662
f 8673/8673 8670/8670 8672/8672
f 8671/8671 8672/8672 8670/8670
f 8677/8677 8676/8676 8678/8678
f 8679/8679 8678/8678 8676/8676
f 8677/8677 8678/8678 8680/8680
f 8681/8681 8680/8680 8678/8678
f 8677/8677 8680/8680 8682/8682
f 8683/8683 8682/8682 8680/8680
f 8677/8677 8682/8682 8676/8676
f 8684/8684 8676/8676 8682/8682
f 8686/8686 8685/8685 8656/8656
f 8659/8659 8656/8656 8685/8685
f 8686/8686 8656/8656 8687/8687
f 8664/8664 8687/8687 8656/8656
f 8686/8686 8687/8687 8680/8680
f 8683/8683 8680/8680 8687/8687
f 8686/8686 8680/8680 8685/8685
f 8681/8681 8685/8685 8680/8680
f 8688/8688 8674/8674 8689/8689
f 8675/8675 8689/8689 8674/8674
f 8688/8688 8689/8689 8690/8690
f 8691/8691 8690/8690 8689/8689
f 8688/8688 8690/8690 8687/8687
f 8683/8683 8687/8687 8690/8690
f 8688/8688 8687/8687 8674/8674
f 8664/8664 8674/8674 8687/8687
f 8693/8693 8692/8692 8694/8694
f 8695/8695 8694/8694 8692/8692
f 8693/8693 8694/8694 8682/8682
f 8684/8684 8682/8682 8694/8694
f 8693/8693 8682/8682 8690/8690
f 8683/8683 8690/8690 8682/8682
f 8693/8693 8690/8690 8692/8692
f 8691/8691 8692/8692 8690/8690
f 8696/8696 8694/8694 8697/8697
f 8695/8695 8697/8697 8694/8694
f 8696/8696 8697/8697 8698/8698
f 8699/8699 8698/8698 8697/8697
f 8696/8696 8698/8698 8700/8700
f 8701/8701 8700/8700 8698/8698
f 8696/8696 8700/8700 8694/8694
f 8684/8684 8694/8694 8700/8700
f 8703/8703 8702/8702 8704/8704
f 8705/8705 8704/8704 8702/8702
f 8703/8703 8704/8704 8706/8706
f 8707/8707 8706/8706 8704/8704
f 8703/8703 8706/8706 8698/8698
f 8701/8701 8698/8698 8706/8706
f 8703/8703 8698/8698 8702/8702
f 8699/8699 8702/8702 8698/8698
f 8709/8709 8708/8708 8710/8710
f 8711/8711 8710/8710 8708/8708
f 8709/8709 8710/8710 8712/8712
f 8713/8713 8712/8712 8710/8710
f 8709/8709 8712/8712 8706/8706
f 8701/8701 8706/8706 8712/8712
f 8709/8709 8706/8706 8708/8708
f 8707/8707 8708/8708 8706/8706
f 8715/8715 8714/8714 8676/8676
f 8679/8679 8676/8676 8714/8714
f 8715/8715 8676/8676 8700/8700
f 8684/8684 8700/8700 8676/8676
f 8715/8715 8700/8700 8712/8712
f 8701/8701 8712/8712 8700/8700
f 8715/8715 8712/8712 8714/8714
f 8713/8713 8714/8714 8712/8712
f 8717/8717 8716/8716 8718/8718
f 8719/8719 8718/8718 8716/8716
f 8717/8717 8718/8718 8720/8720
f 8721/8721 8720/8720 8718/8718
f 8717/8717 8720/8720 8722/8722
f 8723/8723 8722/8722 8720/8720
f 8717/8717 8722/8722 8716/8716
f 8724/8724 8716/8716 8722/8722
f 8726/8726 8725/8725 8727/8727
f 8728/8728 8727/8727 8725/8725
f 8726/8726 8727/8727 8729/8729
f 8730/8730 8729/8729 8727/8727
f 8726/8726 8729/8729 8720/8720
f 8723/8723 8720/8720 8729/8729
f 8726/8726 8720/8720 8725/8725
f 8721/8721 8725/8725 8720/8720
f 8732/8732 8731/8731 8733/8733
f 8734/8734 8733/8733 8731/8731
f 8732/8732 8733/8733 8735/8735
f 8736/8736 8735/8735 8733/8733
f 8732/8732 8735/8735 8729/8729
f 8723/8723 8729/8729 8735/8735
f 8732/8732 8729/8729 8731/8731
f 8730/8730 8731/8731 8729/8729
f 8738/8738 8737/8737 8739/8739
f 8740/8740 8739/8739 8737/8737
f 8738/8738 8739/8739 8722/8722
f 8724/8724 8722/8722 8739/8739
f 8738/8738 8722/8722 8735/8735
f 8723/8723 8735/8735 8722/8722
f 8738/8738 8735/8735 8737/8737
f 8736/8736 8737/8737 8735/8735
f 8742/8742 8741/8741 8743/8743
f 8744/8744 8743/8743 8741/8741
f 8742/8742 8743/8743 8745/8745
f 8746/8746 8745/8745 8743/8743
f 8742/8742 8745/8745 8747/8747
f 8748/8748 8747/8747 8745/8745
f 8742/8742 8747/8747 8741/8741
f 8749/8749 8741/8741 8747/8747
f 8751/8751 8750/8750 8716/8716
f 8719/8719 8716/8716 8750/8750
f 8751/8751 8716/8716 8752/8752
f 8724/8724 8752/8752 8716/8716
f 8751/8751 8752/8752 8745/8745
f 8748/8748 8745/8745 8752/8752
f 8751/8751 8745/8745 8750/8750
f 8746/8746 8750/8750 8745/8745
f 8753/8753 8739/8739 8754/8754
f 8740/8740 8754/8754 8739/8739
f 8753/8753 8754/8754 8755/8755
f 8756/8756 8755/8755 8754/8754
f 8753/8753 8755/8755 8752/8752
f 8748/8748 8752/8752 8755/8755
f 8753/8753 8752/8752 8739/8739
f 8724/8724 8739/8739 8752/8752
f 8758/8758 8757/8757 8759/8759
f 8760/8760 8759/8759 8757/8757
f 8758/8758 8759/8759 8747/8747
f 8749/8749 8747/8747 8759/8759
f 8758/8758 8747/8747 8755/8755
f 8748/8748 8755/8755 8747/8747
f 8758/8758 8755/8755 8757/8757
f 8756/8756 8757/8757 8755/8755
f 8762/8762 8761/8761 8763/8763
f 8764/8764 8763/8763 8761/8761
f 8762/8762 8763/8763 8765/8765
f 8766/8766 8765/8765 8763/8763
f 8762/8762 8765/8765 8767/8767
f 8768/8768 8767/8767 8765/8765
f 8762/8762 8767/8767 8761/8761
f 8769/8769 8761/8761 8767/8767
f 8771/8771 8770/8770 8741/8741
f 8744/8744 8741/8741 8770/8770
f 8771/8771 8741/8741 8772/8772
f 8749/8749 8772/8772 8741/8741
f 8771/8771 8772/8772 8765/8765
f 8768/8768 8765/8765 8772/8772
f 8771/8771 8765/8765 8770/8770
f 8766/8766 8770/8770 8765/8765
f 8773/8773 8759/8759 8774/8774
f 8760/8760 8774/8774 8759/8759
f 8773/8773 8774/8774 8775/8775
f 8776/8776 8775/8775 8774/8774
f 8773/8773 8775/8775 8772/8772
f 8768/8768 8772/8772 8775/8775
f 8773/8773 8772/8772 8759/8759
f 8749/8749 8759/8759 8772/8772
f 8778/8778 8777/8777 8779/8779
f 8780/8780 8779/8779 8777/8777
f 8778/8778 8779/8779 8767/8767
f 8769/8769 8767/8767 8779/8779
f 8778/8778 8767/8767 8775/8775
f 8768/8768 8775/8775 8767/8767
f 8778/8778 8775/8775 8777/8777
f 8776/8776 8777/8777 8775/8775
f 8782/8782 8781/8781 8783/8783
f 8784/8784 8783/8783 8781/8781
f 8782/8782 8783/8783 8785/8785
f 8786/8786 8785/8785 8783/8783
f 8782/8782 8785/8785 8787/8787
f 8788/8788 8787/8787 8785/8785
f 8782/8782 8787/8787 8781/8781
f 8789/8789 8781/8781 8787/8787
f 8791/8791 8790/8790 8761/8761
f 8764/8764 8761/8761 8790/8790
f 8791/8791 8761/8761 8792/8792
f 8769/8769 8792/8792 8761/8761
f 8791/8791 8792/8792 8785/8785
f 8788/8788 8785/8785 8792/8792
f 8791/8791 8785/8785 8790/8790
f 8786/8786 8790/8790 8785/8785
f 8793/8793 8779/8779 8794/8794
f 8780/8780 8794/8794 8779/8779
f 8793/8793 8794/8794 8795/8795
f 8796/8796 8795/8795 8794/8794
f 8793/8793 8795/8795 8792/8792
f 8788/8788 8792/8792 8795/8795
f 8793/8793 8792/8792 8779/8779
f 8769/8769 8779/8779 8792/8792
f 8798/8798 8797/8797 8799/8799
f 8800/8800 8799/8799 8797/8797
f 8798/8798 8799/8799 8787/8787
f 8789/8789 8787/8787 8799/8799
f 8798/8798 8787/8787 8795/8795
f 8788/8788 8795/8795 8787/8787
f 8798/8798 8795/8795 8797/8797
f 8796/8796 8797/8797 8795/8795
f 8801/8801 8799/8799 8802/8802
f 8800/8800 8802/8802 8799/8799
f 8801/8801 8802/8802 8803/8803
f 8804/8804 8803/8803 8802/8802
f 8801/8801 8803/8803 8805/8805
f 8806/8806 8805/8805 8803/8803
f 8801/8801 8805/8805 8799/8799
f 8789/8789 8799/8799 8805/8805
f 8808/8808 8807/8807 8809/8809
f 8810/8810 8809/8809 8807/8807
f 8808/8808 8809/8809 8811/8811
f 8812/8812 8811/8811 8809/8809
f 8808/8808 8811/8811 8803/8803
f 8806/8806 8803/8803 8811/8811
f 8808/8808 8803/8803 8807/8807
f 8804/8804 8807/8807 8803/8803
f 8814/8814 8813/8813 8815/8815
f 8816/8816 8815/8815 8813/8813
f 8814/8814 8815/8815 8817/8817
f 8818/8818 8817/8817 8815/8815
f 8814/8814 8817/8817 8811/8811
f 8806/8806 8811/8811 8817/8817
f 8814/8814 8811/8811 8813/8813
f 8812/8812 8813/8813 8811/8811
f 8820/8820 8819/8819 8781/8781
f 8784/8784 8781/8781 8819/8819
f 8820/8820 8781/8781 8805/8805
f 8789/8789 8805/8805 8781/8781
f 8820/8820 8805/8805 8817/8817
f 8806/8806 8817/8817 8805/8805
f 8820/8820 8817/8817 8819/8819
f 8818/8818 8819/8819 8817/8817
f 8822/8822 8821/8821 8823/8823
f 8824/8824 8823/8823 8821/8821
f 8822/8822 8823/8823 8825/8825
f 8826/8826 8825/8825 8823/8823
f 8822/8822 8825/8825 8827/8827
f 8828/8828 8827/8827 8825/8825
f 8822/8822 8827/8827 8821/8821
f 8829/8829 8821/8821 8827/8827
f 8831/8831 8830/8830 8832/8832
f 8833/8833 8832/8832 8830/8830
f 8831/8831 8832/8832 8834/8834
f 8835/8835 8834/8834 8832/8832
f 8831/8831 8834/8834 8825/8825
f 8828/8828 8825/8825 8834/8834
f 8831/8831 8825/8825 8830/8830
f 8826/8826 8830/8830 8825/8825
f 8837/8837 8836/8836 8838/8838
f 8839/8839 8838/8838 8836/8836
f 8837/8837 8838/8838 8840/8840
f 8841/8841 8840/8840 8838/8838
f 8837/8837 8840/8840 8834/8834
f 8828/8828 8834/8834 8840/8840
f 8837/8837 8834/8834 8836/8836
f 8835/8835 8836/8836 8834/8834
f 8843/8843 8842/8842 8844/8844
f 8845/8845 8844/8844 8842/8842
f 8843/8843 8844/8844 8827/8827
f 8829/8829 8827/8827 8844/8844
f 8843/8843 8827/8827 8840/8840
f 8828/8828 8840/8840 8827/8827
f 8843/8843 8840/8840 8842/8842
f 8841/8841 8842/8842 8840/8840
f 8847/8847 8846/8846 8848/8848
f 8849/8849 8848/8848 8846/8846
f 8847/8847 8848/8848 8850/8850
f 8851/8851 8850/8850 8848/8848
f 8847/8847 8850/8850 8852/8852
f 8853/8853 8852/8852 8850/8850
f 8847/8847 8852/8852 8846/8846
f 8854/8854 8846/8846 8852/8852
f 8856/8856 8855/8855 8821/8821
f 8824/8824 8821/8821 8855/8855
f 8856/8856 8821/8821 8857/8857
f 8829/8829 8857/8857 8821/8821
f 8856/8856 8857/8857 8850/8850
f 8853/8853 8850/8850 8857/8857
f 8856/8856 8850/8850 8855/8855
f 8851/8851 8855/8855 8850/8850
f 8858/8858 8844/8844 8859/8859
f 8845/8845 8859/8859 8844/8844
f 8858/8858 8859/8859 8860/8860
f 8861/8861 8860/8860 8859/8859
f 8858/8858 8860/8860 8857/8857
f 8853/8853 8857/8857 8860/8860
f 8858/8858 8857/8857 8844/8844
f 8829/8829 8844/8844 8857/8857
f 8863/8863 8862/8862 8864/8864
f 8865/8865 8864/8864 8862/8862
f 8863/8863 8864/8864 8852/8852
f 8854/8854 8852/8852 8864/8864
f 8863/8863 8852/8852 8860/8860
f 8853/8853 8860/8860 8852/8852
f 8863/8863 8860/8860 8862/8862
f 8861/8861 8862/8862 8860/8860
f 8867/8867 8866/8866 8868/8868
f 8869/8869 8868/8868 8866/8866
f 8867/8867 8868/8868 8870/8870
f 8871/8871 8870/8870 8868/8868
f 8867/8867 8870/8870 8872/8872
f 8873/8873 8872/8872 8870/8870
f 8867/8867 8872/8872 8866/8866
f 8874/8874 8866/8866 8872/8872
f 8876/8876 8875/8875 8846/8846
f 8849/8849 8846/8846 8875/8875
f 8876/8876 8846/8846 8877/8877
f 8854/8854 8877/8877 8846/8846
f 8876/8876 8877/8877 8870/8870
f 8873/8873 8870/8870 8877/8877
f 8876/8876 8870/8870 8875/8875
f 8871/8871 8875/8875 8870/8870
f 8878/8878 8864/8864 8879/8879
f 8865/8865 8879/8879 8864/8864
f 8878/8878 8879/8879 8880/8880
f 8881/8881 8880/8880 8879/8879
f 8878/8878 8880/8880 8877/8877
f 8873/8873 8877/8877 8880/8880
f 8878/8878 8877/8877 8864/8864
f 8854/8854 8864/8864 8877/8877
f 8883/8883 8882/8882 8884/8884
f 8885/8885 8884/8884 8882/8882
f 8883/8883 8884/8884 8872/8872
f 8874/8874 8872/8872 8884/8884
f 8883/8883 8872/8872 8880/8880
f 8873/8873 8880/8880 8872/8872
f 8883/8883 8880/8880 8882/8882
f 8881/8881 8882/8882 8880/8880
f 8887/8887 8886/8886 8888/8888
f 8889/8889 8888/8888 8886/8886
f 8887/8887 8888/8888 8890/8890
f 8891/8891 8890/8890 8888/8888
f 8887/8887 8890/8890 8892/8892
f 8893/8893 8892/8892 8890/8890
f 8887/8887 8892/8892 8886/8886
f 8894/8894 8886/8886 8892/8892
f 8896/8896 8895/8895 8866/8866
f 8869/8869 8866/8866 8895/8895
f 8896/8896 8866/8866 8897/8897
f 8874/8874 8897/8897 8866/8866
f 8896/8896 8897/8897 8890/8890
f 8893/8893 8890/8890 8897/8897
f 8896/8896 8890/8890 8895/8895
f 8891/8891 8895/8895 8890/8890
f 8898/8898 8884/8884 8899/8899
f 8885/8885 8899/8899 8884/8884
f 8898/8898 8899/8899 8900/8900
f 8901/8901 8900/8900 8899/8899
f 8898/8898 8900/8900 8897/8897
f 8893/8893 8897/8897 8900/8900
f 8898/8898 8897/8897 8884/8884
f 8874/8874 8884/8884 8897/8897
f 8903/8903 8902/8902 8904/8904
f 8905/8905 8904/8904 8902/8902
f 8903/8903 8904/8904 8892/8892
f 8894/8894 8892/8892 8904/8904
f 8903/8903 8892/8892 8900/8900
f 8893/8893 8900/8900 8892/8892
f 8903/8903 8900/8900 8902/8902
f 8901/8901 8902/8902 8900/8900
f 8906/8906 8904/8904 8907/8907
f 8905/8905 8907/8907 8904/8904
f 8906/8906 8907/8907 8908/8908
f 8909/8909 8908/8908 8907/8907
f 8906/8906 8908/8908 8910/8910
f 8911/8911 8910/8910 8908/8908
f 8906/8906 8910/8910 8904/8904
f 8894/8894 8904/8904 8910/8910
f 8913/8913 8912/8912 8914/8914
f 8915/8915 8914/8914 8912/8912
f 8913/8913 8914/8914 8916/8916
f 8917/8917 8916/8916 8914/8914
f 8913/8913 8916/8916 8908/8908
f 8911/8911 8908/8908 8916/8916
f 8913/8913 8908/8908 8912/8912
f 8909/8909 8912/8912 8908/8908
f 8919/8919 8918/8918 8920/8920
f 8921/8921 8920/8920 8918/8918
f 8919/8919 8920/8920 8922/8922
f 8923/8923 8922/8922 8920/8920
f 8919/8919 8922/8922 8916/8916
f 8911/8911 8916/8916 8922/8922
f 8919/8919 8916/8916 8918/8918
f 8917/8917 8918/8918 8916/8916
f 8925/8925 8924/8924 8886/8886
f 8889/8889 8886/8886 8924/8924
f 8925/8925 8886/8886 8910/8910
f 8894/8894 8910/8910 8886/8886
f 8925/8925 8910/8910 8922/8922
f 8911/8911 8922/8922 8910/8910
f 8925/8925 8922/8922 8924/8924
f 8923/8923 8924/8924 8922/8922
f 8927/8927 8926/8926 8928/8928
f 8929/8929 8928/8928 8926/8926
f 8927/8927 8928/8928 8930/8930
f 8931/8931 8930/8930 8928/8928
f 8927/8927 8930/8930 8932/8932
f 8933/8933 8932/8932 8930/8930
f 8927/8927 8932/8932 8926/8926
f 8934/8934 8926/8926 8932/8932
f 8936/8936 8935/8935 8937/8937
f 8938/8938 8937/8937 8935/8935
f 8936/8936 8937/8937 8939/8939
f 8940/8940 8939/8939 8937/8937
f 8936/8936 8939/8939 8930/8930
f 8933/8933 8930/8930 8939/8939
f 8936/8936 8930/8930 8935/8935
f 8931/8931 8935/8935 8930/8930
f 8942/8942 8941/8941 8943/8943
f 8944/8944 8943/8943 8941/8941
f 8942/8942 8943/8943 8945/8945
f 8946/8946 8945/8945 8943/8943
f 8942/8942 8945/8945 8939/8939
f 8933/8933 8939/8939 8945/8945
f 8942/8942 8939/8939 8941/8941
f 8940/8940 8941/8941 8939/8939
f 8948/8948 8947/8947 8949/8949
f 8950/8950 8949/8949 8947/8947
f 8948/8948 8949/8949 8932/8932
f 8934/8934 8932/8932 8949/8949
f 8948/8948 8932/8932 8945/8945
f 8933/8933 8945/8945 8932/8932
f 8948/8948 8945/8945 8947/8947
f 8946/8946 8947/8947 8945/8945
f 8952/8952 8951/8951 8953/8953
f 8954/8954 8953/8953 8951/8951
f 8952/8952 8953/8953 8955/8955
f 8956/8956 8955/8955 8953/8953
f 8952/8952 8955/8955 8957/8957
f 8958/8958 8957/8957 8955/8955
f 8952/8952 8957/8957 8951/8951
f 8959/8959 8951/8951 8957/8957
f 8961/8961 8960/8960 8926/8926
f 8929/8929 8926/8926 8960/8960
f 8961/8961 8926/8926 8962/8962
f 8934/8934 8962/8962 8926/8926
f 8961/8961 8962/8962 8955/8955
f 8958/8958 8955/8955 8962/8962
f 8961/8961 8955/8955 8960/8960
f 8956/8956 8960/8960 8955/8955
f 8963/8963 8949/8949 8964/8964
f 8950/8950 8964/8964 8949/8949
f 8963/8963 8964/8964 8965/8965
f 8966/8966 8965/8965 8964/8964
f 8963/8963 8965/8965 8962/8962
f 8958/8958 8962/8962 8965/8965
f 8963/8963 8962/8962 8949/8949
f 8934/8934 8949/8949 8962/8962
f 8968/8968 8967/8967 8969/8969
f 8970/8970 8969/8969 8967/8967
f 8968/8968 8969/8969 8957/8957
f 8959/8959 8957/8957 8969/8969
f 8968/8968 8957/8957 8965/8965
f 8958/8958 8965/8965 8957/8957
f 8968/8968 8965/8965 8967/8967
f 8966/8966 8967/8967 8965/8965
f 8972/8972 8971/8971 8973/8973
f 8974/8974 8973/8973 8971/8971
f 8972/8972 8973/8973 8975/8975
f 8976/8976 8975/8975 8973/8973
f 8972/8972 8975/8975 8977/8977
f 8978/8978 8977/8977 8975/8975
f 8972/8972 8977/8977 8971/8971
f 8979/8979 8971/8971 8977/8977
f 8981/8981 8980/8980 8951/8951
f 8954/8954 8951/8951 8980/8980
f 8981/8981 8951/8951 8982/8982
f 8959/8959 8982/8982 8951/8951
f 8981/8981 8982/8982 8975/8975
f 8978/8978 8975/8975 8982/8982
f 8981/8981 8975/8975 8980/8980
f 8976/8976 8980/8980 8975/8975
f 8983/8983 8969/8969 8984/8984
f 8970/8970 8984/8984 8969/8969
f 8983/8983 8984/8984 8985/8985
f 8986/8986 8985/8985 8984/8984
f 8983/8983 8985/8985 8982/8982
f 8978/8978 8982/8982 8985/8985
f 8983/8983 8982/8982 8969/8969
f 8959/8959 8969/8969 8982/8982
f 8988/8988 8987/8987 8989/8989
f 8990/8990 8989/8989 8987/8987
f 8988/8988 8989/8989 8977/8977
f 8979/8979 8977/8977 8989/8989
f 8988/8988 8977/8977 8985/8985
f 8978/8978 8985/8985 8977/8977
f 8988/8988 8985/8985 8987/8987
f 8986/8986 8987/8987 8985/8985
f 8992/8992 8991/8991 8993/8993
f 8994/8994 8993/8993 8991/8991
f 8992/8992 8993/8993 8995/8995
f 8996/8996 8995/8995 8993/8993
f 8992/8992 8995/8995 8997/8997
f 8998/8998 8997/8997 8995/8995
f 8992/8992 8997/8997 8991/8991
f 8999/8999 8991/8991 8997/8997
f 9001/9001 9000/9000 8971/8971
f 8974/8974 8971/8971 9000/9000
f 9001/9001 8971/8971 9002/9002
f 8979/8979 9002/9002 8971/8971
f 9001/9001 9002/9002 8995/8995
f 8998/8998 8995/8995 9002/9002
f 9001/9001 8995/8995 9000/9000
f 8996/8996 9000/9000 8995/8995
f 9003/9003 8989/8989 9004/9004
f 8990/8990 9004/9004 8989/8989
f 9003/9003 9004/9004 9005/9005
f 9006/9006 9005/9005 9004/9004
f 9003/9003 9005/9005 9002/9002
f 8998/8998 9002/9002 9005/9005
f 9003/9003 9002/9002 8989/8989
f 8979/8979 8989/8989 9002/9002
f 9008/9008 9007/9007 9009/9009
f 9010/9010 9009/9009 9007/9007
f 9008/9008 9009/9009 8997/8997
f 8999/8999 8997/8997 9009/9009
f 9008/9008 8997/8997 9005/9005
f 8998/8998 9005/9005 8997/8997
f 9008/9008 9005/9005 9007/9007
f 9006/9006 9007/9007 9005/9005
f 9011/9011 9009/9009 9012/9012
f 9010/9010 9012/9012 9009/9009
f 9011/9011 9012/9012 9013/9013
f 9014/9014 9013/9013 9012/9012
f 9011/9011 9013/9013 9015/9015
f 9016/9016 9015/9015 9013/9013
f 9011/9011 9015/9015 9009/9009
f 8999/8999 9009/9009 9015/9015
f 9018/9018 9017/9017 9019/9019
f 9020/9020 9019/9019 9017/9017
f 9018/9018 9019/9019 9021/9021
f 9022/9022 9021/9021 9019/9019
f 9018/9018 9021/9021 9013/9013
f 9016/9016 9013/9013 9021/9021
f 9018/9018 9013/9013 9017/9017
f 9014/9014 9017/9017 9013/9013
f 9024/9024 9023/9023 9025/9025
f 9026/9026 9025/9025 9023/9023
f 9024/9024 9025/9025 9027/9027
f 9028/9028 9027/9027 9025/9025
f 9024/9024 9027/9027 9021/9021
f 9016/9016 9021/9021 9027/9027
f 9024/9024 9021/9021 9023/9023
f 9022/9022 9023/9023 9021/9021
f 9030/9030 9029/9029 8991/8991
f 8994/8994 8991/8991 9029/9029
f 9030/9030 8991/8991 9015/9015
f 8999/8999 9015/9015 8991/8991
f 9030/9030 9015/9015 9027/9027
f 9016/9016 9027/9027 9015/9015
f 9030/9030 9027/9027 9029/9029
f 9028/9028 9029/9029 9027/9027
f 9032/9032 9031/9031 9033/9033
f 9034/9034 9033/9033 9031/9031
f 9032/9032 9033/9033 9035/9035
f 9036/9036 9035/9035 9033/9033
f 9032/9032 9035/9035 9037/9037
f 9038/9038 9037/9037 9035/9035
f 9032/9032 9037/9037 9031/9031
f 9039/9039 9031/9031 9037/9037
f 9041/9041 9040/9040 9042/9042
f 9043/9043 9042/9042 9040/9040
f 9041/9041 9042/9042 9044/9044
f 9045/9045 9044/9044 9042/9042
f 9041/9041 9044/9044 9035/9035
f 9038/9038 9035/9035 9044/9044
f 9041/9041 9035/9035 9040/9040
f 9036/9036 9040/9040 9035/9035
f 9047/9047 9046/9046 9048/9048
f 9049/9049 9048/9048 9046/9046
f 9047/9047 9048/9048 9050/9050
f 9051/9051 9050/9050 9048/9048
f 9047/9047 9050/9050 9044/9044
f 9038/9038 9044/9044 9050/9050
f 9047/9047 9044/9044 9046/9046
f 9045/9045 9046/9046 9044/9044
f 9053/9053 9052/9052 9054/9054
f 9055/9055 9054/9054 9052/9052
f 9053/9053 9054/9054 9037/9037
f 9039/9039 9037/9037 9054/9054
f 9053/9053 9037/9037 9050/9050
f 9038/9038 9050/9050 9037/9037
f 9053/9053 9050/9050 9052/9052
f 9051/9051 9052/9052 9050/9050
f 9057/9057 9056/9056 9058/9058
f 9059/9059 9058/9058 9056/9056
f 9057/9057 9058/9058 9060/9060
f 9061/9061 9060/9060 9058/9058
f 9057/9057 9060/9060 9062/9062
f 9063/9063 9062/9062 9060/9060
f 9057/9057 9062/9062 9056/9056
f 9064/9064 9056/9056 9062/9062
f 9066/9066 9065/9065 9031/9031
f 9034/9034 9031/9031 9065/9065
f 9066/9066 9031/9031 9067/9067
f 9039/9039 9067/9067 9031/9031
f 9066/9066 9067/9067 9060/9060
f 9063/9063 9060/9060 9067/9067
f 9066/9066 9060/9060 9065/9065
f 9061/9061 9065/9065 9060/9060
f 9068/9068 9054/9054 9069/9069
f 9055/9055 9069/9069 9054/9054
f 9068/9068 9069/9069 9070/9070
f 9071/9071 9070/9070 9069/9069
f 9068/9068 9070/9070 9067/9067
f 9063/9063 9067/9067 9070/9070
f 9068/9068 9067/9067 9054/9054
f 9039/9039 9054/9054 9067/9067
f 9073/9073 9072/9072 9074/9074
f 9075/9075 9074/9074 9072/9072
f 9073/9073 9074/9074 9062/9062
f 9064/9064 9062/9062 9074/9074
f 9073/9073 9062/9062 9070/9070
f 9063/9063 9070/9070 9062/9062
f 9073/9073 9070/9070 9072/9072
f 9071/9071 9072/9072 9070/9070
f 9077/9077 9076/9076 9078/9078
f 9079/9079 9078/9078 9076/9076
f 9077/9077 9078/9078 9080/9080
f 9081/9081 9080/9080 9078/9078
f 9077/9077 9080/9080 9082/9082
f 9083/9083 9082/9082 9080/9080
f 9077/9077 9082/9082 9076/9076
f 9084/9084 9076/9076 9082/9082
f 9086/9086 9085/9085 9056/9056
f 9059/9059 9056/9056 9085/9085
f 9086/9086 9056/9056 9087/9087
f 9064/9064 9087/9087 9056/9056
f 9086/9086 9087/9087 9080/9080
f 9083/9083 9080/9080 9087/9087
f 9086/9086 9080/9080 9085/9085
f 9081/9081 9085/9085 9080/9080
f 9088/9088 9074/9074 9089/9089
f 9075/9075 9089/9089 9074/9074
f 9088/9088 9089/9089 9090/9090
f 9091/9091 9090/9090 9089/9089
f 9088/9088 9090/9090 9087/9087
f 9083/9083 9087/9087 9090/9090
f 9088/9088 9087/9087 9074/9074
f 9064/9064 9074/9074 9087/9087
f 9093/9093 9092/9092 9094/9094
f 9095/9095 9094/9094 9092/9092
f 9093/9093 9094/9094 9082/9082
f 9084/9084 9082/9082 9094/9094
f 9093/9093 9082/9082 9090/9090
f 9083/9083 9090/9090 9082/9082
f 9093/9093 9090/9090 9092/9092
f 9091/9091 9092/9092 9090/9090
f 9097/9097 9096/9096 9098/9098
f 9099/9099 9098/9098 9096/9096
f 9097/9097 9098/9098 9100/9100
f 9101/9101 9100/9100 9098/9098
f 9097/9097 9100/9100 9102/9102
f 9103/9103 9102/9102 9100/9100
f 9097/9097 9102/9102 9096/9096
f 9104/9104 9096/9096 9102/9102
f 9106/9106 9105/9105 9076/9076
f 9079/9079 9076/9076 9105/9105
f 9106/9106 9076/9076 9107/9107
f 9084/9084 9107/9107 9076/9076
f 9106/9106 9107/9107 9100/9100
f 9103/9103 9100/9100 9107/9107
f 9106/9106 9100/9100 9105/9105
f 9101/9101 9105/9105 9100/9100
f 9108/9108 9094/9094 9109/9109
f 9095/9095 9109/9109 9094/9094
f 9108/9108 9109/9109 9110/9110
f 9111/9111 9110/9110 9109/9109
f 9108/9108 9110/9110 9107/9107
f 9103/9103 9107/9107 9110/9110
f 9108/9108 9107/9107 9094/9094
f 9084/9084 9094/9094 9107/9107
f 9113/9113 9112/9112 9114/9114
f 9115/9115 9114/9114 9112/9112
f 9113/9113 9114/9114 9102/9102
f 9104/9104 9102/9102 9114/9114
f 9113/9113 9102/9102 9110/9110
f 9103/9103 9110/9110 9102/9102
f 9113/9113 9110/9110 9112/9112
f 9111/9111 9112/9112 9110/9110
f 9116/9116 9114/9114 9117/9117
f 9115/9115 9117/9117 9114/9114
f 9116/9116 9117/9117 9118/9118
f 9119/9119 9118/9118 9117/9117
f 9116/9116 9118/9118 9120/9120
f 9121/9121 9120/9120 9118/9118
f 9116/9116 9120/9120 9114/9114
f 9104/9104 9114/9114 9120/9120
f 9123/9123 9122/9122 9124/9124
f 9125/9125 9124/9124 9122/9122
f 9123/9123 9124/9124 9126/9126
f 9127/9127 9126/9126 9124/9124
f 9123/9123 9126/9126 9118/9118
f 9121/9121 9118/9118 9126/9126
f 9123/9123 9118/9118 9122/9122
f 9119/9119 9122/9122 9118/9118
f 9129/9129 9128/9128 9130/9130
f 9131/9131 9130/9130 9128/9128
f 9129/9129 9130/9130 9132/9132
f 9133/9133 9132/9132 9130/9130
f 9129/9129 9132/9132 9126/9126
f 9121/9121 9126/9126 9132/9132
f 9129/9129 9126/9126 9128/9128
f 9127/9127 9128/9128 9126/9126
f 9135/9135 9134/9134 9096/9096
f 9099/9099 9096/9096 9134/9134
f 9135/9135 9096/9096 9120/9120
f 9104/9104 9120/9120 9096/9096
f 9135/9135 9120/9120 9132/9132
f 9121/9121 9132/9132 9120/9120
f 9135/9135 9132/9132 9134/9134
f 9133/9133 9134/9134 9132/9132
f 9137/9137 9136/9136 9138/9138
f 9139/9139 9138/9138 9136/9136
f 9137/9137 9138/9138 9140/9140
f 9141/9141 9140/9140 9138/9138
f 9137/9137 9140/9140 9142/9142
f 9143/9143 9142/9142 9140/9140
f 9137/9137 9142/9142 9136/9136
f 9144/9144 9136/9136 9142/9142
f 9146/9146 9145/9145 9147/9147
f 9148/9148 9147/9147 9145/9145
f 9146/9146 9147/9147 9149/9149
f 9150/9150 9149/9149 9147/9147
f 9146/9146 9149/9149 9140/9140
f 9143/9143 9140/9140 9149/9149
f 9146/9146 9140/9140 9145/9145
f 9141/9141 9145/9145 9140/9140
f 9152/9152 9151/9151 9153/9153
f 9154/9154 9153/9153 9151/9151
f 9152/9152 9153/9153 9155/9155
f 9156/9156 9155/9155 9153/9153
f 9152/9152 9155/9155 9149/9149
f 9143/9143 9149/9149 9155/9155
f 9152/9152 9149/9149 9151/9151
f 9150/9150 9151/9151 9149/9149
f 9158/9158 9157/9157 9159/9159
f 9160/9160 9159/9159 9157/9157
f 9158/9158 9159/9159 9142/9142
f 9144/9144 9142/9142 9159/9159
f 9158/9158 9142/9142 9155/9155
f 9143/9143 9155/9155 9142/9142
f 9158/9158 9155/9155 9157/9157
f 9156/9156 9157/9157 9155/9155
f 9162/9162 9161/9161 9163/9163
f 9164/9164 9163/9163 9161/9161
f 9162/9162 9163/9163 9165/9165
f 9166/9166 9165/9165 9163/9163
f 9162/9162 9165/9165 9167/9167
f 9168/9168 9167/9167 9165/9165
f 9162/9162 9167/9167 9161/9161
f 9169/9169 9161/9161 9167/9167
f 9171/9171 9170/9170 9136/9136
f 9139/9139 9136/9136 9170/9170
f 9171/9171 9136/9136 9172/9172
f 9144/9144 9172/9172 9136/9136
f 9171/9171 9172/9172 9165/9165
f 9168/9168 9165/9165 9172/9172
f 9171/9171 9165/9165 9170/9170
f 9166/9166 9170/9170 9165/9165
f 9173/9173 9159/9159 9174/9174
f 9160/9160 9174/9174 9159/9159
f 9173/9173 9174/9174 9175/9175
f 9176/9176 9175/9175 9174/9174
f 9173/9173 9175/9175 9172/9172
f 9168/9168 9172/9172 9175/9175
f 9173/9173 9172/9172 9159/9159
f 9144/9144 9159/9159 9172/9172
f 9178/9178 9177/9177 9179/9179
f 9180/9180 9179/9179 9177/9177
f 9178/9178 9179/9179 9167/9167
f 9169/9169 9167/9167 9179/9179
f 9178/9178 9167/9167 9175/9175
f 9168/9168 9175/9175 9167/9167
f 9178/9178 9175/9175 9177/9177
f 9176/9176 9177/9177 9175/9175
f 9182/9182 9181/9181 9183/9183
f 9184/9184 9183/9183 9181/9181
f 9182/9182 9183/9183 9185/9185
f 9186/9186 9185/9185 9183/9183
f 9182/9182 9185/9185 9187/9187
f 9188/9188 9187/9187 9185/9185
f 9182/9182 9187/9187 9181/9181
f 9189/9189 9181/9181 9187/9187
f 9191/9191 9190/9190 9161/9161
f 9164/9164 9161/9161 9190/9190
f 9191/9191 9161/9161 9192/9192
f 9169/9169 9192/9192 9161/9161
f 9191/9191 9192/9192 9185/9185
f 9188/9188 9185/9185 9192/9192
f 9191/9191 9185/9185 9190/9190
f 9186/9186 9190/9190 9185/9185
f 9193/9193 9179/9179 9194/9194
f 9180/9180 9194/9194 9179/9179
f 9193/9193 9194/9194 9195/9195
f 9196/9196 9195/9195 9194/9194
f 9193/9193 9195/9195 9192/9192
f 9188/9188 9192/9192 9195/9195
f 9193/9193 9192/9192 9179/9179
f 9169/9169 9179/9179 9192/9192
f 9198/9198 9197/9197 9199/9199
f 9200/9200 9199/9199 9197/9197
f 9198/9198 9199/9199 9187/9187
f 9189/9189 9187/9187 9199/9199
f 9198/9198 9187/9187 9195/9195
f 9188/9188 9195/9195 9187/9187
f 9198/9198 9195/9195 9197/9197
f 9196/9196 9197/9197 9195/9195
f 9202/9202 9201/9201 9203/9203
f 9204/9204 9203/9203 9201/9201
f 9202/9202 9203/9203 9205/9205
f 9206/9206 9205/9205 9203/9203
f 9202/9202 9205/9205 9207/9207
f 9208/9208 9207/9207 9205/9205
f 9202/9202 9207/9207 9201/9201
f 9209/9209 9201/9201 9207/9207
f 9211/9211 9210/9210 9181/9181
f 9184/9184 9181/9181 9210/9210
f 9211/9211 9181/9181 9212/9212
f 9189/9189 9212/9212 9181/9181
f 9211/9211 9212/9212 9205/9205
f 9208/9208 9205/9205 9212/9212
f 9211/9211 9205/9205 9210/9210
f 9206/9206 9210/9210 9205/9205
f 9213/9213 9199/9199 9214/9214
f 9200/9200 9214/9214 9199/9199
f 9213/9213 9214/9214 9215/9215
f 9216/9216 9215/9215 9214/9214
f 9213/9213 9215/9215 9212/9212
f 9208/9208 9212/9212 9215/9215
f 9213/9213 9212/9212 9199/9199
f 9189/9189 9199/9199 9212/9212
f 9218/9218 9217/9217 9219/9219
f 9220/9220 9219/9219 9217/9217
f 9218/9218 9219/9219 9207/9207
f 9209/9209 9207/9207 9219/9219
f 9218/9218 9207/9207 9215/9215
f 9208/9208 9215/9215 9207/9207
f 9218/9218 9215/9215 9217/9217
f 9216/9216 9217/9217 9215/9215
f 9221/9221 9219/9219 9222/9222
f 9220/9220 9222/9222 9219/9219
f 9221/9221 9222/9222 9223/9223
f 9224/9224 9223/9223 9222/9222
f 9221/9221 9223/9223 9225/9225
f 9226/9226 9225/9225 9223/9223
f 9221/9221 9225/9225 9219/9219
f 9209/9209 9219/9219 9225/9225
f 9228/9228 9227/9227 9229/9229
f 9230/9230 9229/9229 9227/9227
f 9228/9228 9229/9229 9231/9231
f 9232/9232 9231/9231 9229/9229
f 9228/9228 9231/9231 9223/9223
f 9226/9226 9223/9223 9231/9231
f 9228/9228 9223/9223 9227/9227
f 9224/9224 9227/9227 9223/9223
f 9234/9234 9233/9233 9235/9235
f 9236/9236 9235/9235 9233/9233
f 9234/9234 9235/9235 9237/9237
f 9238/9238 9237/9237 9235/9235
f 9234/9234 9237/9237 9231/9231
f 9226/9226 9231/9231 9237/9237
f 9234/9234 9231/9231 9233/9233
f 9232/9232 9233/9233 9231/9231
f 9240/9240 9239/9239 9201/9201
f 9204/9204 9201/9201 9239/9239
f 9240/9240 9201/9201 9225/9225
f 9209/9209 9225/9225 9201/9201
f 9240/9240 9225/9225 9237/9237
f 9226/9226 9237/9237 9225/9225
f 9240/9240 9237/9237 9239/9239
f 9238/9238 9239/9239 9237/9237
f 9242/9242 9241/9241 9243/9243
f 9244/9244 9243/9243 9241/9241
f 9242/9242 9243/9243 9245/9245
f 9246/9246 9245/9245 9243/9243
f 9242/9242 9245/9245 9247/9247
f 9248/9248 9247/9247 9245/9245
f 9242/9242 9247/9247 9241/9241
f 9249/9249 9241/9241 9247/9247
f 9251/9251 9250/9250 9252/9252
f 9253/9253 9252/9252 9250/9250
f 9251/9251 9252/9252 9254/9254
f 9255/9255 9254/9254 9252/9252
f 9251/9251 9254/9254 9245/9245
f 9248/9248 9245/9245 9254/9254
f 9251/9251 9245/9245 9250/9250
f 9246/9246 9250/9250 9245/9245
f 9257/9257 9256/9256 9258/9258
f 9259/9259 9258/9258 9256/9256
f 9257/9257 9258/9258 9260/9260
f 9261/9261 9260/9260 9258/9258
f 9257/9257 9260/9260 9254/9254
f 9248/9248 9254/9254 9260/9260
f 9257/9257 9254/9254 9256/9256
f 9255/9255 9256/9256 9254/9254
f 9263/9263 9262/9262 9264/9264
f 9265/9265 9264/9264 9262/9262
f 9263/9263 9264/9264 9247/9247
f 9249/9249 9247/9247 9264/9264
f 9263/9263 9247/9247 9260/9260
f 9248/9248 9260/9260 9247/9247
f 9263/9263 9260/9260 9262/9262
f 9261/9261 9262/9262 9260/9260
f 9267/9267 9266/9266 9268/9268
f 9269/9269 9268/9268 9266/9266
f 9267/9267 9268/9268 9270/9270
f 9271/9271 9270/9270 9268/9268
f 9267/9267 9270/9270 9272/9272
f 9273/9273 9272/9272 9270/9270
f 9267/9267 9272/9272 9266/9266
f 9274/9274 9266/9266 9272/9272
f 9276/9276 9275/9275 9241/9241
f 9244/9244 9241/9241 9275/9275
f 9276/9276 9241/9241 9277/9277
f 9249/9249 9277/9277 9241/9241
f 9276/9276 9277/9277 9270/9270
f 9273/9273 9270/9270 9277/9277
f 9276/9276 9270/9270 9275/9275
f 9271/9271 9275/9275 9270/9270
f 9278/9278 9264/9264 9279/9279
f 9265/9265 9279/9279 9264/9264
f 9278/9278 9279/9279 9280/9280
f 9281/9281 9280/9280 9279/9279
f 9278/9278 9280/9280 9277/9277
f 9273/9273 9277/9277 9280/9280
f 9278/9278 9277/9277 9264/9264
f 9249/9249 9264/9264 9277/9277
f 9283/9283 9282/9282 9284/9284
f 9285/9285 9284/9284 9282/9282
f 9283/9283 9284/9284 9272/9272
f 9274/9274 9272/9272 9284/9284
f 9283/9283 9272/9272 9280/9280
f 9273/9273 9280/9280 9272/9272
f 9283/9283 9280/9280 9282/9282
f 9281/9281 9282/9282 9280/9280
f 9287/9287 9286/9286 9288/9288
f 9289/9289 9288/9288 9286/9286
f 9287/9287 9288/9288 9290/9290
f 9291/9291 9290/9290 9288/9288
f 9287/9287 9290/9290 9292/9292
f 9293/9293 9292/9292 9290/9290
f 9287/9287 9292/9292 9286/9286
f 9294/9294 9286/9286 9292/9292
f 9296/9296 9295/9295 9266/9266
f 9269/9269 9266/9266 9295/9295
f 9296/9296 9266/9266 9297/9297
f 9274/9274 9297/9297 9266/9266
f 9296/9296 9297/9297 9290/9290
f 9293/9293 9290/9290 9297/9297
f 9296/9296 9290/9290 9295/9295
f 9291/9291 9295/9295 9290/9290
f 9298/9298 9284/9284 9299/9299
f 9285/9285 9299/9299 9284/9284
f 9298/9298 9299/9299 9300/9300
f 9301/9301 9300/9300 9299/9299
f 9298/9298 9300/9300 9297/9297
f 9293/9293 9297/9297 9300/9300
f 9298/9298 9297/9297 9284/9284
f 9274/9274 9284/9284 9297/9297
f 9303/9303 9302/9302 9304/9304
f 9305/9305 9304/9304 9302/9302
f 9303/9303 9304/9304 9292/9292
f 9294/9294 9292/9292 9304/9304
f 9303/9303 9292/9292 9300/9300
f 9293/9293 9300/9300 9292/9292
f 9303/9303 9300/9300 9302/9302
f 9301/9301 9302/9302 9300/9300
f 9307/9307 9306/9306 9308/9308
f 9309/9309 9308/9308 9306/9306
f 9307/9307 9308/9308 9310/9310
f 9311/9311 9310/9310 9308/9308
f 9307/9307 9310/9310 9312/9312
f 9313/9313 9312/9312 9310/9310
f 9307/9307 9312/9312 9306/9306
f 9314/9314 9306/9306 9312/9312
f 9316/9316 9315/9315 9286/9286
f 9289/9289 9286/9286 9315/9315
f 9316/9316 9286/9286 9317/9317
f 9294/9294 9317/9317 9286/9286
f 9316/9316 9317/9317 9310/9310
f 9313/9313 9310/9310 9317/9317
f 9316/9316 9310/9310 9315/9315
f 9311/9311 9315/9315 9310/9310
f 9318/9318 9304/9304 9319/9319
f 9305/9305 9319/9319 9304/9304
f 9318/9318 9319/9319 9320/9320
f 9321/9321 9320/9320 9319/9319
f 9318/9318 9320/9320 9317/9317
f 9313/9313 9317/9317 9320/9320
f 9318/9318 9317/9317 9304/9304
f 9294/9294 9304/9304 9317/9317
f 9323/9323 9322/9322 9324/9324
f 9325/9325 9324/9324 9322/9322
f 9323/9323 9324/9324 9312/9312
f 9314/9314 9312/9312 9324/9324
f 9323/9323 9312/9312 9320/9320
f 9313/9313 9320/9320 9312/9312
f 9323/9323 9320/9320 9322/9322
f 9321/9321 9322/9322 9320/9320
f 9326/9326 9324/9324 9327/9327
f 9325/9325 9327/9327 9324/9324
f 9326/9326 9327/9327 9328/9328
f 9329/9329 9328/9328 9327/9327
f 9326/9326 9328/9328 9330/9330
f 9331/9331 9330/9330 9328/9328
f 9326/9326 9330/9330 9324/9324
f 9314/9314 9324/9324 9330/9330
f 9333/9333 9332/9332 9334/9334
f 9335/9335 9334/9334 9332/9332
f 9333/9333 9334/9334 9336/9336
f 9337/9337 9336/9336 9334/9334
f 9333/9333 9336/9336 9328/9328
f 9331/9331 9328/9328 9336/9336
f 9333/9333 9328/9328 9332/9332
f 9329/9329 9332/9332 9328/9328
f 9339/9339 9338/9338 9340/9340
f 9341/9341 9340/9340 9338/9338
f 9339/9339 9340/9340 9342/9342
f 9343/9343 9342/9342 9340/9340
f 9339/9339 9342/9342 9336/9336
f 9331/9331 9336/9336 9342/9342
f 9339/9339 9336/9336 9338/9338
f 9337/9337 9338/9338 9336/9336
f 9345/9345 9344/9344 9306/9306
f 9309/9309 9306/9306 9344/9344
f 9345/9345 9306/9306 9330/9330
f 9314/9314 9330/9330 9306/9306
f 9345/9345 9330/9330 9342/9342
f 9331/9331 9342/9342 9330/9330
f 9345/9345 9342/9342 9344/9344
f 9343/9343 9344/9344 9342/9342
f 9347/9347 9346/9346 9348/9348
f 9349/9349 9348/9348 9346/9346
f 9347/9347 9348/9348 9350/9350
f 9351/9351 9350/9350 9348/9348
f 9347/9347 9350/9350 9352/9352
f 9353/9353 9352/9352 9350/9350
f 9347/9347 9352/9352 9346/9346
f 9354/9354 9346/9346 9352/9352
f 9356/9356 9355/9355 9357/9357
f 9358/9358 9357/9357 9355/9355
f 9356/9356 9357/9357 9359/9359
f 9360/9360 9359/9359 9357/9357
f 9356/9356 9359/9359 9350/9350
f 9353/9353 9350/9350 9359/9359
f 9356/9356 9350/9350 9355/9355
f 9351/9351 9355/9355 9350/9350
f 9362/9362 9361/9361 9363/9363
f 9364/9364 9363/9363 9361/9361
f 9362/9362 9363/9363 9365/9365
f 9366/9366 9365/9365 9363/9363
f 9362/9362 9365/9365 9359/9359
f 9353/9353 9359/9359 9365/9365
f 9362/9362 9359/9359 9361/9361
f 9360/9360 9361/9361 9359/9359
f 9368/9368 9367/9367 9369/9369
f 9370/9370 9369/9369 9367/9367
f 9368/9368 9369/9369 9352/9352
f 9354/9354 9352/9352 9369/9369
f 9368/9368 9352/9352 9365/9365
f 9353/9353 9365/9365 9352/9352
f 9368/9368 9365/9365 9367/9367
f 9366/9366 9367/9367 9365/9365
f 9372/9372 9371/9371 9373/9373
f 9374/9374 9373/9373 9371/9371
f 9372/9372 9373/9373 9375/9375
f 9376/9376 9375/9375 9373/9373
f 9372/9372 9375/9375 9377/9377
f 9378/9378 9377/9377 9375/9375
f 9372/9372 9377/9377 9371/9371
f 9379/9379 9371/9371 9377/9377
f 9381/9381 9380/9380 9346/9346
f 9349/9349 9346/9346 9380/9380
f 9381/9381 9346/9346 9382/9382
f 9354/9354 9382/9382 9346/9346
f 9381/9381 9382/9382 9375/9375
f 9378/9378 9375/9375 9382/9382
f 9381/9381 9375/9375 9380/9380
f 9376/9376 9380/9380 9375/9375
f 9383/9383 9369/9369 9384/9384
f 9370/9370 9384/9384 9369/9369
f 9383/9383 9384/9384 9385/9385
f 9386/9386 9385/9385 9384/9384
f 9383/9383 9385/9385 9382/9382
f 9378/9378 9382/9382 9385/9385
f 9383/9383 9382/9382 9369/9369
f 9354/9354 9369/9369 9382/9382
f 9388/9388 9387/9387 9389/9389
f 9390/9390 9389/9389 9387/9387
f 9388/9388 9389/9389 9377/9377
f 9379/9379 9377/9377 9389/9389
f 9388/9388 9377/9377 9385/9385
f 9378/9378 9385/9385 9377/9377
f 9388/9388 9385/9385 9387/9387
f 9386/9386 9387/9387 9385/9385
f 9392/9392 9391/9391 9393/9393
f 9394/9394 9393/9393 9391/9391
f 9392/9392 9393/9393 9395/9395
f 9396/9396 9395/9395 9393/9393
f 9392/9392 9395/9395 9397/9397
f 9398/9398 9397/9397 9395/9395
f 9392/9392 9397/9397 9391/9391
f 9399/9399 9391/9391 9397/9397
f 9401/9401 9400/9400 9371/9371
f 9374/9374 9371/9371 9400/9400
f 9401/9401 9371/9371 9402/9402
f 9379/9379 9402/9402 9371/9371
f 9401/9401 9402/9402 9395/9395
f 9398/9398 9395/9395 9402/9402
f 9401/9401 9395/9395 9400/9400
f 9396/9396 9400/9400 9395/9395
f 9403/9403 9389/9389 9404/9404
f 9390/9390 9404/9404 9389/9389
f 9403/9403 9404/9404 9405/9405
f 9406/9406 9405/9405 9404/9404
f 9403/9403 9405/9405 9402/9402
f 9398/9398 9402/9402 9405/9405
f 9403/9403 9402/9402 9389/9389
f 9379/9379 9389/9389 9402/9402
f 9408/9408 9407/9407 9409/9409
f 9410/9410 9409/9409 9407/9407
f 9408/9408 9409/9409 9397/9397
f 9399/9399 9397/9397 9409/9409
f 9408/9408 9397/9397 9405/9405
f 9398/9398 9405/9405 9397/9397
f 9408/9408 9405/9405 9407/9407
f 9406/9406 9407/9407 9405/9405
f 9412/9412 9411/9411 9413/9413
f 9414/9414 9413/9413 9411/9411
f 9412/9412 9413/9413 9415/9415
f 9416/9416 9415/9415 9413/9413
f 9412/9412 9415/9415 9417/9417
f 9418/9418 9417/9417 9415/9415
f 9412/9412 9417/9417 9411/9411
f 9419/9419 9411/9411 9417/9417
f 9421/9421 9420/9420 9391/9391
f 9394/9394 9391/9391 9420/9420
f 9421/9421 9391/9391 9422/9422
f 9399/9399 9422/9422 9391/9391
f 9421/9421 9422/9422 9415/9415
f 9418/9418 9415/9415 9422/9422
f 9421/9421 9415/9415 9420/9420
f 9416/9416 9420/9420 9415/9415
f 9423/9423 9409/9409 9424/9424
f 9410/9410 9424/9424 9409/9409
f 9423/9423 9424/9424 9425/9425
f 9426/9426 9425/9425 9424/9424
f 9423/9423 9425/9425 9422/9422
f 9418/9418 9422/9422 9425/9425
f 9423/9423 9422/9422 9409/9409
f 9399/9399 9409/9409 9422/9422
f 9428/9428 9427/9427 9429/9429
f 9430/9430 9429/9429 9427/9427
f 9428/9428 9429/9429 9417/9417
f 9419/9419 9417/9417 9429/9429
f 9428/9428 9417/9417 9425/9425
f 9418/9418 9425/9425 9417/9417
f 9428/9428 9425/9425 9427/9427
f 9426/9426 9427/9427 9425/9425
f 9431/9431 9429/9429 9432/9432
f 9430/9430 9432/9432 9429/9429
f 9431/9431 9432/9432 9433/9433
f 9434/9434 9433/9433 9432/9432
f 9431/9431 9433/9433 9435/9435
f 9436/9436 9435/9435 9433/9433
f 9431/9431 9435/9435 9429/9429
f 9419/9419 9429/9429 9435/9435
f 9438/9438 9437/9437 9439/9439
f 9440/9440 9439/9439 9437/9437
f 9438/9438 9439/9439 9441/9441
f 9442/9442 9441/9441 9439/9439
f 9438/9438 9441/9441 9433/9433
f 9436/9436 9433/9433 9441/9441
f 9438/9438 9433/9433 9437/9437
f 9434/9434 9437/9437 9433/9433
f 9444/9444 9443/9443 9445/9445
f 9446/9446 9445/9445 9443/9443
f 9444/9444 9445/9445 9447/9447
f 9448/9448 9447/9447 9445/9445
f 9444/9444 9447/9447 9441/9441
f 9436/9436 9441/9441 9447/9447
f 9444/9444 9441/9441 9443/9443
f 9442/9442 9443/9443 9441/9441
f 9450/9450 9449/9449 9411/9411
f 9414/9414 9411/9411 9449/9449
f 9450/9450 9411/9411 9435/9435
f 9419/9419 9435/9435 9411/9411
f 9450/9450 9435/9435 9447/9447
f 9436/9436 9447/9447 9435/9435
f 9450/9450 9447/9447 9449/9449
f 9448/9448 9449/9449 9447/9447

